"MLBId","SB","CS","X1B","BB","HBP","AB","HR","K","R","H","GDP","X3B","X2B"
112526,0,0,1,0,0,30,1,21,2,3,0,0,1
120074,2,0,40,46,1,289,21,42,41,96,12,1,34
121347,3,0,27,9,1,186,8,56,18,41,4,0,6
124604,0,0,0,0,0,0,0,0,0,0,0,0,0
134181,0,0,61,21,5,314,12,39,46,88,7,0,15
136860,0,0,50,17,2,293,19,59,45,87,10,0,18
150029,2,1,45,40,1,288,10,76,45,72,8,0,17
150229,1,0,27,4,2,172,0,22,10,34,8,0,7
150274,0,0,0,0,0,0,0,0,0,0,0,0,0
207267,0,0,0,0,0,0,0,0,0,0,0,0,0
234194,0,0,0,0,0,0,0,0,0,0,0,0,0
276351,0,0,0,0,0,0,0,0,0,0,0,0,0
276519,5,2,22,16,0,149,2,33,25,33,2,1,8
276520,0,0,0,0,0,0,0,0,0,0,0,0,0
276542,0,0,0,0,0,0,0,0,0,0,0,0,0
279571,0,0,0,0,0,1,0,1,0,0,0,0,0
279827,0,0,0,0,0,0,0,0,0,0,0,0,0
282332,0,0,0,0,0,0,0,0,0,0,0,0,0
285064,0,0,0,0,1,1,0,1,0,0,0,0,0
285078,0,0,0,0,0,0,0,0,0,0,0,0,0
285079,0,0,0,0,0,1,0,1,0,0,0,0,0
329092,0,0,0,0,0,0,0,0,0,0,0,0,0
346798,0,0,0,0,0,0,0,0,0,0,0,0,0
346847,0,0,0,0,0,0,0,0,0,0,0,0,0
346874,0,0,30,15,2,211,7,42,18,46,6,0,9
400085,7,2,47,21,0,164,0,15,25,55,2,1,7
400089,0,0,0,0,0,0,0,0,0,0,0,0,0
400121,0,0,64,21,2,307,17,47,38,95,9,0,14
400284,1,2,55,29,8,289,5,61,43,76,0,2,14
405395,4,0,57,37,1,331,15,42,34,83,13,0,11
407781,0,0,20,11,0,115,5,38,11,31,1,0,6
407793,0,0,4,2,0,40,0,21,1,4,0,0,0
407812,0,0,40,28,5,294,15,55,36,71,8,1,15
407819,0,0,0,0,0,0,0,0,0,0,0,0,0
407822,0,0,3,1,0,18,0,7,3,3,0,0,0
407845,0,0,0,0,0,0,0,0,0,0,0,0,0
407890,0,0,0,0,0,0,0,0,0,0,0,0,0
407893,1,0,27,23,1,213,7,63,21,40,2,0,6
407908,0,0,0,0,0,2,0,1,0,0,0,0,0
408045,1,0,64,49,1,305,7,59,40,82,4,2,9
408047,0,0,0,0,0,0,0,0,0,0,0,0,0
408061,0,0,0,0,0,0,0,0,0,0,0,0,0
408234,0,0,62,41,2,332,18,63,49,97,12,1,16
408236,0,0,67,40,2,309,6,64,32,89,12,0,16
408241,0,0,5,1,0,25,0,10,2,5,0,0,0
408252,5,6,60,13,6,316,6,44,39,82,10,1,15
408299,0,0,22,9,0,134,0,23,16,32,0,1,9
408307,0,1,12,4,1,81,0,11,8,15,3,1,2
408314,0,1,1,1,0,20,1,3,3,4,0,0,2
424144,0,0,1,0,0,3,0,0,1,2,0,0,1
424325,0,1,15,21,0,107,6,31,16,25,1,0,4
424825,5,4,38,25,0,272,7,42,38,67,4,3,19
425386,0,0,0,0,0,0,0,0,0,0,0,0,0
425426,0,0,0,0,0,0,0,0,0,0,0,0,0
425492,0,0,0,0,0,1,0,1,0,0,0,0,0
425509,0,0,12,5,0,99,4,20,10,23,0,0,7
425532,0,0,0,0,0,0,0,0,0,0,0,0,0
425549,0,0,0,0,0,0,0,0,0,0,0,0,0
425565,0,0,0,0,0,0,0,0,0,0,0,0,0
425626,0,0,0,1,0,0,0,0,0,0,0,0,0
425657,0,0,0,0,0,1,0,1,0,0,0,0,0
425664,0,0,0,0,0,0,0,0,0,0,0,0,0
425766,0,0,25,10,2,137,4,19,13,38,5,1,8
425772,0,0,10,3,0,69,1,18,6,13,0,0,2
425773,0,0,0,0,0,0,0,0,0,0,0,0,0
425783,4,2,19,15,4,115,7,28,21,31,1,0,5
425784,0,0,10,7,2,75,3,25,5,14,1,0,1
425794,0,0,0,0,0,33,1,8,3,6,1,1,4
425796,1,0,35,13,0,194,4,48,23,51,4,0,12
425834,20,5,57,21,2,321,16,96,45,85,3,2,10
425835,0,0,0,0,0,0,0,0,0,0,0,0,0
425840,0,0,0,0,0,0,0,0,0,0,0,0,0
425844,1,0,9,2,0,37,0,6,4,10,0,0,1
425856,0,0,0,0,0,1,0,0,0,0,0,0,0
425877,2,1,56,27,2,290,2,38,30,75,14,1,16
425900,1,2,21,14,1,175,5,39,19,37,3,2,9
425902,0,0,44,32,6,311,8,59,28,68,12,0,16
429400,0,0,0,0,0,0,0,0,0,0,0,0,0
429664,0,1,68,28,4,359,20,56,62,112,7,1,23
429665,2,0,44,45,4,333,23,76,57,89,12,0,22
429666,0,0,24,7,0,153,2,24,16,39,6,0,13
429667,0,0,15,16,0,200,12,70,17,31,4,0,4
429711,0,0,20,14,2,145,9,49,22,35,3,0,6
429719,0,0,0,0,0,0,0,0,0,0,0,0,0
429722,0,0,0,0,0,0,0,0,0,0,0,0,0
429780,0,0,0,0,0,3,0,2,0,0,0,0,0
430001,1,0,14,10,1,106,5,30,15,26,4,0,7
430580,0,0,1,1,1,14,0,7,0,1,1,0,0
430589,0,0,0,0,0,0,0,0,0,0,0,0,0
430599,0,0,0,0,0,0,0,0,0,0,0,0,0
430603,0,0,1,0,0,7,0,0,0,1,2,0,0
430605,0,0,18,14,2,143,7,49,18,33,5,2,6
430634,0,0,0,0,0,0,0,0,0,0,0,0,0
430637,2,0,28,16,1,172,4,36,14,42,5,0,10
430641,0,0,0,0,0,0,0,0,0,0,0,0,0
430652,0,0,0,0,0,0,0,0,0,0,0,0,0
430661,0,0,0,0,0,1,0,1,0,0,0,0,0
430673,0,0,0,0,0,0,0,0,0,0,0,0,0
430832,1,1,26,48,1,235,12,49,41,54,12,1,15
430895,0,0,0,0,0,0,0,0,0,0,0,0,0
430897,0,0,0,0,0,0,0,0,0,0,0,0,0
430910,0,0,1,1,0,8,0,2,0,1,0,0,0
430911,0,0,0,0,0,0,0,0,0,0,0,0,0
430912,0,0,0,0,0,18,0,11,0,1,0,0,1
430935,0,0,0,0,0,3,0,1,0,0,0,0,0
430945,1,0,58,22,1,335,17,65,56,88,9,0,13
430947,2,4,39,12,6,233,1,51,18,50,8,0,10
431094,4,2,56,30,2,262,8,44,34,75,5,0,11
431145,1,1,42,27,6,246,7,84,29,56,7,0,7
431148,0,0,3,1,0,29,0,16,3,3,1,0,0
431151,3,2,16,26,0,137,7,55,18,31,0,0,8
431162,0,0,0,0,0,0,0,0,0,0,0,0,0
431171,0,0,0,0,0,1,0,0,0,0,0,0,0
432934,0,0,0,0,0,1,0,0,0,0,0,0,0
433217,1,3,19,7,4,134,3,26,20,35,4,1,12
433579,0,0,0,0,0,0,0,0,0,0,0,0,0
433584,0,0,0,0,0,0,0,0,0,0,0,0,0
433586,0,0,0,0,0,0,0,0,0,0,0,0,0
433587,0,0,0,0,0,2,0,0,0,0,0,0,0
433589,0,0,1,0,0,5,0,1,0,1,0,0,0
434137,0,0,0,0,0,0,0,0,0,0,0,0,0
434158,2,2,40,39,7,307,15,78,42,74,6,4,15
434378,0,0,1,0,0,3,0,1,1,1,0,0,0
434442,0,0,0,0,0,1,0,1,0,0,0,0,0
434538,0,0,9,0,0,33,0,12,1,10,0,0,1
434563,1,1,21,16,3,118,3,20,14,27,2,0,3
434567,0,0,11,5,0,60,3,15,9,17,1,0,3
434604,0,0,0,0,0,8,0,2,0,0,0,0,0
434622,0,0,0,0,0,2,0,1,0,0,0,0,0
434628,0,0,8,0,0,40,0,17,5,10,0,0,2
434636,8,1,43,15,0,212,4,32,35,61,4,2,12
434643,0,0,0,0,0,0,0,0,0,0,0,0,0
434658,23,3,46,21,4,271,9,67,45,72,4,2,15
434665,0,0,0,0,0,0,0,0,0,0,0,0,0
434670,7,1,60,34,6,306,8,66,47,88,8,1,19
434671,0,0,0,0,0,6,0,3,0,0,0,0,0
434672,0,0,0,0,0,0,0,0,0,0,0,0,0
434718,0,0,0,0,0,0,0,0,0,0,0,0,0
434778,0,0,48,24,4,292,15,63,34,76,12,0,13
435041,0,0,0,0,0,0,0,0,0,0,0,0,0
435043,0,0,0,0,0,0,0,0,0,0,0,0,0
435062,7,1,44,21,1,252,4,47,33,61,11,1,12
435063,3,0,42,34,1,310,18,118,52,75,9,1,14
435064,0,0,23,6,0,121,3,33,11,28,2,0,2
435079,9,3,67,26,7,352,16,70,70,102,3,2,17
435180,0,0,0,0,0,0,0,0,0,0,0,0,0
435220,0,0,0,0,0,0,0,0,0,0,0,0,0
435221,0,0,0,1,0,3,0,1,0,0,0,0,0
435263,0,0,36,32,4,238,14,54,35,59,9,0,9
435400,0,0,0,0,0,0,0,0,0,0,0,0,0
435459,0,0,0,0,0,0,0,0,0,0,0,0,0
435522,2,1,53,29,1,288,15,65,36,74,8,0,6
435559,0,0,38,9,3,192,5,31,18,55,5,1,11
435622,15,3,74,28,3,348,15,94,65,112,4,2,21
435625,0,0,0,0,0,0,0,0,0,0,0,0,0
443558,0,0,51,37,7,325,23,92,54,91,11,0,17
444379,0,2,49,27,4,253,4,41,29,69,7,2,14
444432,1,0,54,24,2,345,28,99,54,99,8,1,16
444436,0,0,0,0,0,0,0,0,0,0,0,0,0
444468,0,0,0,0,0,1,0,1,0,0,0,0,0
444482,2,0,23,8,3,147,4,38,21,38,3,4,7
444489,0,0,0,0,0,0,0,0,0,0,0,0,0
444520,0,0,0,0,0,0,0,0,0,0,0,0,0
444836,0,0,0,0,0,0,0,0,0,0,0,0,0
444843,0,0,0,0,0,0,0,0,0,0,0,0,0
444857,0,0,0,0,0,2,0,2,0,0,0,0,0
444875,0,0,0,0,0,0,0,0,0,0,0,0,0
444876,12,4,78,13,1,366,1,52,29,96,8,3,14
445055,2,0,54,16,4,270,2,62,35,80,3,0,24
445060,0,0,0,1,0,2,0,1,0,0,0,0,0
445163,0,0,0,0,0,0,0,0,0,0,0,0,0
445170,0,0,0,0,0,0,0,0,0,0,0,0,0
445197,0,0,0,0,0,0,0,0,0,0,0,0,0
445213,0,0,0,0,0,0,0,0,0,0,0,0,0
445216,0,0,0,0,0,0,0,0,0,0,0,0,0
445276,0,0,0,0,0,0,0,0,0,0,0,0,0
445612,0,0,0,0,0,0,0,0,0,0,0,0,0
445926,0,0,0,0,0,0,0,0,0,0,0,0,0
445968,0,0,0,0,0,0,0,0,0,0,0,0,0
445988,0,1,82,22,1,325,2,39,36,105,12,2,19
446044,0,0,0,0,0,0,0,0,0,0,0,0,0
446099,0,0,0,0,0,0,0,0,0,0,0,0,0
446192,0,0,0,0,0,0,0,0,0,0,0,0,0
446225,0,0,0,0,0,0,0,0,0,0,0,0,0
446263,0,0,18,11,2,130,7,29,16,30,1,0,5
446308,1,0,40,18,0,221,9,52,24,58,6,0,9
446321,0,0,0,0,0,0,0,0,0,0,0,0,0
446334,0,2,56,25,1,338,19,81,47,98,4,0,23
446359,2,1,41,22,2,303,14,48,49,78,6,1,22
446372,0,0,0,0,0,4,0,3,1,1,0,0,1
446381,2,2,43,13,1,182,3,27,21,54,7,1,7
446386,1,1,26,9,18,178,7,38,25,45,2,0,12
446395,0,0,0,0,0,0,0,0,0,0,0,0,0
446399,0,0,0,0,0,0,0,0,0,0,0,0,0
446481,2,0,20,17,3,161,9,57,31,42,2,1,12
446488,0,0,0,0,0,0,0,0,0,0,0,0,0
446653,0,0,9,9,1,68,2,15,6,13,3,1,1
446899,0,0,0,0,0,0,0,0,0,0,0,0,0
447714,0,0,0,0,0,0,0,0,0,0,0,0,0
447755,0,0,0,0,0,0,0,0,0,0,0,0,0
448159,0,0,0,0,0,0,0,0,0,0,0,0,0
448170,0,0,0,0,0,0,0,0,0,0,0,0,0
448178,0,0,0,0,0,0,0,0,0,0,0,0,0
448179,0,0,0,0,0,0,0,0,0,0,0,0,0
448281,0,0,0,0,0,0,0,0,0,0,0,0,0
448296,0,0,0,0,0,0,0,0,0,0,0,0,0
448306,0,0,3,0,0,17,0,11,1,3,0,0,0
448602,0,1,49,27,1,272,9,76,45,78,4,0,20
448605,0,0,0,0,0,4,0,1,0,1,0,0,1
448609,0,0,0,0,0,0,0,0,0,0,0,0,0
448614,0,0,0,0,0,0,0,0,0,0,0,0,0
448801,0,0,37,49,5,313,21,121,63,74,1,0,16
448802,0,0,5,0,0,25,0,11,3,5,0,0,0
448855,0,0,4,0,0,21,0,9,1,4,0,0,0
449079,0,0,0,0,0,0,0,0,0,0,0,0,0
449097,0,0,0,0,0,0,0,0,0,0,0,0,0
449104,0,0,0,0,0,0,0,0,0,0,0,0,0
449107,2,2,20,6,2,111,1,21,13,23,3,0,2
449168,0,0,0,0,0,3,0,1,0,0,0,0,0
449173,0,0,0,0,0,5,0,2,0,0,0,0,0
449181,5,1,53,5,3,204,1,45,16,67,3,3,10
449786,0,0,0,0,0,0,0,0,0,0,0,0,0
450172,0,0,0,0,0,3,0,1,0,0,0,0,0
450203,0,0,1,0,0,6,0,3,1,1,1,0,0
450212,0,0,0,0,0,0,0,0,0,0,0,0,0
450275,0,0,0,0,0,0,0,0,0,0,0,0,0
450282,0,0,0,0,0,0,0,0,0,0,0,0,0
450306,0,0,0,0,0,0,0,0,0,0,0,0,0
450308,0,0,0,0,0,7,0,3,0,0,0,0,0
450314,4,2,55,52,2,299,13,47,58,85,12,0,17
450315,0,0,0,0,0,0,0,0,0,0,0,0,0
450317,0,0,0,0,0,0,0,0,0,0,0,0,0
450351,0,0,0,0,0,0,0,0,0,0,0,0,0
450641,0,0,0,0,0,0,0,0,0,0,0,0,0
450665,0,0,0,0,0,0,0,0,0,0,0,0,0
450729,0,0,1,0,0,3,0,0,0,1,0,0,0
451085,0,0,0,0,0,0,0,0,0,0,0,0,0
451089,0,0,0,0,0,0,0,0,0,0,0,0,0
451109,0,0,0,0,0,0,0,0,0,0,0,0,0
451584,0,0,0,0,0,0,0,0,0,0,0,0,0
451594,6,3,40,35,9,238,7,61,41,69,2,3,19
451596,0,0,2,1,0,3,0,0,1,2,0,0,0
451661,0,0,0,0,0,0,0,0,0,0,0,0,0
451705,0,0,1,0,0,1,0,0,0,1,0,0,0
451713,0,0,0,0,0,0,0,0,0,0,0,0,0
451775,0,0,0,0,0,0,0,0,0,0,0,0,0
451783,0,0,0,0,0,0,0,0,0,0,0,0,0
452035,0,0,0,0,0,0,0,0,0,0,0,0,0
452061,0,0,0,0,0,0,0,0,0,0,0,0,0
452095,0,0,28,17,7,174,7,62,14,44,2,0,9
452096,0,0,0,0,0,0,0,0,0,0,0,0,0
452104,4,1,50,29,2,262,7,67,31,67,3,1,9
452220,0,0,10,9,1,90,7,22,12,22,0,0,5
452234,0,0,44,29,5,226,11,50,38,62,5,0,7
452239,0,0,0,0,0,0,0,0,0,0,0,0,0
452252,0,1,32,10,0,228,12,54,26,53,5,0,9
452254,0,0,35,23,1,181,7,39,27,54,5,1,11
452655,8,5,58,35,3,313,4,49,38,77,6,3,12
452657,0,0,1,1,0,36,0,12,1,3,3,0,2
452666,0,0,0,0,0,0,0,0,0,0,0,0,0
452672,0,0,11,5,1,74,0,17,8,14,3,0,3
452678,1,1,54,21,6,313,12,66,37,82,9,0,16
452718,0,0,0,0,0,0,0,0,0,0,0,0,0
452722,0,0,0,0,0,0,0,0,0,0,0,0,0
452733,0,0,0,0,0,0,0,0,0,0,0,0,0
453056,16,7,59,27,2,289,3,41,35,80,5,5,13
453064,1,0,34,26,3,242,15,63,27,57,5,0,8
453172,0,0,0,0,0,1,0,1,0,0,0,0,0
453178,0,0,0,0,0,3,0,2,0,0,0,0,0
453192,0,0,0,0,0,0,0,0,0,0,0,0,0
453203,2,1,12,10,1,66,1,15,14,14,1,0,1
453211,7,0,11,7,0,53,2,25,10,13,1,0,0
453214,0,0,0,0,0,0,0,0,0,0,0,0,0
453222,0,0,0,0,0,0,0,0,0,0,0,0,0
453249,0,0,0,0,0,0,0,0,0,0,0,0,0
453256,0,0,0,0,0,0,0,0,0,0,0,0,0
453265,0,0,0,0,0,0,0,0,0,0,0,0,0
453268,0,0,0,0,0,0,0,0,0,0,0,0,0
453269,0,0,0,0,0,0,0,0,0,0,0,0,0
453281,0,0,0,0,0,0,0,0,0,0,0,0,0
453284,0,0,0,0,0,0,0,0,0,0,0,0,0
453286,0,0,4,1,0,40,0,17,1,5,0,0,1
453307,0,0,0,0,0,0,0,0,0,0,0,0,0
453311,0,0,0,0,0,0,0,0,0,0,0,0,0
453329,0,0,0,0,0,0,0,0,0,0,0,0,0
453343,0,0,0,0,0,0,0,0,0,0,0,0,0
453344,0,0,0,0,0,0,0,0,0,0,0,0,0
453385,0,0,0,0,0,1,0,0,0,0,0,0,0
453400,0,0,28,9,0,145,3,46,12,35,5,0,4
453539,0,0,0,0,0,0,0,0,0,0,0,0,0
453562,0,0,8,4,0,39,2,17,5,11,1,0,1
453568,9,4,62,25,6,296,12,49,51,91,2,2,15
453646,0,0,0,0,0,1,0,1,0,0,0,0,0
453895,0,0,1,0,0,13,0,7,1,1,0,0,0
453923,3,3,33,21,1,184,1,32,27,46,4,4,8
453943,6,2,34,40,4,316,25,84,51,68,4,0,9
454560,0,1,17,16,1,113,1,15,8,22,5,0,4
455009,0,0,0,0,0,0,0,0,0,0,0,0,0
455104,0,0,33,28,2,225,7,57,19,50,3,0,10
455117,0,0,6,13,1,66,3,17,6,10,1,0,1
455139,0,0,6,6,2,72,6,25,9,15,2,0,3
455369,0,0,12,0,1,44,0,6,5,16,1,1,3
455374,0,0,0,0,0,0,0,0,0,0,0,0,0
455378,0,0,0,0,0,0,0,0,0,0,0,0,0
455755,0,0,13,11,3,91,1,13,10,18,2,0,4
455759,2,0,18,11,1,130,6,33,16,36,3,0,12
455976,0,0,58,38,2,332,5,57,36,85,9,0,22
456027,0,0,0,0,0,0,0,0,0,0,0,0,0
456030,5,1,76,35,0,345,8,45,54,105,16,1,20
456034,0,0,0,1,0,5,0,4,0,0,0,0,0
456068,0,0,0,0,0,1,0,1,0,0,0,0,0
456071,0,0,0,0,0,0,0,0,0,0,0,0,0
456078,2,0,43,15,1,240,10,66,24,65,4,0,12
456121,0,0,0,0,0,0,0,0,0,0,0,0,0
456124,0,0,4,1,0,79,1,31,3,7,3,0,2
456167,0,0,0,0,0,0,0,0,0,0,0,0,0
456379,0,0,0,0,0,0,0,0,0,0,0,0,0
456422,7,3,31,12,0,164,2,44,20,43,3,2,8
456488,22,5,73,12,3,315,12,41,46,101,5,1,15
456501,0,0,3,2,0,43,0,15,1,3,1,0,0
456665,0,2,37,20,1,174,9,32,23,56,1,1,9
456696,0,0,0,0,0,0,0,0,0,0,0,0,0
456701,0,0,0,0,0,0,0,0,0,0,0,0,0
456713,0,0,0,0,0,0,0,0,0,0,0,0,0
456714,0,0,22,10,0,146,2,24,15,37,8,0,13
456715,6,4,63,19,1,286,8,64,39,83,11,0,12
456776,0,0,0,0,0,0,0,0,0,0,0,0,0
456781,0,0,0,0,0,0,0,0,0,0,0,0,0
457117,0,0,0,0,0,0,0,0,0,0,0,0,0
457429,0,0,0,0,0,0,0,0,0,0,0,0,0
457435,0,0,0,0,0,0,0,0,0,0,0,0,0
457448,0,0,0,0,0,0,0,0,0,0,0,0,0
457454,0,0,14,25,0,138,8,60,21,28,0,1,5
457456,0,0,0,0,0,0,0,0,0,0,0,0,0
457477,2,1,13,8,1,105,2,36,7,19,3,0,4
457566,0,0,0,0,0,0,0,0,0,0,0,0,0
457574,0,0,4,0,0,51,0,14,1,8,1,0,4
457705,2,5,52,33,3,333,13,90,49,82,4,1,16
457706,2,1,32,17,1,181,0,39,24,46,3,2,12
457708,5,1,47,25,1,324,9,111,40,76,7,1,19
457711,0,0,0,0,0,0,0,0,0,0,0,0,0
457727,9,4,51,18,0,176,2,30,32,59,3,1,5
457732,0,0,0,0,0,0,0,0,0,0,0,0,0
457754,0,0,0,0,0,0,0,0,0,0,0,0,0
457759,1,1,47,29,8,297,13,52,38,77,10,1,16
457762,0,0,0,0,0,0,0,0,0,0,0,0,0
457763,5,0,51,33,2,287,11,38,51,82,10,1,19
457768,0,0,0,0,0,1,0,1,0,0,0,0,0
457775,2,0,25,21,2,193,7,55,22,39,4,1,6
457779,0,0,0,0,0,0,0,0,0,0,0,0,0
457787,4,0,40,29,13,280,18,81,41,66,1,0,8
457789,1,0,5,3,1,50,0,14,5,7,1,1,1
457803,3,1,39,21,2,314,18,69,47,83,8,6,20
457915,0,0,0,0,0,0,0,0,0,0,0,0,0
457918,0,0,2,0,0,7,0,3,2,2,0,0,0
457926,0,0,5,3,1,31,0,3,3,6,0,0,1
458006,0,0,0,0,0,1,0,0,1,1,0,0,1
458015,6,1,45,59,5,291,14,86,48,74,8,0,15
458085,1,1,17,21,2,194,5,62,23,30,4,1,7
458239,0,0,0,0,0,0,0,0,0,0,0,0,0
458252,0,0,0,0,0,0,0,0,0,0,0,0,0
458530,0,0,0,0,0,0,0,0,0,0,0,0,0
458537,0,0,0,0,0,0,0,0,0,0,0,0,0
458550,0,0,0,0,0,0,0,0,0,0,0,0,0
458582,0,0,4,0,0,29,0,8,3,6,0,0,2
458584,0,0,0,0,0,0,0,0,0,0,0,0,0
458675,4,1,46,34,0,274,11,91,29,67,5,0,10
458677,0,0,0,0,0,0,0,0,0,0,0,0,0
458678,0,0,0,0,0,0,0,0,0,0,0,0,0
458681,0,0,0,0,0,0,0,0,0,0,0,0,0
458689,0,0,0,0,0,0,0,0,0,0,0,0,0
458691,0,0,0,0,0,0,0,0,0,0,0,0,0
458708,0,0,1,0,0,3,0,1,1,2,0,0,1
458709,0,0,0,0,0,0,0,0,0,0,0,0,0
458720,0,0,0,0,0,0,0,0,0,0,0,0,0
458730,0,0,0,0,0,0,0,0,0,0,0,0,0
458731,12,2,58,38,5,292,5,60,49,76,1,1,12
458913,0,0,0,0,0,0,0,0,0,0,0,0,0
458919,0,0,0,0,0,0,0,0,0,0,0,0,0
458924,0,0,0,0,0,0,0,0,0,0,0,0,0
458950,0,0,0,0,0,0,0,0,0,0,0,0,0
459429,0,0,0,0,0,0,0,0,0,0,0,0,0
459431,0,2,47,32,5,300,16,91,49,90,7,2,25
459439,0,0,0,0,0,0,0,0,0,0,0,0,0
459964,1,1,21,26,1,128,8,40,26,38,3,1,8
459987,0,0,0,0,0,0,0,0,0,0,0,0,0
460008,0,0,0,0,0,0,0,0,0,0,0,0,0
460024,0,0,0,0,0,0,0,0,0,0,0,0,0
460026,0,0,17,20,1,126,4,22,14,31,6,1,9
460059,0,0,0,0,0,0,0,0,0,0,0,0,0
460060,0,0,12,6,0,58,1,16,8,16,1,1,2
460069,0,0,0,0,0,0,0,0,0,0,0,0,0
460075,7,3,58,22,3,278,13,49,35,88,11,1,16
460077,0,0,7,6,0,56,2,12,10,16,1,0,7
460086,3,0,27,22,7,194,6,64,23,39,7,0,6
460092,0,0,0,0,0,0,0,0,0,0,0,0,0
460099,1,2,22,11,0,124,4,40,17,35,6,1,8
460156,0,0,0,0,0,0,0,0,0,0,0,0,0
460269,0,0,12,5,0,81,2,22,9,15,6,0,1
460283,0,0,0,0,0,1,0,0,0,0,0,0,0
460322,0,0,0,0,0,0,0,0,0,0,0,0,0
460576,8,2,33,20,2,240,4,83,21,52,8,1,14
460701,0,0,0,0,0,0,0,0,0,0,0,0,0
461235,0,0,23,24,6,219,17,75,40,55,5,2,13
461314,0,0,53,12,0,351,16,82,44,90,9,0,21
461325,0,0,0,0,0,0,0,0,0,0,0,0,0
461416,0,0,0,0,1,18,0,5,2,1,0,0,1
461791,0,0,0,0,0,0,0,0,0,0,0,0,0
461815,0,0,0,0,0,0,0,0,0,0,0,0,0
461829,0,0,2,0,1,26,0,12,0,3,0,0,1
461833,0,0,0,0,0,2,0,2,0,0,0,0,0
461858,1,0,38,8,2,218,7,42,23,55,7,1,9
461865,5,0,12,7,1,63,0,20,8,14,1,1,1
461872,0,0,0,0,0,0,0,0,0,0,0,0,0
462101,13,6,62,26,1,294,4,40,42,86,11,5,15
462110,0,0,0,0,0,0,0,0,0,0,0,0,0
462136,0,0,0,0,0,5,0,3,0,0,0,0,0
462382,0,0,0,0,0,0,0,0,0,0,0,0,0
462515,0,0,0,0,0,0,0,0,0,0,0,0,0
462945,0,0,0,0,0,0,0,0,0,0,0,0,0
462956,0,0,0,0,0,0,0,0,0,0,0,0,0
462985,0,0,0,0,0,0,0,0,0,0,0,0,0
463610,0,0,19,7,1,116,2,28,17,32,5,1,10
463748,0,0,0,0,0,0,0,0,0,0,0,0,0
465041,3,2,38,30,2,167,0,35,19,43,8,1,4
465629,0,0,0,0,0,0,0,0,0,0,0,0,0
465657,0,0,0,0,0,0,0,0,0,0,0,0,0
465668,0,0,0,0,0,0,0,0,0,0,0,0,0
465674,0,0,0,0,0,0,0,0,0,0,0,0,0
465753,0,0,0,0,0,0,0,0,0,0,0,0,0
466320,0,0,61,24,0,299,8,34,38,90,7,3,18
466480,0,0,0,0,0,0,0,0,0,0,0,0,0
466948,0,0,0,0,0,0,0,0,0,0,0,0,0
466988,0,0,4,3,0,31,0,11,4,4,0,0,0
467008,0,0,0,0,0,1,0,0,0,0,0,0,0
467055,0,0,0,1,0,6,0,4,0,0,0,0,0
467070,0,0,0,0,0,0,0,0,0,0,0,0,0
467092,0,0,58,23,1,263,13,37,39,87,10,0,16
467094,0,0,0,0,0,0,0,0,0,0,0,0,0
467100,0,0,0,0,0,4,0,3,0,0,0,0,0
467793,4,1,43,50,1,323,20,53,51,81,8,1,17
467827,6,4,37,4,0,243,5,40,32,64,10,2,20
468396,0,0,0,0,0,0,0,0,0,0,0,0,0
468504,0,0,3,0,0,10,0,1,1,3,0,0,0
471083,1,0,19,23,2,139,5,36,18,28,6,1,3
471822,0,0,0,0,0,0,0,0,0,0,0,0,0
471865,2,1,67,25,0,333,18,79,57,106,4,2,19
471906,0,0,0,0,0,0,0,0,0,0,0,0,0
471911,0,0,0,0,0,0,0,0,0,0,0,0,0
472528,0,1,39,38,1,249,12,73,35,67,5,0,16
472551,0,0,0,0,0,1,0,1,0,0,0,0,0
472610,0,0,0,0,0,0,0,0,0,0,0,0,0
473724,0,0,3,1,0,24,0,4,2,5,0,0,2
473879,0,0,0,0,0,0,0,0,0,0,0,0,0
474029,0,0,0,0,0,0,0,0,0,0,0,0,0
474039,0,0,0,0,0,0,0,0,0,0,0,0,0
474233,0,0,15,12,0,124,3,40,6,24,4,0,6
474249,0,0,0,0,0,0,0,0,0,0,0,0,0
474284,0,0,0,0,0,0,0,0,0,0,0,0,0
474319,0,0,0,1,0,25,2,8,4,5,0,1,2
474384,0,0,0,0,0,0,0,0,0,0,0,0,0
474443,3,1,17,8,0,103,1,28,10,23,1,0,5
474463,0,0,0,0,0,0,0,0,0,0,0,0,0
474494,0,0,0,0,0,0,0,0,0,0,0,0,0
474521,0,0,0,0,0,0,0,0,0,0,0,0,0
474568,1,0,60,36,4,289,6,49,39,79,6,1,12
474599,0,0,0,0,0,0,0,0,0,0,0,0,0
474668,0,0,0,0,0,0,0,0,0,0,0,0,0
474699,0,0,0,0,0,0,0,0,0,0,0,0,0
474832,0,4,49,53,2,302,10,66,45,91,4,5,27
474892,0,0,29,34,5,292,22,110,41,67,11,0,16
475054,0,0,0,0,0,0,0,0,0,0,0,0,0
475100,0,0,5,2,3,55,1,15,6,10,1,0,4
475115,0,0,0,0,0,1,0,1,0,0,0,0,0
475138,0,0,0,0,0,0,0,0,0,0,0,0,0
475174,2,1,49,23,0,263,4,40,30,67,9,0,14
475243,0,0,1,1,0,7,0,3,0,1,0,0,0
475247,1,0,20,15,0,123,3,38,15,29,1,0,6
475253,1,0,30,28,1,209,9,76,23,47,6,0,8
475479,0,0,1,0,0,2,0,1,0,1,0,0,0
475582,1,1,36,24,3,281,12,68,44,62,9,1,13
475857,0,0,0,0,0,0,0,0,0,0,0,0,0
476123,0,0,0,0,0,0,0,0,0,0,0,0,0
476192,0,0,0,0,0,0,0,0,0,0,0,0,0
476205,0,0,0,0,0,0,0,0,0,0,0,0,0
476270,0,0,0,0,0,0,0,0,0,0,0,0,0
476451,0,0,2,3,0,25,0,11,1,2,0,0,0
476454,0,0,0,0,0,0,0,0,0,0,0,0,0
476570,0,0,0,0,0,1,0,1,0,0,0,0,0
476589,0,0,0,0,0,3,0,3,0,0,0,0,0
476595,0,0,0,0,0,0,0,0,0,0,0,0,0
476633,0,0,1,0,0,8,2,3,4,4,0,0,1
476704,0,0,63,22,1,268,2,48,25,76,6,1,10
476883,1,0,22,19,0,169,9,52,18,40,2,0,9
477003,0,0,2,2,0,28,0,12,1,3,1,0,1
477132,0,0,6,1,0,42,0,11,2,7,0,0,1
477165,0,0,19,26,5,154,5,56,15,33,2,0,9
477195,0,0,3,1,0,14,0,5,2,3,1,0,0
477229,0,0,0,0,0,0,0,0,0,0,0,0,0
477569,0,0,0,0,0,0,0,0,0,0,0,0,0
485567,5,3,34,20,4,162,4,35,33,46,3,1,7
488671,0,0,20,24,1,123,3,49,13,29,3,0,6
488674,0,0,0,0,0,0,0,0,0,0,0,0,0
488681,1,2,13,3,1,83,0,23,9,20,0,1,6
488689,0,0,0,0,0,0,0,0,0,0,0,0,0
488721,4,4,42,12,1,237,4,60,28,66,4,4,16
488726,1,0,7,3,0,39,0,6,5,9,1,0,2
488748,0,0,0,0,0,0,0,0,0,0,0,0,0
488768,0,0,3,2,0,15,0,5,2,3,0,0,0
488771,2,0,21,35,0,195,6,80,29,41,7,2,12
488786,0,0,0,0,0,0,0,0,0,0,0,0,0
488787,0,0,0,0,0,0,0,0,0,0,0,0,0
488810,0,0,0,0,0,3,0,2,0,0,0,0,0
488818,6,2,27,16,2,158,1,32,15,41,3,1,12
488846,0,0,0,0,0,0,0,0,0,0,0,0,0
488862,0,2,76,22,2,312,3,41,37,100,14,0,21
488912,0,0,3,0,0,8,0,3,0,3,0,0,0
488984,0,0,0,0,0,0,0,0,0,0,0,0,0
489002,0,0,0,0,0,0,0,0,0,0,0,0,0
489039,0,0,0,0,0,0,0,0,0,0,0,0,0
489067,0,0,0,0,0,0,0,0,0,0,0,0,0
489119,0,0,1,0,0,5,0,1,1,1,0,0,0
489138,0,0,0,0,0,0,0,0,0,0,0,0,0
489149,4,2,45,28,2,271,10,65,33,65,4,0,10
489197,0,0,0,0,0,0,0,0,0,0,0,0,0
489232,0,0,0,0,0,0,0,0,0,0,0,0,0
489265,0,0,0,0,0,0,0,0,0,0,0,0,0
489267,1,0,10,15,1,127,5,54,21,24,1,1,8
489294,0,0,0,0,0,0,0,0,0,0,0,0,0
489295,0,0,0,0,0,0,0,0,0,0,0,0,0
489305,0,0,0,0,0,0,0,0,0,0,0,0,0
489334,0,0,0,0,0,0,0,0,0,0,0,0,0
489365,0,0,8,9,0,75,1,21,4,9,2,0,0
489446,0,0,0,0,0,0,0,0,0,0,0,0,0
490063,0,0,1,0,0,8,0,4,0,1,0,0,0
491159,0,0,0,0,0,0,0,0,0,0,0,0,0
491624,0,0,0,0,0,0,0,0,0,0,0,0,0
491640,0,0,0,0,0,0,0,0,0,0,0,0,0
491646,0,0,0,0,0,0,0,0,0,0,0,0,0
491676,0,0,0,0,0,0,0,0,0,0,0,0,0
491696,0,0,1,0,0,3,0,0,0,1,0,0,0
491703,0,0,0,0,0,0,0,0,0,0,0,0,0
491708,0,0,0,0,0,2,0,1,0,0,0,0,0
492802,0,0,0,0,0,0,0,0,0,0,0,0,0
492841,0,2,13,2,0,60,1,13,10,17,1,0,3
493114,4,7,49,22,7,249,1,31,36,61,8,3,8
493128,1,0,1,0,0,3,0,0,0,1,0,0,0
493157,0,0,0,0,0,0,0,0,0,0,0,0,0
493193,0,0,35,10,1,177,12,38,22,51,4,0,4
493200,0,0,0,0,0,0,0,0,0,0,0,0,0
493247,0,0,0,0,0,0,0,0,0,0,0,0,0
493316,2,1,50,31,2,288,21,77,47,88,6,1,16
493337,0,0,0,0,0,0,0,0,0,0,0,0,0
493343,0,0,3,1,0,19,0,5,2,4,2,0,1
493351,6,7,58,11,3,316,3,44,28,77,7,1,15
493472,1,0,8,8,2,63,1,23,7,10,1,0,1
493596,1,0,21,13,3,107,3,16,15,31,5,0,7
493603,0,0,0,0,0,0,0,0,0,0,0,0,0
497807,0,0,0,0,0,0,0,0,0,0,0,0,0
499624,0,0,2,2,1,29,0,9,0,2,2,0,0
499882,0,0,0,0,0,0,0,0,0,0,0,0,0
500207,0,0,0,0,0,0,0,0,0,0,0,0,0
500208,0,0,29,20,2,169,8,25,25,51,1,0,14
500610,0,0,0,0,0,0,0,0,0,0,0,0,0
500721,0,0,0,0,0,0,0,0,0,0,0,0,0
500724,0,0,0,0,0,0,0,0,0,0,0,0,0
500743,2,0,21,6,0,105,0,15,14,26,7,0,5
500765,0,0,0,0,0,0,0,0,0,0,0,0,0
500779,0,0,0,0,0,2,0,1,0,0,0,0,0
500871,1,2,35,7,0,183,2,41,17,47,2,2,8
500872,0,0,0,0,0,0,0,0,0,0,0,0,0
500874,0,0,0,0,0,0,0,0,0,0,0,0,0
500887,0,0,0,0,0,0,0,0,0,0,0,0,0
501245,0,0,0,0,0,0,0,0,0,0,0,0,0
501255,0,0,0,0,0,0,0,0,0,0,0,0,0
501303,0,0,1,1,0,10,1,1,2,3,0,0,1
501381,0,0,0,0,0,1,0,1,0,0,0,0,0
501563,0,0,0,0,0,0,0,0,0,0,0,0,0
501571,1,0,19,6,0,107,2,16,10,28,3,1,6
501593,0,0,0,0,0,0,0,0,0,0,0,0,0
501625,0,0,0,0,0,1,0,0,0,0,0,0,0
501627,0,0,0,0,0,0,0,0,0,0,0,0,0
501659,0,0,0,0,0,15,0,5,0,2,0,0,2
501697,0,0,0,0,0,1,0,0,0,0,0,0,0
501726,0,0,0,0,0,0,0,0,0,0,0,0,0
501789,0,0,0,0,0,0,0,0,0,0,0,0,0
501800,0,0,0,0,0,0,0,0,0,0,0,0,0
501817,0,0,0,0,0,0,0,0,0,0,0,0,0
501822,0,0,1,0,0,3,0,0,0,1,0,0,0
501888,0,0,2,1,1,7,0,0,1,2,0,0,0
501896,0,0,48,25,6,251,10,76,42,74,6,0,16
501925,0,0,0,0,0,0,0,0,0,0,0,0,0
501936,0,0,0,0,0,1,0,0,0,0,0,0,0
501954,0,0,0,0,0,0,0,0,0,0,0,0,0
501955,0,0,0,0,0,0,0,0,0,0,0,0,0
501957,0,0,0,0,0,2,0,2,0,0,0,0,0
501981,1,1,45,11,6,302,19,86,39,76,10,1,11
501983,0,0,0,0,0,0,0,0,0,0,0,0,0
501985,0,0,0,0,0,0,0,0,0,0,0,0,0
501986,0,0,2,2,0,34,1,6,3,3,1,0,0
501989,0,0,0,0,0,0,0,0,0,0,0,0,0
501992,0,0,0,0,0,0,0,0,0,0,0,0,0
502003,0,0,0,0,0,0,0,0,0,0,0,0,0
502004,0,0,0,0,0,0,0,0,0,0,0,0,0
502009,0,0,0,0,0,2,0,2,0,0,0,0,0
502026,0,0,0,0,0,0,0,0,0,0,0,0,0
502028,0,0,0,0,0,1,0,1,0,0,0,0,0
502032,0,0,2,3,1,15,0,6,1,3,0,1,0
502034,1,0,2,1,2,33,0,7,2,4,0,1,1
502042,0,0,0,0,0,3,0,2,0,0,0,0,0
502043,0,0,0,0,0,1,0,1,0,0,0,0,0
502046,0,0,3,1,0,28,0,14,0,3,0,0,0
502051,0,0,0,0,0,0,0,0,0,0,0,0,0
502054,0,0,6,4,1,40,3,15,7,10,0,0,1
502082,4,0,41,15,1,206,6,37,26,62,1,4,11
502083,0,0,0,0,0,0,0,0,0,0,0,0,0
502085,0,0,0,0,0,0,0,0,0,0,0,0,0
502087,0,0,0,0,0,0,0,0,0,0,0,0,0
502089,0,0,0,0,0,0,0,0,0,0,0,0,0
502100,0,2,18,11,1,116,3,25,12,23,2,0,2
502102,0,0,0,0,0,0,0,0,0,0,0,0,0
502110,1,1,39,27,3,252,12,69,36,72,10,2,19
502117,0,0,0,0,0,0,0,0,0,0,0,0,0
502126,0,0,0,0,0,0,0,0,0,0,0,0,0
502130,0,0,0,0,0,0,0,0,0,0,0,0,0
502143,0,0,53,17,2,251,12,56,40,77,6,1,11
502154,0,0,0,0,0,0,0,0,0,0,0,0,0
502162,0,0,0,0,0,0,0,0,0,0,0,0,0
502166,0,0,0,0,0,0,0,0,0,0,0,0,0
502171,0,0,0,0,0,0,0,0,0,0,0,0,0
502179,0,0,0,0,0,0,0,0,0,0,0,0,0
502182,0,0,11,8,0,68,1,14,7,15,3,0,3
502188,0,0,3,1,0,40,0,15,1,6,3,0,3
502190,0,0,4,0,0,29,0,12,2,5,1,0,1
502202,0,0,0,0,0,0,0,0,0,0,0,0,0
502205,0,0,7,2,0,30,1,8,5,9,2,0,1
502210,4,0,42,23,0,189,5,25,24,56,6,1,8
502211,0,0,0,0,0,9,0,7,0,0,0,0,0
502213,0,0,0,0,0,0,0,0,0,0,0,0,0
502226,0,0,4,3,1,34,0,6,2,5,2,0,1
502239,0,0,1,1,0,6,0,2,1,1,0,0,0
502260,0,0,0,0,0,0,0,0,0,0,0,0,0
502261,0,0,6,2,0,47,0,14,5,11,1,2,3
502272,0,0,0,0,0,0,0,0,0,0,0,0,0
502285,1,0,3,1,0,36,0,10,5,3,3,0,0
502317,0,1,9,7,1,76,4,28,8,17,0,1,3
502327,0,0,1,0,0,3,0,1,0,1,0,0,0
502368,0,0,0,0,0,0,0,0,0,0,0,0,0
502374,0,0,0,0,0,0,0,0,0,0,0,0,0
502381,0,0,0,0,0,0,0,0,0,0,0,0,0
502409,0,0,0,0,0,0,0,0,0,0,0,0,0
502457,0,0,0,0,0,1,0,0,0,0,0,0,0
502481,12,3,28,15,2,150,0,18,18,38,4,1,9
502517,2,3,71,17,5,332,16,38,52,116,3,4,25
502522,0,0,0,0,0,1,0,1,0,0,0,0,0
502523,2,0,10,5,0,71,0,22,5,15,0,1,4
502544,0,0,0,0,0,0,0,0,0,0,0,0,0
502570,0,0,0,0,0,0,0,0,0,0,0,0,0
502578,0,0,0,0,0,0,0,0,0,0,0,0,0
502593,0,0,0,0,0,0,0,0,0,0,0,0,0
502620,0,0,0,0,0,0,0,0,0,0,0,0,0
502624,0,0,3,0,1,25,0,14,2,3,0,0,0
502671,11,3,58,63,5,317,15,86,53,95,9,2,20
502676,1,0,4,1,0,26,0,2,0,4,0,0,0
502706,0,0,0,0,0,0,0,0,0,0,0,0,0
502748,0,0,0,0,0,0,0,0,0,0,0,0,0
503285,0,0,0,0,0,0,0,0,0,0,0,0,0
503351,0,0,0,0,0,0,0,0,0,0,0,0,0
503437,0,0,0,0,0,0,0,0,0,0,0,0,0
503444,0,0,1,0,0,4,0,2,0,1,1,0,0
503449,0,0,1,0,0,20,1,10,1,2,1,0,0
503556,8,4,41,13,3,254,6,61,30,65,6,2,16
504083,0,0,0,0,0,0,0,0,0,0,0,0,0
504186,0,0,0,0,0,0,0,0,0,0,0,0,0
504379,0,0,3,0,0,19,0,7,1,3,0,0,0
506433,0,0,0,0,0,0,0,0,0,0,0,0,0
506560,6,1,19,8,0,82,0,15,8,21,3,0,2
506693,0,0,0,0,0,0,0,0,0,0,0,0,0
506702,0,0,14,5,0,52,1,10,9,23,0,0,8
506747,0,0,6,2,0,32,1,11,5,7,2,0,0
506997,0,0,0,0,0,0,0,0,0,0,0,0,0
514669,0,0,0,0,0,0,0,0,0,0,0,0,0
514888,23,3,79,40,6,347,14,36,67,119,12,2,24
514913,0,0,6,5,1,62,0,12,9,11,1,0,5
514917,5,5,69,17,0,284,2,59,28,84,5,6,7
514981,0,0,0,0,0,0,0,0,0,0,0,0,0
515052,0,0,0,0,0,0,0,0,0,0,0,0,0
515768,0,0,0,0,0,0,0,0,0,0,0,0,0
516414,0,0,0,0,0,0,0,0,0,0,0,0,0
516416,15,5,81,20,7,350,6,52,52,110,3,5,18
516472,0,0,0,0,0,0,0,0,0,0,0,0,0
516679,0,0,0,0,0,0,0,0,0,0,0,0,0
516684,0,0,0,0,0,0,0,0,0,0,0,0,0
516685,0,0,0,0,0,0,0,0,0,0,0,0,0
516689,0,0,0,0,0,0,0,0,0,0,0,0,0
516714,0,0,0,0,0,0,0,0,0,0,0,0,0
516770,2,0,60,15,2,328,10,61,31,84,9,1,13
516782,28,6,69,11,10,310,6,69,48,98,5,4,19
516809,1,0,2,4,0,19,1,6,4,5,0,0,2
516811,0,0,0,0,0,0,0,0,0,0,0,0,0
516910,0,0,0,0,0,1,0,1,0,0,0,0,0
516935,0,0,0,0,0,0,0,0,0,0,0,0,0
516949,0,0,4,3,0,23,1,5,1,6,0,0,1
516969,0,0,0,0,0,0,0,0,0,0,0,0,0
517008,0,0,0,0,0,0,0,0,0,0,0,0,0
517355,0,0,0,0,0,0,0,0,0,0,0,0,0
517369,0,1,4,1,0,39,0,9,2,6,0,0,2
517370,0,0,9,4,0,70,2,19,6,17,0,0,6
517414,0,0,0,0,0,2,0,0,0,0,0,0,0
517448,0,0,1,0,0,3,0,1,0,1,0,0,0
517593,0,0,0,0,0,5,0,3,1,0,0,0,0
517629,0,0,0,0,0,0,0,0,0,0,0,0,0
518397,0,0,0,0,0,0,0,0,0,0,0,0,0
518418,0,0,0,0,0,0,0,0,0,0,0,0,0
518420,0,0,0,0,0,0,0,0,0,0,0,0,0
518445,0,0,0,0,0,0,0,0,0,0,0,0,0
518452,0,0,1,1,0,29,0,13,0,1,1,0,0
518466,0,0,2,4,0,25,0,13,2,3,1,0,1
518468,0,0,0,0,0,0,0,0,0,0,0,0,0
518489,0,0,0,0,0,0,0,0,0,0,0,0,0
518490,0,0,9,1,0,36,1,10,5,12,0,0,2
518493,0,0,0,0,0,0,0,0,0,0,0,0,0
518516,0,0,4,6,0,46,2,20,5,8,1,0,2
518542,0,0,13,3,1,82,2,20,6,19,2,0,4
518553,0,0,0,0,0,0,0,0,0,0,0,0,0
518560,0,0,0,0,0,2,0,2,0,0,0,0,0
518566,0,0,0,0,0,0,0,0,0,0,0,0,0
518567,0,0,0,0,0,0,0,0,0,0,0,0,0
518568,0,1,19,7,0,82,0,16,5,21,3,0,2
518577,0,0,1,2,0,12,0,7,0,1,1,0,0
518586,1,0,5,1,0,27,0,4,3,7,2,0,2
518595,0,0,18,6,1,93,2,17,8,23,1,0,3
518603,0,0,0,0,0,0,0,0,0,0,0,0,0
518614,0,0,19,11,0,69,2,16,14,24,0,1,2
518617,0,0,0,0,0,0,0,0,0,0,0,0,0
518618,0,0,49,21,17,231,4,49,25,70,4,3,14
518625,0,0,0,1,0,11,0,3,0,0,0,0,0
518626,6,0,53,59,5,332,22,66,79,100,8,5,20
518633,0,0,1,0,0,5,0,1,1,1,0,0,0
518649,0,0,6,4,0,52,2,15,10,14,0,0,6
518653,0,1,1,1,0,9,0,5,0,1,0,0,0
518692,3,0,54,39,6,329,16,96,43,94,4,4,20
518693,0,0,0,0,0,0,0,0,0,0,0,0,0
518700,0,1,16,3,0,50,0,10,10,19,0,0,3
518703,0,0,0,0,0,0,0,0,0,0,0,0,0
518715,0,0,1,0,0,1,0,0,0,1,0,0,0
518716,0,0,0,0,0,0,0,0,0,0,0,0,0
518735,0,2,20,32,0,194,12,53,20,40,7,0,8
518748,0,0,0,0,0,0,0,0,0,0,0,0,0
518771,0,0,0,0,0,0,0,0,0,0,0,0,0
518774,0,0,2,0,0,22,0,8,2,3,1,0,1
518782,0,0,0,0,0,0,0,0,0,0,0,0,0
518790,0,0,0,0,0,0,0,0,0,0,0,0,0
518792,7,3,55,37,4,304,4,61,39,75,8,1,15
518794,0,0,0,0,0,0,0,0,0,0,0,0,0
518830,0,0,0,0,0,0,0,0,0,0,0,0,0
518852,0,0,0,0,0,0,0,0,0,0,0,0,0
518854,0,0,0,0,0,0,0,0,0,0,0,0,0
518858,0,0,0,0,0,0,0,0,0,0,0,0,0
518863,0,0,0,0,0,0,0,0,0,0,0,0,0
518875,0,0,0,0,0,0,0,0,0,0,0,0,0
518883,0,0,0,0,0,1,0,0,0,0,0,0,0
518886,0,0,0,0,0,0,0,0,0,0,0,0,0
518902,0,0,0,0,0,0,0,0,0,0,0,0,0
518911,0,0,0,0,0,1,0,0,0,0,0,0,0
518927,0,0,0,0,0,0,0,0,0,0,0,0,0
518934,7,5,66,31,2,291,5,45,53,97,14,5,21
518953,1,2,12,9,2,67,0,8,6,16,0,1,3
518960,3,0,57,27,1,289,11,58,42,87,10,3,16
518991,1,0,0,2,0,9,0,4,1,0,0,0,0
519003,0,0,0,0,0,0,0,0,0,0,0,0,0
519008,0,0,0,0,0,0,0,0,0,0,0,0,0
519015,0,0,0,0,0,0,0,0,0,0,0,0,0
519023,0,1,6,5,0,50,0,10,2,7,3,0,1
519025,0,0,1,0,0,7,0,4,0,1,0,0,0
519043,0,0,1,0,0,4,0,0,0,1,1,0,0
519048,0,0,34,22,2,253,11,70,28,58,5,0,13
519058,0,1,12,9,0,104,7,13,12,25,5,0,6
519068,0,0,0,0,0,0,0,0,0,0,0,0,0
519071,0,0,0,0,0,0,0,0,0,0,0,0,0
519076,0,0,3,0,0,31,0,21,1,3,1,0,0
519082,0,0,0,0,0,0,0,0,0,0,0,0,0
519083,4,0,29,20,3,252,11,73,37,53,6,0,13
519085,0,0,1,0,0,6,0,2,0,1,0,0,0
519096,0,0,0,0,0,0,0,0,0,0,0,0,0
519105,0,0,0,0,0,0,0,0,0,0,0,0,0
519107,0,0,0,0,0,0,0,0,0,0,0,0,0
519141,0,0,4,0,0,33,1,19,2,5,1,0,0
519144,0,0,1,0,0,5,0,1,0,1,0,0,0
519151,0,0,0,0,0,0,0,0,0,0,0,0,0
519166,0,0,0,0,0,0,0,0,0,0,0,0,0
519168,0,0,0,0,0,0,0,0,0,0,0,0,0
519179,0,0,0,0,0,0,0,0,0,0,0,0,0
519184,10,4,39,12,2,218,1,21,26,49,6,5,4
519186,0,0,0,0,0,0,0,0,0,0,0,0,0
519203,2,3,43,50,13,303,21,54,53,87,4,2,21
519208,0,0,11,10,0,93,5,18,7,20,3,0,4
519222,0,0,14,2,0,98,3,16,6,25,5,0,8
519237,1,0,30,9,4,204,8,55,21,56,5,1,17
519240,0,0,0,0,0,0,0,0,0,0,0,0,0
519242,0,0,0,0,0,0,0,0,0,0,0,0,0
519263,0,0,0,0,0,2,0,1,0,0,0,0,0
519267,0,0,0,0,0,0,0,0,0,0,0,0,0
519293,0,0,0,0,0,0,0,0,0,0,0,0,0
519294,0,0,0,0,0,0,0,0,0,0,0,0,0
519295,1,0,19,5,0,80,4,8,11,25,1,1,1
519299,0,0,0,0,0,0,0,0,0,0,0,0,0
519301,0,0,0,0,0,3,0,1,0,0,0,0,0
519306,4,3,38,18,2,239,10,92,27,60,3,1,11
519317,0,0,33,37,2,275,19,105,39,64,3,1,11
519322,0,0,0,0,0,0,0,0,0,0,0,0,0
519326,0,0,0,0,0,0,0,0,0,0,0,0,0
519333,1,2,17,6,0,92,3,22,15,23,2,1,2
519344,0,0,0,0,0,1,0,1,0,0,0,0,0
519381,0,0,0,0,0,0,0,0,0,0,0,0,0
519390,0,0,45,15,3,260,7,41,30,72,4,2,18
519411,0,0,0,0,0,0,0,0,0,0,0,0,0
519421,0,0,0,0,0,3,0,1,0,0,0,0,0
519425,0,0,0,0,0,0,0,0,0,0,0,0,0
519437,0,0,0,0,0,0,0,0,0,0,0,0,0
519443,0,0,0,0,0,0,0,0,0,0,0,0,0
519445,0,0,3,1,0,28,0,3,3,5,0,0,2
519452,0,0,0,0,0,0,0,0,0,0,0,0,0
519455,0,0,1,0,0,4,0,2,0,1,0,0,0
520471,6,2,50,13,1,324,8,69,33,75,9,3,14
520980,0,0,0,0,0,0,0,0,0,0,0,0,0
521230,0,0,0,0,0,0,0,0,0,0,0,0,0
521692,0,0,47,12,3,285,14,71,35,79,7,2,16
522228,0,0,0,0,0,0,0,0,0,0,0,0,0
523253,5,2,40,19,3,232,8,53,34,66,3,2,16
523260,0,0,0,0,0,0,0,0,0,0,0,0,0
523848,0,0,0,0,0,0,0,0,0,0,0,0,0
523989,0,0,1,0,0,14,0,3,0,1,1,0,0
524349,0,0,0,0,0,0,0,0,0,0,0,0,0
524968,0,0,0,0,0,0,0,0,0,0,0,0,0
525768,0,0,0,0,0,0,0,0,0,0,0,0,0
527038,1,0,27,14,1,165,8,28,20,43,4,0,8
527043,0,1,14,6,2,102,5,28,14,23,3,0,4
527048,0,0,0,0,0,1,0,1,0,0,0,0,0
527049,0,0,0,0,0,0,0,0,0,0,0,0,0
527054,0,0,6,1,0,29,0,9,0,6,1,0,0
527055,0,0,0,0,0,0,0,0,0,0,0,0,0
532077,0,0,0,0,0,0,0,0,0,0,0,0,0
533167,0,0,0,0,0,2,0,1,0,0,0,0,0
534581,0,0,0,0,0,0,0,0,0,0,0,0,0
534606,0,0,0,1,0,5,0,2,1,0,1,0,0
534627,4,3,21,10,1,109,0,30,13,24,4,1,2
534737,0,0,0,0,0,0,0,0,0,0,0,0,0
534812,0,0,0,0,0,0,0,0,0,0,0,0,0
534910,0,0,0,0,0,1,0,1,0,0,0,0,0
534947,0,0,0,0,0,8,0,5,0,0,0,0,0
537953,0,0,18,6,3,88,1,22,8,22,2,0,3
539438,0,0,0,0,0,0,0,0,0,0,0,0,0
541600,0,0,0,0,0,0,0,0,0,0,0,0,0
541608,1,1,14,4,0,70,0,16,5,19,2,0,5
541640,0,0,0,0,0,0,0,0,0,0,0,0,0
541645,2,2,44,22,3,247,5,68,31,58,7,1,8
541650,10,3,26,5,0,134,4,30,12,35,2,1,4
541652,0,0,0,0,0,0,0,0,0,0,0,0,0
542194,1,2,19,7,0,97,4,25,11,26,1,0,3
542208,1,0,23,8,0,186,4,35,17,38,5,0,11
542233,0,0,0,0,0,0,0,0,0,0,0,0,0
542255,8,3,38,19,2,225,1,29,26,51,2,3,9
542303,0,2,65,26,1,320,17,73,52,98,3,5,11
542316,0,0,0,0,0,0,0,0,0,0,0,0,0
542340,31,9,66,43,1,315,6,98,43,93,4,1,20
542344,0,0,0,0,0,0,0,0,0,0,0,0,0
542364,4,3,23,6,0,122,1,16,17,29,1,0,5
542369,0,0,0,0,0,0,0,0,0,0,0,0,0
542383,0,0,0,0,0,0,0,0,0,0,0,0,0
542432,0,0,0,0,0,0,0,0,0,0,0,0,0
542436,0,1,14,12,2,93,1,17,9,20,2,1,4
542454,11,7,30,8,1,167,2,37,21,42,1,2,8
542455,1,1,20,14,1,140,5,58,12,31,1,0,6
542466,0,0,0,0,0,0,0,0,0,0,0,0,0
542513,0,0,0,0,0,1,0,0,0,0,0,0,0
542583,0,0,0,0,0,0,0,0,0,0,0,0,0
542585,0,0,0,0,0,0,0,0,0,0,0,0,0
542587,0,0,0,0,0,0,0,0,0,0,0,0,0
542609,0,0,0,0,0,0,0,0,0,0,0,0,0
542642,0,0,0,0,0,0,0,0,0,0,0,0,0
542664,0,0,0,0,0,0,0,0,0,0,0,0,0
542669,0,0,0,0,0,0,0,0,0,0,0,0,0
542674,0,0,0,0,0,2,0,1,0,0,0,0,0
542742,0,0,0,0,0,0,0,0,0,0,0,0,0
542866,0,0,0,0,0,0,0,0,0,0,0,0,0
542881,0,0,1,0,0,12,1,5,1,2,0,0,0
542882,0,0,0,0,0,0,0,0,0,0,0,0,0
542883,0,0,0,0,0,0,0,0,0,0,0,0,0
542884,0,0,0,0,0,0,0,0,0,0,0,0,0
542888,0,0,0,0,0,0,0,0,0,0,0,0,0
542897,0,0,0,0,0,0,0,0,0,0,0,0,0
542908,0,0,13,5,1,65,2,9,7,18,3,0,3
542921,1,1,7,8,1,100,3,42,10,17,2,2,5
542923,0,0,0,0,0,0,0,0,0,0,0,0,0
542924,0,0,0,0,0,0,0,0,0,0,0,0,0
542932,0,0,0,0,0,0,0,0,0,0,0,0,0
542941,0,0,0,0,0,0,0,0,0,0,0,0,0
542942,0,0,0,0,0,0,0,0,0,0,0,0,0
542947,0,0,0,0,0,0,0,0,0,0,0,0,0
542953,0,0,0,0,0,0,0,0,0,0,0,0,0
542960,0,0,0,0,0,0,0,0,0,0,0,0,0
542963,0,0,0,0,0,0,0,0,0,0,0,0,0
542970,0,0,0,0,0,0,0,0,0,0,0,0,0
542979,7,1,6,11,0,64,1,33,8,8,2,0,1
542992,0,0,0,0,1,6,0,2,0,0,0,0,0
542993,14,3,49,10,4,274,0,30,32,64,3,4,11
542994,0,0,0,0,0,0,0,0,0,0,0,0,0
542999,0,0,0,0,0,0,0,0,0,0,0,0,0
543017,0,0,0,0,0,0,0,0,0,0,0,0,0
543022,0,0,5,1,0,30,0,8,1,5,1,0,0
543031,0,0,0,0,0,0,0,0,0,0,0,0,0
543037,0,0,3,0,1,24,1,11,2,5,0,0,1
543038,0,0,0,0,0,0,0,0,0,0,0,0,0
543045,0,0,2,0,0,31,0,17,1,2,1,0,0
543054,0,0,1,0,0,5,0,0,0,1,0,0,0
543056,0,0,0,0,0,0,0,0,0,0,0,0,0
543063,3,0,56,34,3,299,9,62,37,83,7,4,14
543068,1,2,44,17,6,259,11,41,34,72,5,1,16
543070,0,0,0,0,0,0,0,0,0,0,0,0,0
543089,0,0,0,0,0,0,0,0,0,0,0,0,0
543094,0,0,4,3,0,29,0,4,0,4,1,0,0
543101,0,0,1,0,0,10,0,5,0,1,1,0,0
543105,1,0,6,2,1,39,2,4,5,11,1,1,2
543114,0,0,0,0,0,0,0,0,0,0,0,0,0
543118,0,0,0,0,0,1,0,1,0,0,0,0,0
543135,0,0,0,1,0,5,0,4,0,0,0,0,0
543144,0,0,0,0,0,0,0,0,0,0,0,0,0
543148,0,0,3,1,0,26,0,9,3,5,1,0,2
543155,0,0,0,0,0,0,0,0,0,0,0,0,0
543169,0,0,0,0,0,0,0,0,0,0,0,0,0
543184,0,0,2,2,0,18,0,11,1,2,0,0,0
543188,0,0,0,0,0,0,0,0,0,0,0,0,0
543194,0,0,0,0,0,0,0,0,0,0,0,0,0
543195,0,0,0,0,0,0,0,0,0,0,0,0,0
543200,0,0,0,0,0,0,0,0,0,0,0,0,0
543213,3,3,53,10,1,286,6,29,37,77,9,1,17
543216,1,0,16,6,1,86,2,11,12,23,3,1,4
543219,0,0,0,0,0,0,0,0,0,0,0,0,0
543228,0,0,21,8,2,238,8,68,21,40,7,1,10
543232,0,0,0,0,0,0,0,0,0,0,0,0,0
543238,0,1,13,9,1,91,2,38,11,19,1,2,2
543242,0,0,0,0,0,0,0,0,0,0,0,0,0
543243,0,0,0,0,0,2,0,1,0,0,0,0,0
543257,0,2,27,36,0,154,6,45,28,43,2,0,10
543258,0,0,0,0,0,0,0,0,0,0,0,0,0
543261,0,0,0,0,0,0,0,0,0,0,0,0,0
543270,0,0,0,0,0,0,0,0,0,0,0,0,0
543272,0,0,0,0,0,4,0,1,0,0,0,0,0
543278,0,0,0,0,0,0,0,0,0,0,0,0,0
543281,14,1,63,11,4,302,3,46,34,83,9,4,13
543294,0,0,3,0,1,32,0,19,0,3,0,0,0
543302,3,0,26,14,0,141,6,41,21,41,2,4,5
543305,0,2,23,17,0,183,3,35,18,36,6,0,10
543308,0,0,0,0,0,0,0,0,0,0,0,0,0
543309,0,0,0,0,0,0,0,0,0,0,0,0,0
543321,0,0,0,0,0,0,0,0,0,0,0,0,0
543329,0,0,0,0,0,0,0,0,0,0,0,0,0
543331,0,0,0,0,0,0,0,0,0,0,0,0,0
543333,4,1,68,29,1,334,13,72,45,100,7,1,18
543334,0,0,0,0,0,0,0,0,0,0,0,0,0
543339,0,0,0,0,0,0,0,0,0,0,0,0,0
543343,0,0,0,0,0,0,0,0,0,0,0,0,0
543357,0,0,0,0,0,0,0,0,0,0,0,0,0
543359,0,0,0,0,0,0,0,0,0,0,0,0,0
543362,0,0,0,0,0,0,0,0,0,0,0,0,0
543376,0,0,10,6,0,75,0,19,5,12,3,0,2
543380,0,0,1,0,0,7,0,4,1,1,0,0,0
543391,0,0,0,0,0,2,0,1,0,0,0,0,0
543401,5,2,56,28,2,336,14,78,50,92,12,4,18
543408,0,0,2,0,0,27,0,13,0,2,0,0,0
543424,0,0,1,1,0,19,0,12,0,1,0,0,0
543432,0,0,0,0,0,0,0,0,0,0,0,0,0
543434,7,3,51,30,2,324,11,101,34,84,3,0,22
543456,0,0,0,0,0,2,0,1,0,0,0,0,0
543459,0,0,0,0,0,0,0,0,0,0,0,0,0
543475,0,0,0,0,0,7,0,4,0,0,0,0,0
543483,0,0,0,0,0,0,0,0,0,0,0,0,0
543484,0,0,8,3,1,65,0,24,5,10,1,0,2
543506,0,0,0,0,0,0,0,0,0,0,0,0,0
543507,0,0,0,0,0,0,0,0,0,0,0,0,0
543508,0,0,0,0,0,0,0,0,0,0,0,0,0
543510,0,0,27,11,1,170,5,56,14,36,5,1,3
543518,0,0,0,0,0,0,0,0,0,0,0,0,0
543521,0,0,0,0,0,4,0,1,0,0,0,0,0
543532,0,0,0,0,0,2,0,2,0,0,0,0,0
543542,0,0,0,0,0,0,0,0,0,0,0,0,0
543543,4,3,39,20,0,286,14,68,35,70,4,4,13
543548,0,0,2,0,0,2,0,0,0,2,0,0,0
543557,0,0,0,0,0,0,0,0,0,0,0,0,0
543589,0,0,0,0,0,0,0,0,0,0,0,0,0
543590,7,4,21,32,0,193,5,78,22,41,5,1,14
543592,0,0,0,0,0,0,0,0,0,0,0,0,0
543594,0,0,0,0,0,0,0,0,0,0,0,0,0
543606,0,0,1,0,0,4,0,1,0,1,0,0,0
543607,0,0,0,0,0,0,0,0,0,0,0,0,0
543611,0,0,0,0,0,0,0,0,0,0,0,0,0
543633,0,0,0,0,0,0,0,0,0,0,0,0,0
543643,0,0,0,0,0,0,0,0,0,0,0,0,0
543685,9,5,53,43,1,319,9,73,54,82,3,2,18
543698,0,0,0,0,0,0,0,0,0,0,0,0,0
543699,0,0,2,3,0,35,0,13,1,3,0,0,1
543704,0,0,0,0,0,0,0,0,0,0,0,0,0
543706,0,1,1,1,0,8,0,1,1,2,1,0,1
543716,0,0,0,0,0,0,0,0,0,0,0,0,0
543726,0,0,0,0,0,0,0,0,0,0,0,0,0
543734,0,0,3,0,0,21,0,4,1,3,0,0,0
543742,0,0,12,3,0,55,1,24,2,13,3,0,0
543746,0,0,0,0,0,2,0,1,0,0,0,0,0
543750,0,0,0,0,0,0,0,0,0,0,0,0,0
543760,5,1,41,28,0,302,19,77,42,73,3,2,11
543766,0,0,0,0,0,0,0,0,0,0,0,0,0
543768,4,1,45,26,3,302,9,79,42,82,6,2,26
543776,1,2,18,4,0,111,3,11,13,28,3,2,5
543779,0,0,0,0,0,0,0,0,0,0,0,0,0
543788,0,0,0,0,0,0,0,0,0,0,0,0,0
543803,0,0,0,0,0,0,0,0,0,0,0,0,0
543807,6,6,58,48,6,350,19,89,63,92,6,3,12
543829,6,2,20,3,0,94,0,17,13,25,1,2,3
543833,0,0,0,0,0,0,0,0,0,0,0,0,0
543853,0,0,0,0,0,0,0,0,0,0,0,0,0
543856,0,0,0,0,0,0,0,0,0,0,0,0,0
543859,0,0,0,0,0,2,0,1,0,0,0,0,0
543860,0,0,0,0,0,0,0,0,0,0,0,0,0
543867,0,0,0,0,0,0,0,0,0,0,0,0,0
543877,0,0,27,10,2,164,1,37,21,37,3,1,8
543881,0,0,0,0,0,0,0,0,0,0,0,0,0
543883,0,0,0,0,0,0,0,0,0,0,0,0,0
543900,0,0,0,0,0,0,0,0,0,0,0,0,0
543901,0,0,0,0,0,1,0,0,0,0,0,0,0
543921,0,0,0,0,0,0,0,0,0,0,0,0,0
543932,0,0,0,0,0,0,0,0,0,0,0,0,0
543935,0,0,0,0,0,0,0,0,0,0,0,0,0
543939,3,0,35,19,4,176,1,28,23,41,3,3,2
543964,0,0,0,0,0,0,0,0,0,0,0,0,0
544150,0,0,2,0,0,13,0,7,1,2,0,0,0
544269,0,0,0,0,0,0,0,0,0,0,0,0,0
544365,0,0,0,0,0,0,0,0,0,0,0,0,0
544369,5,1,61,10,2,295,11,34,37,88,6,1,15
544725,0,0,0,0,0,0,0,0,0,0,0,0,0
544727,0,0,0,0,0,0,0,0,0,0,0,0,0
544759,0,0,0,0,0,0,0,0,0,0,0,0,0
544827,0,0,0,0,0,0,0,0,0,0,0,0,0
544836,0,0,0,0,0,0,0,0,0,0,0,0,0
544838,0,0,0,0,0,0,0,0,0,0,0,0,0
544925,1,0,4,4,1,34,1,10,3,6,0,0,1
544928,0,0,0,0,0,2,0,2,0,0,0,0,0
544930,0,0,0,0,0,0,0,0,0,0,0,0,0
544931,0,0,5,0,0,38,0,9,2,5,2,0,0
544993,0,0,0,0,0,0,0,0,0,0,0,0,0
545064,0,0,0,0,0,0,0,0,0,0,0,0,0
545121,0,0,0,0,0,0,0,0,0,0,0,0,0
545331,0,0,0,0,0,0,0,0,0,0,0,0,0
545332,0,0,0,0,0,0,0,0,0,0,0,0,0
545333,0,0,0,0,0,3,0,3,0,0,0,0,0
545337,0,0,0,0,0,0,0,0,0,0,0,0,0
545338,3,0,10,4,1,44,1,16,3,14,0,0,3
545341,3,1,27,18,2,221,9,55,33,49,5,2,11
545346,0,0,0,0,0,0,0,0,0,0,0,0,0
545350,4,3,15,8,2,118,1,33,19,22,3,0,6
545353,0,0,0,0,0,0,0,0,0,0,0,0,0
545357,0,0,0,0,0,0,0,0,0,0,0,0,0
545358,0,0,0,0,0,4,0,2,0,0,0,0,0
545361,15,1,63,58,2,319,18,69,68,103,4,2,20
545363,0,0,0,0,0,0,0,0,0,0,0,0,0
545404,0,0,0,0,0,0,0,0,0,0,0,0,0
546276,0,0,0,0,0,2,0,1,0,0,0,0,0
546318,12,6,74,43,2,326,10,69,48,96,1,2,10
546990,0,0,0,0,0,0,0,0,0,0,0,0,0
546991,0,0,11,3,0,67,1,14,6,18,2,0,6
546992,0,0,0,0,0,0,0,0,0,0,0,0,0
547004,0,0,0,0,0,0,0,0,0,0,0,0,0
547171,0,0,0,0,0,0,0,0,0,0,0,0,0
547172,3,0,15,14,0,121,1,28,17,26,1,1,9
547177,0,0,0,0,0,0,0,0,0,0,0,0,0
547179,0,0,0,0,0,3,0,2,0,0,0,0,0
547180,13,6,44,67,3,286,19,58,50,74,8,0,11
547185,0,0,0,0,0,0,0,0,0,0,0,0,0
547379,0,0,0,6,0,8,0,2,2,0,0,0,0
547749,0,0,0,0,0,0,0,0,0,0,0,0,0
547874,0,0,0,0,0,1,0,1,0,0,0,0,0
547888,0,0,0,0,0,0,0,0,0,0,0,0,0
547912,0,0,0,0,0,0,0,0,0,0,0,0,0
547943,0,0,0,0,0,1,0,0,0,0,0,0,0
547957,1,2,38,17,3,151,3,22,18,51,1,0,10
547973,0,0,0,0,0,0,0,0,0,0,0,0,0
547977,0,0,0,0,0,0,0,0,0,0,0,0,0
547982,9,4,42,23,2,250,11,77,33,59,1,1,5
547989,0,2,60,22,9,338,11,76,33,91,13,1,19
548337,0,0,0,0,0,12,0,8,1,1,0,0,1
548357,0,0,1,0,0,3,0,0,1,1,0,0,0
548389,0,0,1,1,0,12,0,5,2,1,0,0,0
550298,0,0,0,0,0,0,0,0,0,0,0,0,0
552640,0,0,0,0,0,0,0,0,0,0,0,0,0
552662,0,0,2,0,0,15,0,4,1,3,0,0,1
552673,0,0,0,0,0,0,0,0,0,0,0,0,0
553859,0,0,0,0,0,0,0,0,0,0,0,0,0
553869,0,0,0,0,0,0,0,0,0,0,0,0,0
553872,0,0,0,0,0,0,0,0,0,0,0,0,0
553878,0,0,0,0,0,0,0,0,0,0,0,0,0
553882,0,0,0,0,0,0,0,0,0,0,0,0,0
553883,0,0,0,0,0,0,0,0,0,0,0,0,0
553902,0,0,0,0,0,0,0,0,0,0,0,0,0
553970,0,0,0,0,0,0,0,0,0,0,0,0,0
553988,0,0,0,0,0,0,0,0,0,0,0,0,0
553993,6,4,49,25,5,311,15,90,41,71,3,2,5
554054,0,0,0,0,0,0,0,0,0,0,0,0,0
554234,0,0,0,0,0,16,0,4,0,0,1,0,0
554241,0,0,0,0,0,0,0,0,0,0,0,0,0
554340,0,0,0,0,0,0,0,0,0,0,0,0,0
554429,0,0,9,8,0,61,0,9,6,9,0,0,0
554430,0,0,0,0,0,0,0,0,0,0,0,0,0
554431,0,0,0,0,0,0,0,0,0,0,0,0,0
570240,0,0,0,0,0,0,0,0,0,0,0,0,0
570256,9,5,48,38,0,300,12,71,50,86,8,2,24
570267,0,2,18,21,1,128,4,52,19,30,1,0,8
570481,0,0,0,0,0,0,0,0,0,0,0,0,0
570482,0,0,0,0,0,0,0,0,0,0,0,0,0
570489,2,1,2,0,0,8,0,4,0,2,0,0,0
570557,0,0,0,0,0,0,0,0,0,0,0,0,0
570560,0,0,3,2,0,31,0,10,4,5,0,0,2
570615,0,1,12,5,0,86,5,32,9,23,0,2,4
570616,0,0,0,0,0,0,0,0,0,0,0,0,0
570632,0,0,0,0,0,1,0,1,0,0,0,0,0
570639,0,0,0,0,0,0,0,0,0,0,0,0,0
570649,0,0,1,0,0,1,0,0,0,1,0,0,0
570663,0,0,0,0,0,2,0,1,0,0,1,0,0
570666,0,0,0,0,0,0,0,0,0,0,0,0,0
570714,0,0,0,0,0,8,0,5,0,0,0,0,0
570717,3,0,36,23,1,196,1,49,15,44,8,0,7
570731,1,1,60,13,5,322,14,69,49,98,11,1,23
570799,0,0,0,0,0,0,0,0,0,0,0,0,0
570810,0,0,0,0,0,0,0,0,0,0,0,0,0
570883,0,0,0,0,0,0,0,0,0,0,0,0,0
571035,0,0,0,0,0,0,0,0,0,0,0,0,0
571057,0,0,0,0,0,0,0,0,0,0,0,0,0
571074,0,0,0,0,0,0,0,0,0,0,0,0,0
571431,0,1,31,13,1,191,9,51,22,50,2,0,10
571437,0,0,0,0,0,0,0,0,0,0,0,0,0
571439,0,0,0,0,0,0,0,0,0,0,0,0,0
571446,0,0,0,0,0,0,0,0,0,0,0,0,0
571448,1,3,48,38,2,338,23,52,60,97,8,2,24
571466,1,0,39,18,2,204,3,47,17,56,6,1,13
571467,0,0,0,0,0,0,0,0,0,0,0,0,0
571473,0,0,0,0,0,0,0,0,0,0,0,0,0
571476,0,0,0,0,0,0,0,0,0,0,0,0,0
571479,0,0,0,0,0,0,0,0,0,0,0,0,0
571506,0,0,32,27,0,213,15,46,30,57,4,0,10
571510,0,0,0,0,0,0,0,0,0,0,0,0,0
571527,0,0,0,0,0,0,0,0,0,0,0,0,0
571539,0,0,0,0,0,0,0,0,0,0,0,0,0
571553,0,0,0,0,0,3,0,2,0,0,0,0,0
571561,0,0,0,1,0,0,0,0,1,0,0,0,0
571572,0,0,0,0,0,0,0,0,0,0,0,0,0
571577,0,0,0,0,0,0,0,0,0,0,0,0,0
571578,0,1,9,0,0,39,0,9,6,13,0,1,3
571584,0,0,0,0,0,0,0,0,0,0,0,0,0
571595,0,0,0,0,0,0,0,0,0,0,0,0,0
571602,0,0,1,0,0,2,0,1,1,1,0,0,0
571622,0,0,0,0,0,0,0,0,0,0,0,0,0
571639,0,0,0,0,0,0,0,0,0,0,0,0,0
571656,0,0,0,0,0,0,0,0,0,0,0,0,0
571657,0,0,0,0,0,0,0,0,0,0,0,0,0
571665,0,0,0,0,0,0,0,0,0,0,0,0,0
571666,0,0,0,0,0,0,0,0,0,0,0,0,0
571670,0,0,0,0,0,0,0,0,0,0,0,0,0
571681,0,2,12,3,0,41,0,8,2,13,0,0,1
571685,0,0,0,0,0,0,0,0,0,0,0,0,0
571687,0,0,0,0,0,0,0,0,0,0,0,0,0
571697,4,1,43,23,0,240,7,58,32,64,5,1,13
571704,0,0,0,0,0,0,0,0,0,0,0,0,0
571710,0,0,0,0,0,1,0,1,0,0,0,0,0
571711,0,0,0,0,0,0,0,0,0,0,0,0,0
571713,0,0,0,0,0,0,0,0,0,0,0,0,0
571718,0,0,0,0,0,0,0,0,0,0,0,0,0
571719,0,0,0,0,0,0,0,0,0,0,0,0,0
571734,0,0,0,0,0,0,0,0,0,0,0,0,0
571735,0,0,0,0,0,0,0,0,0,0,0,0,0
571740,22,4,36,15,1,233,3,54,37,55,4,2,14
571757,4,2,18,7,0,124,7,45,19,31,0,2,4
571760,0,0,0,0,0,0,0,0,0,0,0,0,0
571761,0,0,0,0,0,0,0,0,0,0,0,0,0
571771,1,0,14,16,0,127,5,32,16,24,1,0,5
571786,0,0,0,0,0,0,0,0,0,0,0,0,0
571788,3,0,23,13,2,132,4,25,23,34,1,0,7
571800,0,0,0,0,0,0,0,0,0,0,0,0,0
571812,0,0,0,0,0,0,0,0,0,0,0,0,0
571825,0,0,0,0,0,0,0,0,0,0,0,0,0
571830,1,1,21,4,0,151,11,39,21,39,7,0,7
571841,0,0,3,2,0,27,1,4,1,4,2,0,0
571851,0,0,0,0,0,0,0,0,0,0,0,0,0
571857,0,0,0,0,0,0,0,0,0,0,0,0,0
571863,0,0,0,0,0,0,0,0,0,0,0,0,0
571868,0,0,0,0,0,0,0,0,0,0,0,0,0
571871,0,0,0,0,0,1,0,0,0,0,0,0,0
571875,3,1,37,35,3,286,20,80,49,83,7,7,19
571882,0,0,0,0,0,1,0,0,0,0,0,0,0
571893,0,0,0,0,0,0,0,0,0,0,0,0,0
571896,0,0,0,0,0,0,0,0,0,0,0,0,0
571901,0,0,0,0,0,0,0,0,0,0,0,0,0
571911,0,0,0,0,0,0,0,0,0,0,0,0,0
571912,0,0,0,0,0,0,0,0,0,0,0,0,0
571917,0,0,0,0,0,0,0,0,0,0,0,0,0
571918,0,0,1,0,0,7,0,3,0,1,0,0,0
571927,0,0,3,0,0,28,0,10,0,5,1,1,1
571946,0,0,2,0,0,22,0,15,3,3,0,1,0
571951,0,0,0,0,0,0,0,0,0,0,0,0,0
571963,0,0,0,0,0,1,0,1,0,0,0,0,0
571969,0,0,0,0,0,0,0,0,0,0,0,0,0
571970,0,0,7,6,0,35,0,3,3,9,0,0,2
571974,0,0,2,2,0,40,0,7,0,3,1,0,1
571975,0,0,0,0,0,0,0,0,0,0,0,0,0
571976,15,3,57,36,0,335,19,75,61,97,4,2,19
571980,3,1,29,14,1,155,8,51,25,49,3,5,7
572000,0,0,0,0,0,0,0,0,0,0,0,0,0
572008,8,0,35,15,0,179,2,38,21,51,4,4,10
572019,0,0,11,4,0,66,1,18,6,17,2,0,5
572020,0,0,0,1,0,1,0,1,0,0,0,0,0
572021,0,0,0,0,0,0,0,0,0,0,0,0,0
572033,0,0,13,5,2,78,1,13,11,20,4,0,6
572038,0,0,0,0,0,0,0,0,0,0,0,0,0
572039,4,5,56,32,6,314,11,61,53,91,5,2,22
572041,0,0,0,0,0,0,0,0,0,0,0,0,0
572044,0,0,0,0,0,0,0,0,0,0,0,0,0
572066,0,0,0,0,0,0,0,0,0,0,0,0,0
572070,0,0,0,0,0,0,0,0,0,0,0,0,0
572073,4,1,46,18,2,237,5,50,32,63,3,0,12
572086,0,0,0,0,0,0,0,0,0,0,0,0,0
572088,0,0,0,0,0,0,0,0,0,0,0,0,0
572089,0,0,0,0,0,0,0,0,0,0,0,0,0
572095,0,0,0,0,0,0,0,0,0,0,0,0,0
572096,0,0,0,0,0,1,0,1,0,0,0,0,0
572102,0,0,0,0,0,1,0,1,0,0,0,0,0
572114,0,0,2,8,2,57,4,16,9,11,2,0,5
572119,0,0,0,0,0,0,0,0,0,0,0,0,0
572122,1,1,48,38,4,330,18,57,53,94,9,2,26
572125,0,0,0,0,0,0,0,0,0,0,0,0,0
572127,0,0,0,0,0,0,0,0,0,0,0,0,0
572128,0,0,0,0,0,0,0,0,0,0,0,0,0
572138,0,0,0,0,0,0,0,0,0,0,0,0,0
572140,0,0,0,0,0,0,0,0,0,0,0,0,0
572166,0,0,0,0,0,0,0,0,0,0,0,0,0
572175,0,0,0,0,0,0,0,0,0,0,0,0,0
572180,0,0,0,0,0,0,0,0,0,0,0,0,0
572182,0,0,0,0,0,0,0,0,0,0,0,0,0
572191,10,3,27,10,1,191,6,64,25,43,2,0,10
572193,0,0,0,0,0,0,0,0,0,0,0,0,0
572204,5,1,29,26,0,232,13,64,31,53,3,0,11
572208,0,0,0,0,0,0,0,0,0,0,0,0,0
572233,0,0,0,0,0,0,0,0,0,0,0,0,0
572241,0,0,0,0,0,0,0,0,0,0,0,0,0
572283,0,0,0,0,0,0,0,0,0,0,0,0,0
572287,0,0,0,1,0,7,2,1,2,2,0,0,0
572308,0,0,0,0,0,0,0,0,0,0,0,0,0
572309,0,0,0,0,0,1,0,1,0,0,0,0,0
572362,0,0,0,0,0,6,0,3,0,0,0,0,0
572365,1,0,15,7,1,159,3,37,12,28,6,2,8
572393,0,0,0,0,0,0,0,0,0,0,0,0,0
572403,0,0,0,0,0,0,0,0,0,0,0,0,0
572669,0,0,0,0,0,0,0,0,0,0,0,0,0
572718,0,0,0,0,0,0,0,0,0,0,0,0,0
572728,0,0,0,0,0,0,0,0,0,0,0,0,0
572744,0,0,0,0,0,0,0,0,0,0,0,0,0
572750,0,0,1,0,0,14,0,2,0,1,0,0,0
572761,0,2,41,58,3,285,14,61,56,85,2,5,25
572788,0,0,0,0,0,1,0,0,0,0,0,0,0
572804,0,0,0,0,0,0,0,0,0,0,0,0,0
572816,0,1,28,19,0,249,13,68,24,57,2,2,14
572821,7,0,44,36,6,308,13,57,46,76,6,3,16
572831,0,0,0,0,0,0,0,0,0,0,0,0,0
572863,0,0,8,6,0,60,1,18,6,14,1,0,5
572876,0,0,0,0,0,0,0,0,0,0,0,0,0
572888,0,0,0,0,0,2,0,0,0,0,0,0,0
572910,0,0,0,0,0,0,0,0,0,0,0,0,0
572955,0,0,0,0,0,0,0,0,0,0,0,0,0
572958,0,0,0,0,0,0,0,0,0,0,0,0,0
572971,0,0,0,0,0,2,0,0,0,0,0,0,0
572990,0,0,0,0,0,0,0,0,0,0,0,0,0
573016,0,0,0,0,0,0,0,0,0,0,0,0,0
573046,0,0,0,0,0,0,0,0,0,0,0,0,0
573064,0,0,0,0,0,0,0,0,0,0,0,0,0
573069,0,0,0,0,0,0,0,0,0,0,0,0,0
573109,0,0,0,0,0,0,0,0,0,0,0,0,0
573124,0,0,0,0,0,0,0,0,0,0,0,0,0
573127,0,0,0,0,0,0,0,0,0,0,0,0,0
573131,0,1,7,4,0,57,0,19,3,9,5,0,2
573135,4,2,20,5,2,112,5,26,15,28,4,0,3
573158,0,0,0,0,0,0,0,0,0,0,0,0,0
573185,0,0,0,2,0,23,0,19,1,0,0,0,0
573186,0,0,0,0,0,2,0,0,0,0,0,0,0
573188,0,0,0,0,0,0,0,0,0,0,0,0,0
573244,0,0,0,0,0,0,0,0,0,0,0,0,0
573349,0,0,0,0,0,0,0,0,0,0,0,0,0
573589,0,0,0,0,0,0,0,0,0,0,0,0,0
573627,0,0,0,2,0,15,2,2,6,7,0,0,5
573668,0,0,0,0,0,0,0,0,0,0,0,0,0
574831,0,0,0,0,0,0,0,0,0,0,0,0,0
574847,0,0,0,0,0,0,0,0,0,0,0,0,0
574888,0,0,0,0,0,0,0,0,0,0,0,0,0
575929,0,1,14,7,3,77,5,25,11,24,4,1,4
576397,0,0,26,13,0,153,7,34,20,37,3,1,3
576788,0,0,0,0,0,0,0,0,0,0,0,0,0
578428,5,1,54,21,1,276,3,31,37,71,9,0,14
578570,0,0,0,0,0,0,0,0,0,0,0,0,0
580792,0,0,0,0,0,0,0,0,0,0,0,0,0
581527,3,1,25,8,0,145,6,29,21,39,2,0,8
582473,0,0,0,0,0,0,0,0,0,0,0,0,0
584176,0,0,0,0,0,0,0,0,0,0,0,0,0
588751,0,0,51,15,0,291,3,38,31,69,6,5,10
591688,0,0,0,0,0,0,0,0,0,0,0,0,0
591693,0,0,0,1,0,0,0,0,0,0,0,0,0
591712,0,0,0,0,0,0,0,0,0,0,0,0,0
591720,0,0,11,6,0,64,0,10,8,14,2,2,1
591994,0,0,0,0,0,0,0,0,0,0,0,0,0
592091,0,0,0,0,0,0,0,0,0,0,0,0,0
592102,0,0,0,0,0,0,0,0,0,0,0,0,0
592108,0,0,0,0,0,0,0,0,0,0,0,0,0
592127,0,0,0,0,0,0,0,0,0,0,0,0,0
592135,0,0,0,0,0,0,0,0,0,0,0,0,0
592144,0,0,0,0,0,0,0,0,0,0,0,0,0
592145,0,0,0,0,0,0,0,0,0,0,0,0,0
592165,0,0,0,0,0,0,0,0,0,0,0,0,0
592166,0,0,0,0,0,0,0,0,0,0,0,0,0
592169,0,0,0,0,0,0,0,0,0,0,0,0,0
592170,0,0,0,0,0,0,0,0,0,0,0,0,0
592178,3,2,45,41,10,325,25,87,72,91,1,0,21
592181,0,0,0,0,0,0,0,0,0,0,0,0,0
592192,0,1,2,0,1,41,3,20,4,5,1,0,0
592200,0,0,14,16,2,163,6,66,17,27,2,0,7
592205,0,0,0,0,0,0,0,0,0,0,0,0,0
592206,1,1,60,20,2,324,17,85,45,99,3,3,19
592222,0,0,0,0,0,0,0,0,0,0,0,0,0
592230,0,0,1,0,0,6,0,2,0,1,0,0,0
592231,0,0,0,0,0,0,0,0,0,0,0,0,0
592239,0,1,0,1,0,14,0,3,3,1,0,0,1
592244,0,0,0,0,0,0,0,0,0,0,0,0,0
592254,0,0,0,0,0,0,0,0,0,0,0,0,0
592256,0,0,0,0,0,0,0,0,0,0,0,0,0
592259,0,0,0,0,0,0,0,0,0,0,0,0,0
592261,4,3,18,11,1,106,2,32,17,23,1,0,3
592273,0,1,42,12,2,245,9,52,27,67,6,1,15
592274,0,0,0,0,0,3,0,2,0,0,0,0,0
592301,0,0,0,0,0,0,0,0,0,0,0,0,0
592310,0,0,0,0,0,0,0,0,0,0,0,0,0
592314,0,0,1,1,0,10,0,7,0,1,0,0,0
592325,0,0,1,1,0,8,0,1,1,1,1,0,0
592329,0,0,0,0,0,0,0,0,0,0,0,0,0
592332,0,0,0,1,0,1,0,1,0,0,0,0,0
592336,0,0,0,0,0,0,0,0,0,0,0,0,0
592340,0,0,0,0,0,0,0,0,0,0,0,0,0
592341,0,0,0,0,0,0,0,0,0,0,0,0,0
592346,0,0,0,0,0,0,0,0,0,0,0,0,0
592351,0,0,4,1,0,27,0,18,2,4,0,0,0
592390,0,0,0,0,0,0,0,0,0,0,0,0,0
592398,0,0,0,0,0,0,0,0,0,0,0,0,0
592407,0,1,11,5,2,84,2,16,14,20,0,1,6
592419,0,0,7,3,0,26,0,4,3,7,0,0,0
592426,0,0,0,0,0,0,0,0,0,0,0,0,0
592429,0,0,0,0,0,0,0,0,0,0,0,0,0
592433,0,0,0,0,0,3,0,0,0,0,0,0,0
592438,0,0,0,0,0,0,0,0,0,0,0,0,0
592444,0,0,0,0,0,0,0,0,0,0,0,0,0
592450,0,0,0,0,0,0,0,0,0,0,0,0,0
592454,0,0,0,0,0,0,0,0,0,0,0,0,0
592468,0,0,0,0,0,0,0,0,0,0,0,0,0
592511,0,0,0,0,0,0,0,0,0,0,0,0,0
592518,0,3,61,30,2,338,19,65,62,109,6,0,29
592527,0,0,0,0,0,0,0,0,0,0,0,0,0
592533,0,0,0,0,0,0,0,0,0,0,0,0,0
592535,0,0,0,0,0,0,0,0,0,0,0,0,0
592547,0,0,0,0,0,0,0,0,0,0,0,0,0
592558,0,0,0,0,0,0,0,0,0,0,0,0,0
592567,0,0,2,1,0,19,0,6,0,2,3,0,0
592570,0,0,0,0,0,0,0,0,0,0,0,0,0
592592,0,0,3,4,0,35,2,7,5,9,2,0,4
592593,0,0,1,1,0,19,0,11,0,1,1,0,0
592594,0,0,0,0,0,0,0,0,0,0,0,0,0
592596,0,0,0,0,0,0,0,0,0,0,0,0,0
592604,0,0,0,0,0,0,0,0,0,0,0,0,0
592612,0,0,0,0,0,0,0,0,0,0,0,0,0
592614,0,0,0,0,0,0,0,0,0,0,0,0,0
592620,0,1,17,15,2,98,5,34,17,25,3,0,3
592626,4,2,25,31,1,229,13,66,34,54,2,0,16
592629,0,0,0,0,0,0,0,0,0,0,0,0,0
592644,0,0,0,0,0,0,0,0,0,0,0,0,0
592647,0,0,0,0,0,0,0,0,0,0,0,0,0
592660,0,0,0,0,0,0,0,0,0,0,0,0,0
592662,0,0,6,0,0,30,1,13,1,7,0,0,0
592663,7,2,67,12,2,279,5,50,33,89,7,0,17
592665,0,0,0,0,0,0,0,0,0,0,0,0,0
592669,0,0,0,0,0,0,0,0,0,0,0,0,0
592677,0,0,0,0,0,0,0,0,0,0,0,0,0
592680,0,0,7,1,0,49,0,19,8,10,3,0,3
592685,0,0,0,0,0,0,0,0,0,0,0,0,0
592696,3,1,20,3,0,141,4,34,20,33,3,1,8
592698,0,0,0,0,0,0,0,0,0,0,0,0,0
592700,0,0,0,0,0,0,0,0,0,0,0,0,0
592705,0,0,0,0,0,0,0,0,0,0,0,0,0
592710,2,0,7,6,0,49,0,19,9,13,3,0,6
592712,0,0,0,0,0,0,0,0,0,0,0,0,0
592716,0,0,0,0,0,0,0,0,0,0,0,0,0
592717,0,0,0,0,0,7,0,4,0,0,0,0,0
592731,0,0,2,0,0,10,0,5,1,3,1,0,1
592741,0,0,0,0,0,0,0,0,0,0,0,0,0
592743,2,1,39,7,0,199,1,16,20,53,10,1,12
592767,0,0,0,0,0,0,0,0,0,0,0,0,0
592773,0,0,0,0,0,0,0,0,0,0,0,0,0
592779,0,0,0,0,0,2,0,2,0,0,0,0,0
592781,0,0,0,0,0,0,0,0,0,0,0,0,0
592787,0,0,0,0,0,0,0,0,0,0,0,0,0
592789,0,0,1,4,0,34,2,21,4,5,0,0,2
592791,0,0,0,0,0,6,0,5,0,0,0,0,0
592804,0,0,0,0,0,0,0,0,0,0,0,0,0
592808,0,0,1,0,0,7,0,1,0,2,0,0,1
592811,0,0,0,0,0,0,0,0,0,0,0,0,0
592815,0,0,0,0,0,0,0,0,0,0,0,0,0
592826,0,0,5,1,0,25,0,8,3,6,1,0,1
592835,0,1,4,1,0,16,0,2,1,5,0,0,1
592836,0,0,0,0,0,0,0,0,0,0,0,0,0
592848,0,0,0,0,0,0,0,0,0,0,0,0,0
592863,0,0,0,0,0,0,0,0,0,0,0,0,0
592866,0,0,0,0,0,0,0,0,0,0,0,0,0
592869,0,0,0,0,0,0,0,0,0,0,0,0,0
592879,0,0,0,0,0,0,0,0,0,0,0,0,0
592881,0,0,0,0,0,0,0,0,0,0,0,0,0
592885,4,3,61,38,4,298,7,69,41,93,12,2,23
592895,0,0,0,0,0,0,0,0,0,0,0,0,0
593137,0,0,0,0,0,0,0,0,0,0,0,0,0
593140,0,0,0,0,0,0,0,0,0,0,0,0,0
593160,5,1,38,6,0,189,2,44,27,55,1,1,14
593334,0,0,0,0,0,0,0,0,0,0,0,0,0
593340,0,0,0,0,0,0,0,0,0,0,0,0,0
593372,0,0,9,0,0,33,0,7,3,9,0,0,0
593417,0,0,0,0,0,0,0,0,0,0,0,0,0
593423,0,0,0,0,0,0,0,0,0,0,0,0,0
593427,0,0,0,0,0,0,0,0,0,0,0,0,0
593428,11,3,85,33,2,353,10,57,65,117,8,0,22
593449,0,0,0,0,0,0,0,0,0,0,0,0,0
593495,1,1,21,6,0,121,0,23,8,22,4,0,1
593523,1,0,11,5,0,44,1,9,7,13,0,0,1
593525,0,0,0,0,0,0,0,0,0,0,0,0,0
593527,0,0,0,0,0,0,0,0,0,0,0,0,0
593528,0,0,0,0,0,0,0,0,0,0,0,0,0
593576,0,0,0,0,0,0,0,0,0,0,0,0,0
593582,0,0,0,0,0,0,0,0,0,0,0,0,0
593634,0,0,0,0,0,0,0,0,0,0,0,0,0
593643,1,0,6,0,0,37,0,13,2,6,1,0,0
593647,1,0,5,0,0,38,2,11,4,8,2,1,0
593679,0,0,0,0,0,0,0,0,0,0,0,0,0
593700,0,0,1,0,0,2,0,1,1,1,0,0,0
593833,0,0,0,0,0,0,0,0,0,0,0,0,0
593871,1,0,2,4,1,26,1,3,4,6,1,0,3
593934,1,0,30,36,1,213,14,84,32,51,5,0,7
593958,0,0,0,0,0,0,0,0,0,0,0,0,0
593969,0,0,0,0,0,0,0,0,0,0,0,0,0
594011,0,0,0,0,0,0,0,0,0,0,0,0,0
594027,0,0,0,0,0,0,0,0,0,0,0,0,0
594056,0,0,0,0,0,0,0,0,0,0,0,0,0
594311,0,0,0,0,0,0,0,0,0,0,0,0,0
594555,0,0,0,0,0,0,0,0,0,0,0,0,0
594576,0,0,0,0,0,0,0,0,0,0,0,0,0
594580,0,0,0,0,0,0,0,0,0,0,0,0,0
594694,0,0,0,0,0,0,0,0,0,0,0,0,0
594736,0,0,0,0,0,0,0,0,0,0,0,0,0
594742,0,0,0,0,0,0,0,0,0,0,0,0,0
594760,0,0,1,0,0,15,0,6,0,1,0,0,0
594772,0,0,0,0,0,0,0,0,0,0,0,0,0
594777,2,3,68,34,4,335,10,65,53,96,4,3,15
594798,0,0,1,3,0,25,0,8,2,1,1,0,0
594807,2,5,30,16,2,297,23,92,47,74,3,1,20
594809,10,3,68,34,11,339,5,62,43,93,5,7,13
594815,0,0,0,0,0,0,0,0,0,0,0,0,0
594824,1,1,19,14,2,72,2,16,20,24,0,0,3
594828,0,0,27,20,2,224,13,60,26,47,7,0,7
594835,0,0,0,0,0,0,0,0,0,0,0,0,0
594838,0,0,24,9,1,122,1,27,13,33,0,1,7
594840,0,0,0,0,0,0,0,0,0,0,0,0,0
594857,0,0,0,0,0,0,0,0,0,0,0,0,0
594867,0,0,0,0,0,0,0,0,0,0,0,0,0
594940,0,0,0,0,0,0,0,0,0,0,0,0,0
594943,0,0,0,0,0,0,0,0,0,0,0,0,0
594951,0,0,0,0,0,1,0,0,0,0,0,0,0
594965,0,0,0,0,0,0,0,0,0,0,0,0,0
594985,0,0,0,0,0,0,0,0,0,0,0,0,0
594986,0,0,0,0,0,0,0,0,0,0,0,0,0
594988,1,1,5,5,0,64,1,20,4,12,1,1,5
595001,0,0,0,0,0,2,0,1,0,0,0,0,0
595005,0,0,0,0,0,0,0,0,0,0,0,0,0
595014,0,0,0,0,0,0,0,0,0,0,0,0,0
595023,0,0,3,15,1,47,0,22,4,4,1,0,1
595025,0,0,0,0,0,0,0,0,0,0,0,0,0
595032,0,0,0,0,0,0,0,0,0,0,0,0,0
595191,0,0,4,0,0,33,0,7,2,5,0,0,1
595222,0,0,0,0,0,0,0,0,0,0,0,0,0
595235,0,0,0,0,0,0,0,0,0,0,0,0,0
595281,6,2,14,11,2,123,5,22,18,29,3,1,9
595284,0,0,0,0,0,0,0,0,0,0,0,0,0
595296,0,0,0,0,0,0,0,0,0,0,0,0,0
595297,0,0,0,0,0,0,0,0,0,0,0,0,0
595307,0,0,0,0,0,0,0,0,0,0,0,0,0
595345,0,0,0,0,0,0,0,0,0,0,0,0,0
595373,0,0,0,0,0,0,0,0,0,0,0,0,0
595375,0,0,0,0,0,0,0,0,0,0,0,0,0
595386,0,0,0,4,1,14,0,7,2,1,0,1,0
595426,0,0,0,0,0,0,0,0,0,0,0,0,0
595441,0,0,0,0,0,0,0,0,0,0,0,0,0
595453,0,0,0,0,0,0,0,0,0,0,0,0,0
595465,0,0,0,0,0,0,0,0,0,0,0,0,0
595751,0,0,0,0,0,0,0,0,0,0,0,0,0
595777,0,1,32,7,0,124,3,24,20,39,3,2,2
595879,6,1,37,9,5,213,9,52,27,58,5,0,12
595881,0,0,0,0,0,0,0,0,0,0,0,0,0
595885,0,0,0,0,0,0,0,0,0,0,0,0,0
595897,0,0,0,0,0,0,0,0,0,0,0,0,0
595909,0,0,0,0,0,0,0,0,0,0,0,0,0
595918,0,0,0,0,0,0,0,0,0,0,0,0,0
595939,0,0,0,0,0,0,0,0,0,0,0,0,0
595956,0,0,0,0,0,0,0,0,0,0,0,0,0
595963,1,0,24,8,1,153,3,37,13,33,4,3,3
595978,0,0,0,0,0,0,0,0,0,0,0,0,0
596018,0,0,0,0,0,0,0,0,0,0,0,0,0
596019,13,3,71,32,2,333,10,49,59,101,9,1,19
596023,0,0,0,0,0,0,0,0,0,0,0,0,0
596043,0,0,0,0,0,6,0,3,0,0,0,0,0
596048,0,0,0,0,0,0,0,0,0,0,0,0,0
596049,0,0,0,0,0,0,0,0,0,0,0,0,0
596057,0,0,0,0,0,0,0,0,0,0,0,0,0
596059,7,2,54,7,3,331,16,69,57,91,2,3,18
596064,0,0,0,0,0,0,0,0,0,0,0,0,0
596082,0,0,0,0,0,0,0,0,0,0,0,0,0
596105,0,0,0,0,0,0,0,0,0,0,0,0,0
596112,0,0,0,0,0,4,0,2,0,0,0,0,0
596115,5,3,38,29,4,315,21,114,51,82,3,4,19
596119,0,1,13,11,0,62,0,17,9,16,0,3,0
596129,0,0,0,0,0,0,0,0,0,0,0,0,0
596133,0,0,0,0,0,0,0,0,0,0,0,0,0
596142,0,0,0,0,0,4,0,1,0,0,0,0,0
596143,1,1,10,1,1,63,2,21,10,12,3,0,0
596144,1,0,41,9,0,203,8,46,23,57,8,0,8
596146,2,0,15,16,1,138,7,37,19,33,0,0,11
596295,0,0,0,0,0,0,0,0,0,0,0,0,0
596331,0,0,0,0,0,0,0,0,0,0,0,0,0
596451,0,0,0,0,0,0,0,0,0,0,0,0,0
596748,0,1,50,25,2,311,17,62,34,82,8,1,14
596847,0,1,1,6,0,20,0,7,0,1,0,0,0
598264,0,0,0,0,0,0,0,0,0,0,0,0,0
598265,7,1,46,35,6,297,14,69,51,88,3,6,22
598271,0,0,0,0,0,0,0,0,0,0,0,0,0
598284,0,0,3,3,0,57,4,25,5,7,2,0,0
598287,0,0,0,0,0,0,0,0,0,0,0,0,0
599096,0,0,0,0,0,0,0,0,0,0,0,0,0
599683,0,0,0,0,0,0,0,0,0,0,0,0,0
599998,0,0,0,0,0,0,0,0,0,0,0,0,0
600301,0,1,10,11,1,80,2,19,11,15,1,0,3
600303,0,0,13,9,2,91,2,20,12,24,2,1,8
600474,0,0,0,1,0,2,0,1,0,0,0,0,0
600524,0,0,0,0,0,0,0,0,0,0,0,0,0
600526,0,0,0,0,0,0,0,0,0,0,0,0,0
600869,0,0,1,2,1,11,0,5,0,1,0,0,0
600915,0,0,0,0,0,0,0,0,0,0,0,0,0
600917,0,0,0,0,0,0,0,0,0,0,0,0,0
600944,0,0,0,0,0,0,0,0,0,0,0,0,0
600968,0,0,0,0,0,0,0,0,0,0,0,0,0
602083,0,0,0,0,0,0,0,0,0,0,0,0,0
602115,0,0,0,0,0,0,0,0,0,0,0,0,0
602922,0,0,0,0,0,0,0,0,0,0,0,0,0
602925,0,0,0,0,0,0,0,0,0,0,0,0,0
605113,4,1,44,14,4,260,4,54,25,58,7,1,9
605125,3,1,12,8,0,109,4,23,13,28,0,0,12
605131,0,0,2,3,0,19,0,7,1,2,0,0,0
605135,0,0,0,0,0,0,0,0,0,0,0,0,0
605137,0,0,1,0,0,2,1,0,2,2,0,0,0
605141,15,1,69,24,1,381,18,55,74,114,6,4,23
605143,0,0,0,0,0,0,0,0,0,0,0,0,0
605148,0,0,0,0,0,0,0,0,0,0,0,0,0
605151,0,0,2,0,0,19,0,12,1,2,0,0,0
605152,0,0,0,0,0,0,0,0,0,0,0,0,0
605156,0,0,0,0,0,0,0,0,0,0,0,0,0
605164,0,0,0,0,0,0,0,0,0,0,0,0,0
605169,0,0,0,0,0,0,0,0,0,0,0,0,0
605177,0,0,0,0,0,0,0,0,0,0,0,0,0
605182,0,0,0,0,0,2,0,0,0,0,0,0,0
605183,0,0,1,5,1,22,0,9,2,2,0,0,1
605194,0,0,0,0,0,0,0,0,0,0,0,0,0
605195,0,0,0,0,0,0,0,0,0,0,0,0,0
605200,0,0,2,0,0,28,0,8,2,2,0,0,0
605204,0,0,0,0,0,0,0,0,0,0,0,0,0
605205,0,0,0,0,0,0,0,0,0,0,0,0,0
605218,0,0,0,0,0,1,0,1,0,0,0,0,0
605222,0,0,0,0,0,0,0,0,0,0,0,0,0
605226,0,0,0,0,0,0,0,0,0,0,0,0,0
605227,0,0,0,0,0,0,0,0,0,0,0,0,0
605228,0,0,5,1,0,31,0,7,1,7,1,0,2
605231,0,0,0,0,0,0,0,0,0,0,0,0,0
605232,0,0,4,2,0,33,0,13,2,5,1,0,1
605233,0,0,0,0,0,0,0,0,0,0,0,0,0
605242,0,0,0,0,0,2,0,2,0,0,0,0,0
605244,0,0,0,0,0,0,0,0,0,0,0,0,0
605253,2,0,0,0,0,1,0,1,2,0,0,0,0
605260,0,0,0,0,0,0,0,0,0,0,0,0,0
605288,0,0,0,0,0,0,0,0,0,0,0,0,0
605301,0,0,0,0,0,0,0,0,0,0,0,0,0
605304,0,0,0,0,0,4,0,3,0,0,0,0,0
605309,0,0,0,0,0,0,0,0,0,0,0,0,0
605317,0,0,0,0,0,0,0,0,0,0,0,0,0
605323,0,0,0,0,0,0,0,0,0,0,0,0,0
605327,0,0,0,0,0,0,0,0,0,0,0,0,0
605333,0,0,0,0,0,0,0,0,0,0,0,0,0
605338,0,0,0,0,0,0,0,0,0,0,0,0,0
605342,0,0,0,0,0,0,0,0,0,0,0,0,0
605347,0,0,0,0,0,0,0,0,0,0,0,0,0
605357,0,0,0,0,0,0,0,0,0,0,0,0,0
605359,0,0,0,0,0,0,0,0,0,0,0,0,0
605374,0,0,0,0,0,0,0,0,0,0,0,0,0
605384,0,0,0,0,0,0,0,0,0,0,0,0,0
605388,0,0,0,0,0,17,0,4,1,1,0,0,1
605390,0,0,0,0,0,0,0,0,0,0,0,0,0
605396,0,0,0,0,0,0,0,0,0,0,0,0,0
605397,0,0,0,0,0,0,0,0,0,0,0,0,0
605400,0,0,0,3,0,24,0,13,1,1,0,0,1
605412,5,0,48,26,1,273,7,31,45,70,7,5,10
605439,0,0,0,0,0,0,0,0,0,0,0,0,0
605452,0,0,7,3,0,36,0,14,2,9,1,0,2
605474,0,0,0,0,0,0,0,0,0,0,0,0,0
605476,0,0,0,0,0,0,0,0,0,0,0,0,0
605480,14,7,26,17,2,169,3,43,25,40,3,4,7
605483,0,0,0,0,0,0,0,0,0,0,0,0,0
605486,1,0,8,4,1,48,1,13,6,11,0,1,1
605490,0,0,0,0,0,0,0,0,0,0,0,0,0
605508,0,0,0,0,0,0,0,0,0,0,0,0,0
605509,5,1,19,10,1,76,0,13,9,22,1,0,3
605512,0,0,6,4,0,85,3,26,6,15,0,0,6
605523,0,0,0,0,0,0,0,0,0,0,0,0,0
605525,0,0,0,0,0,0,0,0,0,0,0,0,0
605538,0,0,2,0,0,30,0,14,1,2,1,0,0
605541,0,0,0,0,0,0,0,0,0,0,0,0,0
605894,0,0,0,0,0,0,0,0,0,0,0,0,0
606115,0,0,0,0,0,0,0,0,0,0,0,0,0
606120,0,0,0,0,0,0,0,0,0,0,0,0,0
606131,1,0,3,0,0,15,0,7,1,3,0,0,0
606132,0,0,0,0,0,0,0,0,0,0,0,0,0
606133,0,0,0,0,0,0,0,0,0,0,0,0,0
606160,0,0,0,0,0,0,0,0,0,0,0,0,0
606167,0,0,0,0,0,0,0,0,0,0,0,0,0
606273,0,0,0,0,0,0,0,0,0,0,0,0,0
606291,0,0,0,0,0,0,0,0,0,0,0,0,0
606299,9,0,17,2,1,68,0,10,6,17,1,0,0
606323,0,0,0,0,0,0,0,0,0,0,0,0,0
606424,0,0,0,0,0,0,0,0,0,0,0,0,0
606466,8,5,54,10,1,272,1,48,35,73,4,2,16
606928,0,0,0,0,0,0,0,0,0,0,0,0,0
606930,0,0,0,0,0,0,0,0,0,0,0,0,0
606935,0,0,0,0,0,0,0,0,0,0,0,0,0
606959,0,0,0,0,0,0,0,0,0,0,0,0,0
606965,0,0,0,0,0,0,0,0,0,0,0,0,0
607036,0,0,0,0,0,0,0,0,0,0,0,0,0
607043,0,0,10,3,1,43,1,11,6,11,0,0,0
607054,1,3,29,15,1,144,3,29,21,39,2,0,7
607067,0,0,4,2,0,31,0,14,3,4,0,0,0
607074,0,0,0,0,0,0,0,0,0,0,0,0,0
607111,0,0,0,0,0,0,0,0,0,0,0,0,0
607170,0,0,0,0,0,0,0,0,0,0,0,0,0
607185,0,0,0,0,0,0,0,0,0,0,0,0,0
607188,0,0,0,0,0,0,0,0,0,0,0,0,0
607192,0,0,1,0,0,2,0,1,0,1,0,0,0
607208,0,0,2,1,0,3,0,0,0,3,0,0,1
607219,0,0,0,0,0,0,0,0,0,0,0,0,0
607223,0,0,3,5,0,34,2,15,5,5,0,0,0
607229,0,0,0,0,0,0,0,0,0,0,0,0,0
607231,0,0,0,0,0,5,0,0,0,0,0,0,0
607237,0,0,0,0,0,0,0,0,0,0,0,0,0
607240,0,0,0,0,0,0,0,0,0,0,0,0,0
607249,0,0,0,0,0,0,0,0,0,0,0,0,0
607256,0,0,0,0,0,0,0,0,0,0,0,0,0
607257,0,0,0,0,0,0,0,0,0,0,0,0,0
607259,0,0,0,0,0,2,0,1,0,0,0,0,0
607294,0,0,0,0,0,0,0,0,0,0,0,0,0
607309,0,0,0,0,0,0,0,0,0,0,0,0,0
607320,0,0,0,0,0,0,0,0,0,0,0,0,0
607343,0,0,0,0,0,0,0,0,0,0,0,0,0
607345,0,0,0,0,0,0,0,0,0,0,0,0,0
607352,0,0,0,0,0,0,0,0,0,0,0,0,0
607355,0,0,0,0,0,0,0,0,0,0,0,0,0
607359,0,0,0,0,0,2,0,1,0,0,0,0,0
607369,0,0,0,0,0,0,0,0,0,0,0,0,0
607374,0,0,0,0,0,2,0,1,0,0,0,0,0
607385,0,0,1,0,0,20,0,6,0,2,0,0,1
607387,6,0,29,14,5,158,7,49,30,44,6,1,7
607399,0,0,0,0,0,0,0,0,0,0,0,0,0
607430,0,0,0,0,0,0,0,0,0,0,0,0,0
607437,0,0,0,0,0,0,0,0,0,0,0,0,0
607457,0,0,0,0,0,0,0,0,0,0,0,0,0
607468,0,0,0,0,0,0,0,0,0,0,0,0,0
607471,0,0,0,0,0,0,0,0,0,0,0,0,0
607473,0,0,0,0,0,0,0,0,0,0,0,0,0
607500,0,0,0,0,0,0,0,0,0,0,0,0,0
607540,0,0,0,0,0,0,0,0,0,0,0,0,0
607608,0,0,0,0,0,0,0,0,0,0,0,0,0
607625,0,0,0,0,0,0,0,0,0,0,0,0,0
607670,0,0,0,0,0,0,0,0,0,0,0,0,0
607680,7,4,60,10,6,342,7,60,37,90,7,2,21
607706,0,0,0,0,0,0,0,0,0,0,0,0,0
607727,0,0,0,0,0,0,0,0,0,0,0,0,0
607732,0,0,0,0,0,8,0,3,0,1,0,0,1
607752,0,0,0,0,0,0,0,0,0,0,0,0,0
607776,0,1,9,6,2,67,3,18,8,14,2,0,2
607951,0,0,0,0,0,0,0,0,0,0,0,0,0
607962,0,0,0,0,0,0,0,0,0,0,0,0,0
607968,0,0,0,0,0,0,0,0,0,0,0,0,0
608032,0,0,0,0,0,0,0,0,0,0,0,0,0
608061,0,0,0,0,0,0,0,0,0,0,0,0,0
608070,10,4,58,23,3,283,4,35,42,84,3,1,21
608115,0,0,0,0,0,0,0,0,0,0,0,0,0
608167,0,0,0,0,0,0,0,0,0,0,0,0,0
608325,0,0,0,0,0,0,0,0,0,0,0,0,0
608328,0,0,0,0,0,0,0,0,0,0,0,0,0
608336,0,0,0,0,0,1,0,0,0,0,0,0,0
608337,0,0,0,0,0,2,0,0,0,0,0,0,0
608348,0,0,0,0,0,0,0,0,0,0,0,0,0
608349,0,0,0,0,0,0,0,0,0,0,0,0,0
608365,2,0,43,37,4,286,11,82,36,67,6,2,11
608369,1,3,62,33,1,349,17,76,60,104,7,3,22
608371,0,0,0,0,0,0,0,0,0,0,0,0,0
608379,0,0,1,3,0,31,0,16,1,1,1,0,0
608384,0,0,0,0,0,0,0,0,0,0,0,0,0
608385,0,0,0,0,0,0,0,0,0,0,0,0,0
608566,0,0,0,0,0,0,0,0,0,0,0,0,0
608577,0,1,65,22,3,303,11,53,36,85,7,0,9
608589,0,0,0,0,0,0,0,0,0,0,0,0,0
608596,0,0,0,0,0,0,0,0,0,0,0,0,0
608638,0,0,0,0,0,0,0,0,0,0,0,0,0
608641,0,0,0,0,0,0,0,0,0,0,0,0,0
608648,0,0,0,0,0,1,0,1,0,0,0,0,0
608654,0,0,0,0,0,0,0,0,0,0,0,0,0
608665,0,0,0,0,0,4,0,3,0,0,0,0,0
608671,14,3,22,17,0,100,1,36,22,25,2,1,1
608672,0,0,0,0,0,3,0,0,0,0,0,0,0
608678,0,0,0,0,0,0,0,0,0,0,0,0,0
608685,0,0,0,0,0,0,0,0,0,0,0,0,0
608691,0,0,0,0,0,0,0,0,0,0,0,0,0
608700,0,0,18,17,2,124,1,31,6,24,2,0,5
608701,1,0,15,9,0,82,0,16,13,23,4,0,8
608703,0,0,4,2,0,43,1,15,5,10,0,0,5
608715,0,0,0,0,0,0,0,0,0,0,0,0,0
608717,0,0,0,0,0,1,0,0,0,0,1,0,0
608719,0,0,0,0,0,0,0,0,0,0,0,0,0
608723,0,0,0,0,0,0,0,0,0,0,0,0,0
608724,0,0,0,0,0,0,0,0,0,0,0,0,0
608730,0,0,0,0,0,0,0,0,0,0,0,0,0
609275,0,0,0,0,0,0,0,0,0,0,0,0,0
611093,0,0,0,0,0,0,0,0,0,0,0,0,0
611177,2,0,47,9,3,246,5,48,22,62,6,0,10
612272,0,0,0,0,0,0,0,0,0,0,0,0,0
612434,0,0,0,0,0,0,0,0,0,0,0,0,0
612672,0,0,0,0,0,35,0,15,0,0,1,0,0
615868,0,0,0,0,0,0,0,0,0,0,0,0,0
616623,0,0,0,0,0,0,0,0,0,0,0,0,0
620439,0,0,0,0,0,0,0,0,0,0,0,0,0
620442,0,0,0,0,0,0,0,0,0,0,0,0,0
620446,0,0,0,0,0,0,0,0,0,0,0,0,0
621002,0,0,0,0,0,0,0,0,0,0,0,0,0
621035,0,0,3,1,0,19,0,5,2,4,2,1,0
621043,7,4,51,44,4,322,14,83,45,84,6,3,16
621072,0,0,0,0,0,0,0,0,0,0,0,0,0
621078,0,0,0,0,0,0,0,0,0,0,0,0,0
621107,0,0,0,0,0,9,0,4,1,1,0,0,1
621121,0,0,1,0,0,3,0,0,1,1,0,0,0
621173,0,0,0,0,0,0,0,0,0,0,0,0,0
621199,0,0,0,0,0,1,0,1,0,0,0,0,0
621209,0,0,0,0,1,4,0,3,0,0,0,0,0
621212,0,0,0,0,0,0,0,0,0,0,0,0,0
621216,0,0,0,0,0,0,0,0,0,0,0,0,0
621219,0,0,0,0,0,0,0,0,0,0,0,0,0
621242,0,0,0,0,0,0,0,0,0,0,0,0,0
621244,0,0,0,0,0,0,0,0,0,0,0,0,0
621249,0,0,0,0,0,0,0,0,0,0,0,0,0
621281,0,0,0,0,0,2,0,1,0,0,0,0,0
621283,0,0,0,0,0,0,0,0,0,0,0,0,0
621289,0,0,0,0,0,0,0,0,0,0,0,0,0
621295,0,0,0,0,0,0,0,0,0,0,0,0,0
621311,0,0,0,0,0,0,0,0,0,0,0,0,0
621355,0,0,0,0,0,0,0,0,0,0,0,0,0
621381,0,0,0,0,0,0,0,0,0,0,0,0,0
621385,0,0,0,0,0,0,0,0,0,0,0,0,0
621389,0,0,0,0,0,0,0,0,0,0,0,0,0
621397,0,0,0,0,0,0,0,0,0,0,0,0,0
621408,0,0,0,0,0,0,0,0,0,0,0,0,0
621413,0,0,0,0,0,0,0,0,0,0,0,0,0
621433,0,0,0,0,0,0,0,0,0,0,0,0,0
621439,6,0,15,8,1,151,1,61,17,32,1,4,12
621445,0,0,0,0,0,0,0,0,0,0,0,0,0
621446,0,0,0,0,0,0,0,0,0,0,0,0,0
621471,0,0,0,0,0,0,0,0,0,0,0,0,0
621511,0,0,0,0,0,0,0,0,0,0,0,0,0
621515,0,0,0,0,0,0,0,0,0,0,0,0,0
621528,0,0,0,0,0,0,0,0,0,0,0,0,0
621529,0,0,0,0,0,0,0,0,0,0,0,0,0
621531,0,0,0,0,0,0,0,0,0,0,0,0,0
621550,0,0,0,0,0,0,0,0,0,0,0,0,0
621559,0,0,0,0,0,0,0,0,0,0,0,0,0
621563,0,0,0,0,0,0,0,0,0,0,0,0,0
621566,0,0,0,0,0,0,0,0,0,0,0,0,0
621962,0,0,0,0,0,0,0,0,0,0,0,0,0
622046,0,0,0,0,0,0,0,0,0,0,0,0,0
622072,0,0,4,1,0,16,0,9,2,4,0,0,0
622092,0,0,0,0,0,0,0,0,0,0,0,0,0
622097,0,0,0,0,0,0,0,0,0,0,0,0,0
622110,8,4,48,20,4,257,4,40,32,65,9,2,11
622194,0,0,0,0,0,0,0,0,0,0,0,0,0
622217,0,0,0,0,0,0,0,0,0,0,0,0,0
622218,0,0,0,0,0,0,0,0,0,0,0,0,0
622505,0,0,0,0,0,0,0,0,0,0,0,0,0
622524,0,0,0,0,0,0,0,0,0,0,0,0,0
622534,0,0,0,0,0,0,0,0,0,0,0,0,0
622608,0,0,0,0,0,0,0,0,0,0,0,0,0
622663,0,0,0,0,0,0,0,0,0,0,0,0,0
622712,0,0,0,0,0,0,0,0,0,0,0,0,0
622713,0,0,0,0,0,0,0,0,0,0,0,0,0
622761,0,0,0,0,0,0,0,0,0,0,0,0,0
622772,0,0,0,0,0,0,0,0,0,0,0,0,0
622795,0,0,0,0,0,0,0,0,0,0,0,0,0
623143,0,0,18,5,1,106,4,24,12,26,1,0,4
623149,0,0,0,0,0,0,0,0,0,0,0,0,0
623166,0,0,0,0,0,1,0,0,0,0,0,0,0
623168,0,0,0,0,0,0,0,0,0,0,0,0,0
623182,0,0,0,0,0,0,0,0,0,0,0,0,0
623184,0,0,0,0,0,0,0,0,0,0,0,0,0
623188,0,0,0,0,0,0,0,0,0,0,0,0,0
623195,0,0,0,0,0,0,0,0,0,0,0,0,0
623352,0,0,0,0,0,0,0,0,0,0,0,0,0
623395,0,0,0,0,0,1,0,1,0,0,0,0,0
623401,0,0,0,0,0,0,0,0,0,0,0,0,0
623406,0,0,0,0,0,0,0,0,0,0,0,0,0
623430,0,0,0,0,0,0,0,0,0,0,0,0,0
623439,0,0,0,0,0,0,0,0,0,0,0,0,0
623500,0,0,0,0,0,0,0,0,0,0,0,0,0
623912,0,0,0,0,0,0,0,0,0,0,0,0,0
623923,0,0,0,0,0,0,0,0,0,0,0,0,0
624414,0,0,0,0,0,0,0,0,0,0,0,0,0
624424,2,1,24,22,2,216,10,63,29,48,4,1,13
624428,3,0,5,1,0,20,0,2,3,7,0,1,1
624507,0,0,0,0,0,0,0,0,0,0,0,0,0
624512,0,0,0,0,0,0,0,0,0,0,0,0,0
624513,0,0,0,0,0,0,0,0,0,0,0,0,0
624577,4,1,47,15,5,244,7,53,32,63,8,2,7
624585,0,0,19,17,3,130,5,36,24,29,2,0,5
624586,0,0,0,0,0,0,0,0,0,0,0,0,0
625329,0,0,0,0,0,0,0,0,0,0,0,0,0
627892,0,0,0,0,0,0,0,0,0,0,0,0,0
628317,0,0,2,0,0,26,1,7,1,3,0,0,0
628329,0,0,1,0,0,8,0,3,4,2,0,0,1
628333,0,0,0,0,0,0,0,0,0,0,0,0,0
628338,0,0,0,0,0,0,0,0,0,0,0,0,0
628356,2,0,20,11,8,164,11,43,22,41,6,0,10
628452,0,0,1,0,0,11,0,2,0,1,0,0,0
628711,0,0,1,0,0,9,0,3,0,1,1,0,0
629502,0,0,0,0,0,0,0,0,0,0,0,0,0
630029,0,0,0,0,0,0,0,0,0,0,0,0,0
630111,2,2,44,18,1,282,13,74,37,72,10,0,15
633831,0,0,0,0,0,0,0,0,0,0,0,0,0
636072,0,0,0,0,0,0,0,0,0,0,0,0,0
640447,0,0,0,0,0,0,0,0,0,0,0,0,0
640455,0,0,0,0,0,2,0,1,0,0,0,0,0
640461,0,0,0,0,0,0,0,0,0,0,0,0,0
640463,0,0,0,0,0,0,0,0,0,0,0,0,0
641313,3,0,22,1,0,121,4,36,19,36,2,1,9
641319,0,0,0,0,0,0,0,0,0,0,0,0,0
641334,0,0,0,0,0,0,0,0,0,0,0,0,0
641339,0,0,0,0,0,0,0,0,0,0,0,0,0
641355,0,0,0,0,0,0,0,0,0,0,0,0,0
641438,0,0,0,0,0,0,0,0,0,0,0,0,0
641477,0,0,0,0,0,0,0,0,0,0,0,0,0
641487,0,0,0,0,0,0,0,0,0,0,0,0,0
641490,0,0,0,0,0,0,0,0,0,0,0,0,0
641501,0,0,0,0,0,0,0,0,0,0,0,0,0
641531,0,0,0,0,0,0,0,0,0,0,0,0,0
641553,0,0,0,0,0,0,0,0,0,0,0,0,0
641558,0,0,0,0,0,0,0,0,0,0,0,0,0
641583,0,0,0,0,0,0,0,0,0,0,0,0,0
641598,0,0,0,0,0,0,0,0,0,0,0,0,0
641627,0,0,0,0,0,0,0,0,0,0,0,0,0
641632,0,0,0,0,0,0,0,0,0,0,0,0,0
641640,0,0,0,0,0,0,0,0,0,0,0,0,0
641680,0,0,0,0,0,0,0,0,0,0,0,0,0
641724,0,0,0,0,0,0,0,0,0,0,0,0,0
641729,0,0,0,0,0,0,0,0,0,0,0,0,0
641771,0,0,1,0,0,2,0,1,0,1,0,0,0
641820,0,0,0,0,0,0,0,0,0,0,0,0,0
641840,0,0,0,0,0,0,0,0,0,0,0,0,0
641851,0,0,0,0,0,0,0,0,0,0,0,0,0
641857,0,0,0,0,0,0,0,0,0,0,0,0,0
641924,0,0,0,0,0,0,0,0,0,0,0,0,0
641929,0,0,0,0,0,0,0,0,0,0,0,0,0
641958,0,0,0,0,0,0,0,0,0,0,0,0,0
642003,0,0,0,1,0,2,0,1,1,0,0,0,0
642008,0,0,0,0,0,0,0,0,0,0,0,0,0
642082,0,0,0,0,0,0,0,0,0,0,0,0,0
642086,0,0,0,0,0,0,0,0,0,0,0,0,0
642091,0,0,0,0,0,0,0,0,0,0,0,0,0
642094,0,0,0,0,0,0,0,0,0,0,0,0,0
642114,0,0,0,0,0,0,0,0,0,0,0,0,0
642117,0,0,0,0,0,0,0,0,0,0,0,0,0
642133,0,0,0,0,0,0,0,0,0,0,0,0,0
642140,0,0,0,0,0,0,0,0,0,0,0,0,0
642156,0,0,0,0,0,0,0,0,0,0,0,0,0
642180,0,0,0,0,0,0,0,0,0,0,0,0,0
642229,0,0,0,0,0,5,0,2,0,0,0,0,0
642435,0,0,0,0,0,0,0,0,0,0,0,0,0
642457,0,0,0,0,0,0,0,0,0,0,0,0,0
642471,0,0,0,0,0,0,0,0,0,0,0,0,0
642770,0,0,0,0,0,0,0,0,0,0,0,0,0
642835,0,0,0,0,0,0,0,0,0,0,0,0,0
643218,0,0,0,0,0,0,0,0,0,0,0,0,0
643230,0,0,1,0,0,1,0,0,0,1,0,0,0
643297,0,0,1,0,0,1,0,0,0,1,0,0,0
643316,0,0,0,0,0,0,0,0,0,0,0,0,0
643325,0,0,0,0,0,0,0,0,0,0,0,0,0
643327,0,0,0,0,0,5,0,3,0,0,0,0,0
643337,0,0,0,0,0,0,0,0,0,0,0,0,0
643338,0,0,0,0,0,4,0,4,0,0,0,0,0
643364,0,0,0,0,0,0,0,0,0,0,0,0,0
643376,0,0,0,0,0,0,0,0,0,0,0,0,0
643392,0,0,0,0,0,0,0,0,0,0,0,0,0
643393,1,1,7,7,0,42,0,9,4,10,2,2,1
643419,0,0,0,0,0,0,0,0,0,0,0,0,0
643440,0,0,0,0,0,0,0,0,0,0,0,0,0
643466,0,0,0,0,0,0,0,0,0,0,0,0,0
643550,0,0,0,0,0,0,0,0,0,0,0,0,0
643565,0,0,0,0,0,0,0,0,0,0,0,0,0
643603,1,0,20,19,2,166,7,46,16,35,5,0,8
643778,0,0,0,0,0,0,0,0,0,0,0,0,0
645277,0,0,0,0,0,0,0,0,0,0,0,0,0
645521,0,0,0,0,0,0,0,0,0,0,0,0,0
645848,0,0,0,1,0,0,0,0,0,0,0,0,0
648717,0,0,0,0,0,0,0,0,0,0,0,0,0
648737,0,0,0,0,0,0,0,0,0,0,0,0,0
649557,3,2,54,27,4,291,13,42,56,91,5,2,22
650869,0,0,0,0,0,0,0,0,0,0,0,0,0
650895,0,0,0,0,0,0,0,0,0,0,0,0,0
654786,0,0,0,0,0,0,0,0,0,0,0,0,0
656305,0,0,0,0,0,0,0,0,0,0,0,0,0
656322,0,0,0,0,0,0,0,0,0,0,0,0,0
656352,0,0,0,0,0,0,0,0,0,0,0,0,0
656375,0,0,0,0,0,0,0,0,0,0,0,0,0
656417,0,0,0,0,0,0,0,0,0,0,0,0,0
656485,0,0,0,0,0,0,0,0,0,0,0,0,0
656494,0,0,0,0,0,0,0,0,0,0,0,0,0
656546,0,0,0,0,0,0,0,0,0,0,0,0,0
656794,0,0,0,0,0,0,0,0,0,0,0,0,0
656920,0,0,0,0,0,0,0,0,0,0,0,0,0
656941,0,0,0,1,0,4,0,2,0,0,0,0,0
657123,0,0,0,0,0,0,0,0,0,0,0,0,0
657139,0,0,0,0,0,0,0,0,0,0,0,0,0
657205,0,0,0,0,0,0,0,0,0,0,0,0,0
657670,0,0,0,0,0,0,0,0,0,0,0,0,0
657680,0,0,0,0,0,0,0,0,0,0,0,0,0
657686,0,0,0,0,0,0,0,0,0,0,0,0,0
657763,0,0,0,0,0,0,0,0,0,0,0,0,0
658792,0,0,0,0,0,0,0,0,0,0,0,0,0
661255,0,0,0,0,0,0,0,0,0,0,0,0,0
661281,0,0,0,0,0,0,0,0,0,0,0,0,0
663411,0,0,0,0,0,0,0,0,0,0,0,0,0
664125,0,0,0,0,0,0,0,0,0,0,0,0,0
664463,0,0,0,0,0,0,0,0,0,0,0,0,0
664641,0,0,0,0,0,0,0,0,0,0,0,0,0
665285,0,0,0,0,0,0,0,0,0,0,0,0,0
665579,0,0,0,0,0,0,0,0,0,0,0,0,0
666560,1,0,19,21,5,215,12,80,28,41,3,1,9
666888,0,0,0,0,0,0,0,0,0,0,0,0,0
