"MLBId","G","GS","PO","A","E","POS"
112526,18,17,8,18,1,"P"
120074,0,0,0,0,0,"DH"
121347,0,0,0,0,0,"DH"
124604,0,0,0,0,0,"P"
134181,80,80,57,170,4,"3B"
136860,52,50,68,2,1,"DH"
150029,74,74,106,2,0,"LF"
150229,45,41,326,14,4,"C"
150274,0,0,0,0,0,"P"
207267,0,0,0,0,0,"P"
234194,0,0,0,0,0,"P"
276351,35,0,2,1,1,"P"
276519,35,34,47,86,2,"SS"
276520,0,0,0,0,0,"P"
276542,22,0,1,2,1,"P"
279571,17,0,1,2,0,"P"
279827,0,0,0,0,0,"C"
282332,14,14,0,11,2,"P"
285064,12,2,4,2,0,"P"
285078,0,0,0,0,0,"LF"
285079,18,18,2,16,1,"P"
329092,0,0,0,0,0,"P"
346798,0,0,0,0,0,"P"
346847,0,0,0,0,0,"P"
346874,60,60,39,116,7,"3B"
400085,34,29,62,5,0,"RF"
400089,0,0,0,0,0,"P"
400121,5,5,36,0,0,"DH"
400284,76,67,104,158,2,"2B"
405395,25,25,176,16,2,"DH"
407781,35,30,42,2,0,"RF"
407793,17,17,6,12,0,"P"
407812,70,69,122,7,0,"LF"
407819,13,0,0,0,0,"P"
407822,14,11,3,6,2,"P"
407845,33,0,0,6,1,"P"
407890,15,15,1,7,1,"P"
407893,57,55,481,28,3,"1B"
407908,31,0,1,2,0,"P"
408045,57,56,465,36,2,"1B"
408047,0,0,0,0,0,"DH"
408061,32,0,3,1,0,"P"
408234,79,79,658,60,3,"1B"
408236,83,80,631,45,1,"1B"
408241,17,17,3,7,1,"P"
408252,78,78,139,220,10,"2B"
408299,39,38,66,102,3,"2B"
408307,21,18,28,0,0,"LF"
408314,4,4,1,7,0,"3B"
424144,37,0,0,0,0,"P"
424325,40,33,293,30,7,"C"
424825,67,58,96,1,1,"LF"
425386,0,0,0,0,0,"P"
425426,26,0,0,2,0,"P"
425492,37,0,2,5,0,"P"
425509,23,23,14,47,2,"3B"
425532,0,0,0,0,0,"P"
425549,0,0,0,0,0,"SS"
425565,0,0,0,0,0,"C"
425626,16,0,0,1,1,"P"
425657,38,0,0,4,0,"P"
425664,0,0,0,0,0,"LF"
425766,36,36,267,29,3,"1B"
425772,21,20,170,19,0,"C"
425773,0,0,0,0,0,"1B"
425783,29,29,60,3,2,"RF"
425784,25,24,208,14,0,"C"
425794,18,18,9,16,0,"P"
425796,50,42,66,5,2,"LF"
425834,87,81,153,8,2,"LF"
425835,2,0,0,0,0,"P"
425840,0,0,0,0,0,"P"
425844,17,17,16,21,1,"P"
425856,28,0,0,2,0,"P"
425877,82,77,589,26,0,"C"
425900,52,47,378,24,4,"C"
425902,6,6,37,1,1,"DH"
429400,0,0,0,0,0,"P"
429664,85,84,147,225,2,"2B"
429665,27,27,231,8,2,"DH"
429666,40,40,58,106,4,"SS"
429667,48,46,351,22,7,"1B"
429711,43,30,56,0,0,"RF"
429719,8,0,1,1,0,"P"
429722,16,16,14,7,1,"P"
429780,6,0,0,1,0,"P"
430001,22,14,21,2,2,"LF"
430580,13,11,2,5,1,"P"
430589,35,0,1,1,1,"P"
430599,41,0,1,5,0,"P"
430603,2,2,14,5,0,"1B"
430605,35,31,35,2,1,"LF"
430634,0,0,0,0,0,"P"
430637,51,38,68,71,7,"3B"
430641,33,0,2,3,0,"P"
430652,0,0,0,0,0,"CF"
430661,26,0,3,3,0,"P"
430673,0,0,0,0,0,"P"
430832,63,61,96,4,1,"RF"
430895,0,0,0,0,0,"2B"
430897,0,0,0,0,0,"LF"
430910,3,2,13,1,1,"C"
430911,0,0,0,0,0,"P"
430912,11,11,4,10,1,"P"
430935,18,18,5,9,2,"P"
430945,81,79,191,3,2,"CF"
430947,66,61,69,162,7,"SS"
431094,80,72,70,149,2,"3B"
431145,74,66,527,31,1,"C"
431148,18,18,3,12,0,"P"
431151,36,36,23,58,4,"3B"
431162,0,0,0,0,0,"P"
431171,0,0,0,0,0,"3B"
432934,15,13,1,4,0,"P"
433217,52,25,62,65,4,"3B"
433579,4,4,1,3,0,"P"
433584,0,0,0,0,0,"P"
433586,36,0,0,2,0,"P"
433587,10,10,3,7,2,"P"
433589,22,1,0,0,0,"P"
434137,3,0,2,0,0,"P"
434158,75,75,149,3,0,"RF"
434378,18,18,5,15,1,"P"
434442,34,0,0,6,0,"P"
434538,17,17,1,9,1,"P"
434563,33,33,293,19,3,"C"
434567,19,17,112,6,0,"C"
434604,1,1,5,0,0,"1B"
434622,18,17,5,5,2,"P"
434628,17,17,11,19,1,"P"
434636,56,55,89,2,2,"LF"
434643,0,0,0,0,0,"P"
434658,88,66,146,7,4,"CF"
434665,0,0,0,0,0,"P"
434670,73,73,540,13,2,"1B"
434671,21,13,5,8,1,"P"
434672,0,0,0,0,0,"P"
434718,20,0,1,2,0,"P"
434778,7,7,22,0,0,"DH"
435041,0,0,0,0,0,"LF"
435043,43,0,1,9,0,"P"
435062,82,62,123,59,5,"LF"
435063,59,59,511,32,7,"1B"
435064,40,36,273,9,0,"C"
435079,83,82,172,230,4,"2B"
435180,0,0,0,0,0,"2B"
435220,0,0,0,0,0,"OF"
435221,1,1,0,1,0,"P"
435263,68,61,568,27,2,"C"
435400,20,0,1,4,0,"P"
435459,0,0,0,0,0,"C"
435522,78,77,128,217,5,"2B"
435559,57,55,411,17,3,"C"
435622,90,86,187,6,6,"1B"
435625,0,0,0,0,0,"RF"
443558,36,36,65,2,1,"DH"
444379,70,64,493,33,3,"1B"
444432,50,48,91,5,3,"RF"
444436,18,0,1,5,0,"P"
444468,30,0,5,3,0,"P"
444482,45,34,85,0,0,"RF"
444489,0,0,0,0,0,"C"
444520,15,0,0,2,0,"P"
444836,0,0,0,0,0,"P"
444843,0,0,0,0,0,"RF"
444857,21,5,2,7,1,"P"
444875,0,0,0,0,0,""
444876,86,86,117,215,10,"SS"
445055,66,64,149,4,0,"CF"
445060,17,17,5,13,1,"P"
445163,0,0,0,0,0,"P"
445170,0,0,0,0,0,"P"
445197,14,0,1,2,0,"P"
445213,25,0,3,9,0,"P"
445216,0,0,0,0,0,"P"
445276,38,0,2,1,1,"P"
445612,0,0,0,0,0,"P"
445926,32,0,1,2,0,"P"
445968,25,0,0,3,0,"P"
445988,79,75,38,130,3,"3B"
446044,0,0,0,0,0,""
446099,38,0,1,6,0,"P"
446192,0,0,0,0,0,"C"
446225,0,0,0,0,0,"C"
446263,38,34,270,21,1,"1B"
446308,60,55,432,25,4,"C"
446321,7,0,0,1,0,"P"
446334,80,80,52,160,5,"3B"
446359,72,72,127,204,9,"SS"
446372,18,18,13,10,1,"P"
446381,62,49,69,143,4,"2B"
446386,42,36,79,0,1,"LF"
446395,0,0,0,0,0,"CF"
446399,20,0,0,1,0,"P"
446481,89,31,161,65,2,"1B"
446488,0,0,0,0,0,"P"
446653,25,21,196,11,0,"C"
446899,36,0,1,8,1,"P"
447714,27,0,0,1,0,"P"
447755,7,0,1,0,0,"P"
448159,0,0,0,0,0,"P"
448170,0,0,0,0,0,"1B"
448178,33,0,0,1,0,"P"
448179,13,13,4,7,2,"P"
448281,35,0,0,5,0,"P"
448296,0,0,0,0,0,"2B"
448306,17,17,2,10,2,"P"
448602,77,69,640,53,4,"1B"
448605,1,1,4,0,0,"CF"
448609,34,0,1,2,1,"P"
448614,37,0,2,4,0,"P"
448801,83,83,731,35,4,"1B"
448802,17,17,2,14,1,"P"
448855,12,12,6,8,2,"P"
449079,0,0,0,0,0,"P"
449097,28,0,0,1,0,"P"
449104,31,0,2,2,0,"P"
449107,45,28,36,36,5,"SS"
449168,0,0,0,0,0,"LF"
449173,2,2,2,2,0,"P"
449181,57,51,93,4,2,"RF"
449786,0,0,0,0,0,"C"
450172,18,18,7,11,0,"P"
450203,4,4,1,2,0,"P"
450212,34,0,2,2,1,"P"
450275,32,0,2,3,0,"P"
450282,2,0,0,0,0,"P"
450306,0,0,0,0,0,"P"
450308,17,17,3,5,0,"P"
450314,86,79,122,166,2,"2B"
450315,0,0,0,0,0,"1B"
450317,0,0,0,0,0,"C"
450351,0,0,0,0,0,"P"
450641,0,0,0,0,0,"LF"
450665,6,6,2,2,0,"P"
450729,17,17,8,10,1,"P"
451085,7,0,0,0,0,"P"
451089,0,0,0,0,0,"LF"
451109,0,0,0,0,0,"C"
451584,30,0,1,4,0,"P"
451594,63,61,114,3,3,"CF"
451596,8,8,0,2,0,"P"
451661,15,0,2,0,0,"P"
451705,0,0,0,0,0,"C"
451713,0,0,0,0,0,"LF"
451775,34,0,1,0,0,"P"
451783,1,0,1,0,0,"P"
452035,0,0,0,0,0,"1B"
452061,0,0,0,0,0,"P"
452095,51,46,365,24,1,"C"
452096,0,0,0,0,0,""
452104,78,76,49,159,5,"3B"
452220,29,19,29,38,2,"2B"
452234,61,49,99,3,1,"RF"
452239,0,0,0,0,0,"CF"
452252,53,47,382,25,3,"1B"
452254,47,47,94,2,0,"RF"
452655,76,74,161,1,1,"CF"
452657,17,17,8,14,0,"P"
452666,24,0,2,2,0,"P"
452672,23,21,186,19,0,"C"
452678,81,80,106,208,3,"SS"
452718,0,0,0,0,0,"P"
452722,0,0,0,0,0,"C"
452733,7,0,0,0,0,"P"
453056,77,71,134,3,2,"CF"
453064,63,63,79,209,7,"SS"
453172,30,0,3,3,0,"P"
453178,17,17,2,3,0,"P"
453192,37,0,2,0,0,"P"
453203,35,18,57,1,0,"LF"
453211,23,12,30,0,0,"CF"
453214,17,17,5,22,2,"P"
453222,3,0,0,0,0,"P"
453249,28,0,0,2,0,"P"
453256,0,0,0,0,0,"C"
453265,38,0,2,2,0,"P"
453268,0,0,0,0,0,"P"
453269,0,0,0,0,0,"RF"
453281,3,3,0,2,0,"P"
453284,0,0,0,0,0,"P"
453286,18,18,7,10,0,"P"
453307,2,2,0,1,1,"P"
453311,4,4,1,1,0,"P"
453329,18,13,6,2,0,"P"
453343,39,0,6,3,0,"P"
453344,0,0,0,0,0,"P"
453385,22,0,0,5,0,"P"
453400,60,28,199,26,2,"1B"
453539,0,0,0,0,0,"LF"
453562,18,18,5,20,3,"P"
453568,71,69,147,2,3,"CF"
453646,34,0,1,4,0,"P"
453895,17,3,10,13,0,"SS"
453923,58,44,87,2,0,"RF"
453943,82,82,64,157,6,"3B"
454560,38,35,321,26,1,"C"
455009,37,0,3,5,0,"P"
455104,68,64,571,29,4,"C"
455117,22,18,145,10,2,"C"
455139,24,21,122,10,1,"C"
455369,15,9,12,22,2,"2B"
455374,34,0,1,3,1,"P"
455378,0,0,0,0,0,"C"
455755,29,23,178,10,2,"C"
455759,45,33,66,0,0,"LF"
455976,81,80,172,3,3,"RF"
456027,38,0,2,2,0,"P"
456030,82,81,138,204,4,"2B"
456034,18,18,1,11,0,"P"
456068,13,12,5,8,0,"P"
456071,2,0,0,1,1,"P"
456078,59,59,455,35,3,"C"
456121,0,0,0,0,0,"LF"
456124,32,23,158,13,2,"C"
456167,9,9,1,4,0,"P"
456379,2,0,0,0,0,"P"
456422,45,36,91,2,2,"CF"
456488,76,68,67,149,9,"3B"
456501,18,18,14,17,1,"P"
456665,37,34,169,49,3,"1B"
456696,40,0,2,3,0,"P"
456701,0,0,0,0,0,"P"
456713,26,0,2,2,0,"P"
456714,20,14,93,7,2,"DH"
456715,72,72,196,2,3,"CF"
456776,0,0,0,0,0,"P"
456781,0,0,0,0,0,"3B"
457117,0,0,0,0,0,"P"
457429,35,0,0,4,0,"P"
457435,3,0,0,2,0,"P"
457448,0,0,0,0,0,"P"
457454,43,37,289,11,3,"C"
457456,1,0,0,0,0,"P"
457477,33,17,41,0,1,"CF"
457566,0,0,0,0,0,"P"
457574,10,7,11,8,0,"C"
457705,82,82,182,4,2,"CF"
457706,54,52,118,3,2,"CF"
457708,83,80,149,4,2,"LF"
457711,5,4,0,2,1,"P"
457727,45,43,97,0,1,"CF"
457732,26,0,1,1,0,"P"
457754,0,0,0,0,0,"P"
457759,80,74,35,129,3,"3B"
457762,0,0,0,0,0,"C"
457763,73,70,560,36,1,"C"
457768,24,0,0,2,0,"P"
457775,61,52,109,3,2,"LF"
457779,2,0,0,0,0,"P"
457787,86,82,99,235,7,"2B"
457789,18,17,36,48,1,"2B"
457803,80,79,150,7,4,"RF"
457915,7,0,0,1,0,"P"
457918,18,18,4,11,0,"P"
457926,15,10,13,18,0,"SS"
458006,37,0,2,5,2,"P"
458015,81,81,658,58,6,"1B"
458085,65,54,67,79,1,"LF"
458239,0,0,0,0,0,""
458252,0,0,0,0,0,"2B"
458530,0,0,0,0,0,"P"
458537,9,0,0,1,0,"P"
458550,0,0,0,0,0,"P"
458582,9,5,8,18,1,"3B"
458584,35,0,2,4,1,"P"
458675,82,69,124,9,0,"LF"
458677,36,0,1,4,0,"P"
458678,4,0,0,0,0,"P"
458681,0,0,0,0,0,"P"
458689,0,0,0,0,0,"LF"
458691,0,0,0,0,0,"3B"
458708,16,16,8,10,3,"P"
458709,0,0,0,0,0,"P"
458720,0,0,0,0,0,"P"
458730,6,0,1,1,0,"P"
458731,79,74,116,5,2,"LF"
458913,0,0,0,0,0,"LF"
458919,0,0,0,0,0,"P"
458924,0,0,0,0,0,"P"
458950,0,0,0,0,0,"P"
459429,28,0,2,0,0,"P"
459431,78,74,105,4,3,"LF"
459439,0,0,0,0,0,"P"
459964,32,22,40,0,0,"RF"
459987,15,4,2,6,0,"P"
460008,0,0,0,0,0,"P"
460024,35,0,0,1,0,"P"
460026,37,36,262,14,4,"C"
460059,18,17,8,14,0,"P"
460060,29,16,34,48,0,"2B"
460069,0,0,0,0,0,"P"
460075,69,68,118,9,1,"LF"
460077,24,16,136,5,2,"C"
460086,55,55,95,4,1,"LF"
460092,0,0,0,0,0,"P"
460099,56,34,66,2,0,"LF"
460156,0,0,0,0,0,"P"
460269,33,22,202,14,1,"C"
460283,40,0,1,2,1,"P"
460322,0,0,0,0,0,"RF"
460576,63,62,140,4,0,"CF"
460701,7,0,0,0,0,"P"
461235,79,51,306,19,3,"1B"
461314,83,83,142,7,2,"RF"
461325,35,0,1,3,0,"P"
461416,5,3,6,0,0,"CF"
461791,0,0,0,0,0,"P"
461815,0,0,0,0,0,"LF"
461829,17,17,7,19,1,"P"
461833,12,11,3,6,0,"P"
461858,52,50,54,90,5,"3B"
461865,56,14,63,35,2,"3B"
461872,11,0,2,1,0,"P"
462101,81,81,138,246,7,"SS"
462110,0,0,0,0,0,""
462136,16,16,6,9,0,"P"
462382,30,0,0,7,0,"P"
462515,0,0,0,0,0,"P"
462945,0,0,0,0,0,"P"
462956,0,0,0,0,0,"P"
462985,2,0,0,0,0,"P"
463610,50,32,44,93,3,"2B"
463748,0,0,0,0,0,""
465041,48,47,327,34,5,"C"
465629,0,0,0,0,0,"P"
465657,38,0,4,7,0,"P"
465668,0,0,0,0,0,"LF"
465674,0,0,0,0,0,"2B"
465753,0,0,0,0,0,"3B"
466320,75,75,109,5,1,"LF"
466480,0,0,0,0,0,""
466948,0,0,0,0,0,"P"
466988,9,7,16,0,0,"CF"
467008,38,0,3,5,0,"P"
467055,2,1,1,3,1,"3B"
467070,0,0,0,0,0,"3B"
467092,72,66,633,32,2,"C"
467094,0,0,0,0,0,"P"
467100,18,12,4,6,1,"P"
467793,29,27,229,22,1,"DH"
467827,71,57,96,7,4,"LF"
468396,36,0,1,3,0,"P"
468504,17,15,12,12,0,"P"
471083,45,39,335,26,4,"C"
471822,15,0,0,1,0,"P"
471865,83,80,151,3,2,"RF"
471906,0,0,0,0,0,""
471911,11,11,4,5,0,"P"
472528,76,71,96,123,6,"3B"
472551,33,0,0,2,0,"P"
472610,2,0,0,0,0,"P"
473724,8,6,38,1,0,"C"
473879,44,0,2,6,0,"P"
474029,25,0,0,2,0,"P"
474039,0,0,0,0,0,"P"
474233,47,38,300,16,3,"C"
474249,0,0,0,0,0,"2B"
474284,14,1,0,2,0,"P"
474319,4,3,6,4,1,"3B"
474384,0,0,0,0,0,"1B"
474443,39,20,58,65,2,"SS"
474463,0,0,0,0,0,"P"
474494,0,0,0,0,0,"2B"
474521,32,0,4,5,0,"P"
474568,83,80,115,229,5,"SS"
474599,0,0,0,0,0,"P"
474668,9,9,3,2,1,"P"
474699,19,2,2,4,0,"P"
474832,84,81,729,52,8,"1B"
474892,82,80,696,43,7,"1B"
475054,3,0,0,0,0,"P"
475100,24,13,41,1,1,"LF"
475115,1,1,1,0,0,"P"
475138,1,0,1,0,0,"P"
475174,86,74,648,43,4,"1B"
475243,45,0,3,5,0,"P"
475247,47,35,26,82,3,"3B"
475253,69,53,512,29,1,"1B"
475479,41,0,2,6,1,"P"
475582,73,71,550,32,3,"1B"
475857,0,0,0,0,0,"P"
476123,0,0,0,0,0,"P"
476192,0,0,0,0,0,"C"
476205,0,0,0,0,0,"P"
476270,0,0,0,0,0,"2B"
476451,18,18,3,18,0,"P"
476454,42,0,1,2,1,"P"
476570,2,0,0,0,0,"P"
476589,26,1,0,4,1,"P"
476595,0,0,0,0,0,"P"
476633,6,2,21,4,0,"1B"
476704,66,62,106,188,6,"2B"
476883,11,6,0,5,3,"DH"
477003,17,17,7,13,1,"P"
477132,16,16,2,13,1,"P"
477165,48,39,63,39,6,"3B"
477195,8,4,39,3,0,"1B"
477229,0,0,0,0,0,"P"
477569,39,0,2,4,0,"P"
485567,62,41,80,5,1,"RF"
488671,39,37,292,14,2,"C"
488674,0,0,0,0,0,"P"
488681,32,17,42,3,0,"LF"
488689,0,0,0,0,0,"RF"
488721,81,67,121,1,1,"RF"
488726,11,10,18,1,0,"LF"
488748,40,0,0,1,0,"P"
488768,13,13,4,12,0,"P"
488771,65,60,493,25,4,"C"
488786,40,0,4,6,0,"P"
488787,0,0,0,0,0,"P"
488810,3,0,4,0,0,"C"
488818,45,35,45,63,2,"SS"
488846,7,0,1,0,0,"P"
488862,75,75,56,109,14,"3B"
488912,2,1,16,0,0,"C"
488984,20,0,0,1,0,"P"
489002,16,0,1,1,0,"P"
489039,0,0,0,0,0,"P"
489067,0,0,0,0,0,"RF"
489119,15,15,1,8,0,"P"
489138,0,0,0,0,0,"1B"
489149,69,65,488,36,3,"1B"
489197,1,0,0,0,0,"P"
489232,0,0,0,0,0,"C"
489265,6,0,0,0,0,"P"
489267,61,30,35,80,6,"3B"
489294,0,0,0,0,0,"P"
489295,0,0,0,0,0,"P"
489305,0,0,0,0,0,"1B"
489334,0,0,0,0,0,"P"
489365,31,23,176,14,1,"C"
489446,30,0,1,3,1,"P"
490063,5,5,2,1,2,"P"
491159,0,0,0,0,0,"P"
491624,0,0,0,0,0,""
491640,0,0,0,0,0,"3B"
491646,39,0,4,4,0,"P"
491676,0,0,0,0,0,"CF"
491696,1,1,8,1,0,"C"
491703,40,0,0,4,0,"P"
491708,30,0,0,3,0,"P"
492802,0,0,0,0,0,"C"
492841,32,12,21,8,2,"2B"
493114,65,62,113,2,1,"LF"
493128,1,0,0,0,0,"SS"
493157,35,0,0,4,1,"P"
493193,51,40,317,19,2,"1B"
493200,44,0,2,3,1,"P"
493247,16,0,1,3,2,"P"
493316,95,74,140,5,2,"LF"
493337,0,0,0,0,0,"P"
493343,5,5,7,0,0,"LF"
493351,85,83,110,226,12,"SS"
493472,21,17,105,15,1,"1B"
493596,37,26,29,68,1,"2B"
493603,2,0,1,0,0,"P"
497807,0,0,0,0,0,"P"
499624,9,8,74,3,0,"1B"
499882,0,0,0,0,0,""
500207,0,0,0,0,0,"C"
500208,52,43,35,98,8,"3B"
500610,17,0,3,2,0,"P"
500721,0,0,0,0,0,"P"
500724,34,0,4,2,1,"P"
500743,71,25,66,80,2,"2B"
500765,6,0,0,0,0,"P"
500779,17,17,1,7,1,"P"
500871,53,46,52,138,8,"SS"
500872,0,0,0,0,0,""
500874,0,0,0,0,0,"LF"
500887,0,0,0,0,0,"C"
501245,0,0,0,0,0,"LF"
501255,0,0,0,0,0,"LF"
501303,4,1,2,6,0,"SS"
501381,17,17,5,12,2,"P"
501563,0,0,0,0,0,"P"
501571,48,21,56,0,1,"CF"
501593,6,0,0,1,0,"P"
501625,40,0,1,5,0,"P"
501627,0,0,0,0,0,"P"
501659,5,2,8,0,0,"RF"
501697,16,0,0,4,0,"P"
501726,0,0,0,0,0,"SS"
501789,38,0,5,5,0,"P"
501800,0,0,0,0,0,"1B"
501817,35,0,3,1,0,"P"
501822,33,0,3,4,1,"P"
501888,3,1,3,0,0,"LF"
501896,74,58,186,115,7,"3B"
501925,29,0,1,6,0,"P"
501936,3,0,0,0,0,"P"
501954,0,0,0,0,0,""
501955,20,0,0,5,0,"P"
501957,18,18,2,6,1,"P"
501981,44,44,71,1,0,"LF"
501983,0,0,0,0,0,"RF"
501985,0,0,0,0,0,"P"
501986,12,9,17,1,0,"LF"
501989,0,0,0,0,0,"P"
501992,18,15,8,4,2,"P"
502003,0,0,0,0,0,"3B"
502004,30,0,3,5,0,"P"
502009,11,11,2,9,0,"P"
502026,39,0,3,7,0,"P"
502028,39,0,0,2,0,"P"
502032,24,12,5,6,1,"P"
502034,8,3,9,2,0,"2B"
502042,19,19,11,8,1,"P"
502043,10,10,6,11,0,"P"
502046,17,17,2,15,2,"P"
502051,0,0,0,0,0,"P"
502054,17,10,13,0,0,"CF"
502082,65,55,108,4,2,"RF"
502083,30,1,3,2,0,"P"
502085,35,0,2,4,0,"P"
502087,0,0,0,0,0,"P"
502089,0,0,0,0,0,""
502100,30,25,55,1,1,"LF"
502102,0,0,0,0,0,"P"
502110,64,64,116,1,4,"RF"
502117,0,0,0,0,0,"2B"
502126,0,0,0,0,0,"RF"
502130,0,0,0,0,0,"P"
502143,65,65,41,118,11,"3B"
502154,36,0,1,11,0,"P"
502162,0,0,0,0,0,"P"
502166,0,0,0,0,0,"P"
502171,0,0,0,0,0,"P"
502179,0,0,0,0,0,""
502182,20,20,152,11,2,"C"
502188,18,18,3,12,0,"P"
502190,17,17,17,20,2,"P"
502202,1,0,0,1,0,"P"
502205,7,7,8,15,1,"2B"
502210,51,48,92,3,2,"RF"
502211,6,6,1,4,0,"P"
502213,0,0,0,0,0,"C"
502226,13,10,28,1,1,"LF"
502239,33,0,2,7,1,"P"
502260,0,0,0,0,0,"P"
502261,8,5,16,1,1,"CF"
502272,32,0,4,4,0,"P"
502285,21,8,15,32,1,"2B"
502317,22,11,28,0,0,"LF"
502327,18,18,6,15,0,"P"
502368,0,0,0,0,0,"P"
502374,0,0,0,0,0,"C"
502381,39,0,2,10,0,"P"
502409,0,0,0,0,0,"SS"
502457,6,0,0,1,0,"P"
502481,56,45,98,7,1,"CF"
502517,84,81,150,184,6,"2B"
502522,31,0,1,2,0,"P"
502523,35,15,37,20,2,"SS"
502544,0,0,0,0,0,"LF"
502570,0,0,0,0,0,"C"
502578,0,0,0,0,0,"P"
502593,9,0,1,3,0,"P"
502620,0,0,0,0,0,""
502624,16,16,4,11,1,"P"
502671,86,86,790,71,2,"1B"
502676,9,2,2,10,0,"2B"
502706,14,14,2,5,2,"P"
502748,0,0,0,0,0,"P"
503285,22,0,1,0,0,"P"
503351,0,0,0,0,0,"1B"
503437,0,0,0,0,0,"3B"
503444,3,2,0,1,0,"P"
503449,13,13,3,7,2,"P"
503556,76,58,364,87,4,"1B"
504083,2,0,1,0,0,"P"
504186,2,0,0,0,0,"P"
504379,19,12,6,7,0,"P"
506433,3,3,1,0,0,"P"
506560,38,18,36,45,2,"3B"
506693,0,0,0,0,0,"P"
506702,16,11,109,9,1,"C"
506747,9,9,63,3,0,"C"
506997,0,0,0,0,0,"C"
514669,1,0,0,0,0,"P"
514888,84,82,130,212,3,"2B"
514913,31,15,9,44,6,"SS"
514917,80,75,116,197,8,"2B"
514981,0,0,0,0,0,"P"
515052,5,0,0,0,0,"P"
515768,0,0,0,0,0,""
516414,1,0,0,0,0,"P"
516416,92,80,136,244,3,"2B"
516472,0,0,0,0,0,""
516679,0,0,0,0,0,""
516684,0,0,0,0,0,"P"
516685,0,0,0,0,0,""
516689,0,0,0,0,0,""
516714,10,0,0,0,0,"P"
516770,86,82,115,211,5,"2B"
516782,82,74,113,9,3,"LF"
516809,10,5,11,0,0,"RF"
516811,0,0,0,0,0,"LF"
516910,1,0,0,0,0,"P"
516935,0,0,0,0,0,"P"
516949,6,3,37,1,2,"1B"
516969,40,0,2,2,0,"P"
517008,30,0,2,3,0,"P"
517355,0,0,0,0,0,""
517369,13,10,10,16,1,"LF"
517370,20,11,26,7,3,"RF"
517414,37,0,3,5,0,"P"
517448,6,1,1,5,0,"P"
517593,16,16,2,6,0,"P"
517629,0,0,0,0,0,"P"
518397,9,0,0,1,0,"P"
518418,0,0,0,0,0,"P"
518420,0,0,0,0,0,"P"
518445,0,0,0,0,0,"P"
518452,18,18,3,17,2,"P"
518466,7,3,5,0,0,"RF"
518468,32,0,1,2,1,"P"
518489,0,0,0,0,0,"P"
518490,8,7,14,0,1,"LF"
518493,0,0,0,0,0,"P"
518516,18,18,1,11,0,"P"
518542,23,20,143,12,2,"C"
518553,36,0,0,4,0,"P"
518560,5,2,0,0,1,"P"
518566,0,0,0,0,0,""
518567,12,0,3,2,0,"P"
518568,27,21,23,64,0,"2B"
518577,8,4,10,0,0,"RF"
518586,12,7,7,11,1,"SS"
518595,26,25,232,12,0,"C"
518603,0,0,0,0,0,"P"
518614,17,13,63,21,0,"1B"
518617,39,0,1,4,0,"P"
518618,68,62,116,133,4,"2B"
518625,4,3,16,4,0,"3B"
518626,75,75,63,132,6,"3B"
518633,27,11,1,13,0,"P"
518649,10,10,15,0,0,"RF"
518653,2,1,4,5,0,"LF"
518692,86,86,715,62,4,"1B"
518693,7,0,0,1,1,"P"
518700,26,10,82,9,0,"C"
518703,0,0,0,0,0,"P"
518715,41,0,2,5,0,"P"
518716,17,4,1,6,2,"P"
518735,59,53,516,32,2,"C"
518748,39,0,1,4,0,"P"
518771,0,0,0,0,0,"P"
518774,17,17,5,17,1,"P"
518782,0,0,0,0,0,"P"
518790,4,0,0,0,0,"P"
518792,85,73,162,1,0,"RF"
518794,0,0,0,0,0,"2B"
518830,0,0,0,0,0,""
518852,0,0,0,0,0,"P"
518854,0,0,0,0,0,"P"
518858,40,0,1,9,0,"P"
518863,0,0,0,0,0,"P"
518875,37,0,2,1,0,"P"
518883,11,0,2,2,0,"P"
518886,34,0,0,0,0,"P"
518902,0,0,0,0,0,"SS"
518911,0,0,0,0,0,"RF"
518927,27,0,3,4,1,"P"
518934,78,76,149,227,5,"2B"
518953,26,17,38,1,0,"LF"
518960,75,71,516,40,5,"C"
518991,6,3,4,0,0,"RF"
519003,0,0,0,0,0,"P"
519008,15,0,0,3,0,"P"
519015,0,0,0,0,0,"P"
519023,13,13,92,6,1,"C"
519025,1,1,1,0,0,"3B"
519043,17,17,6,13,1,"P"
519048,73,65,571,38,1,"1B"
519058,26,26,29,40,2,"3B"
519068,0,0,0,0,0,"LF"
519071,0,0,0,0,0,"SS"
519076,18,18,5,19,2,"P"
519082,0,0,0,0,0,"SS"
519083,70,67,549,47,5,"C"
519085,20,0,1,7,2,"P"
519096,30,0,2,5,0,"P"
519105,0,0,0,0,0,"P"
519107,0,0,0,0,0,"SS"
519141,17,17,2,10,1,"P"
519144,17,17,4,6,0,"P"
519151,44,0,1,5,0,"P"
519166,16,0,1,2,0,"P"
519168,2,0,0,1,0,"P"
519179,0,0,0,0,0,""
519184,61,49,91,1,2,"CF"
519186,0,0,0,0,0,"P"
519203,82,81,700,61,4,"1B"
519208,24,18,128,5,0,"1B"
519222,32,26,196,16,0,"C"
519237,55,55,465,23,4,"C"
519240,41,0,2,1,2,"P"
519242,18,18,6,10,0,"P"
519263,29,0,1,6,0,"P"
519267,0,0,0,0,0,"P"
519293,18,0,0,1,0,"P"
519294,0,0,0,0,0,"P"
519295,30,17,39,0,0,"CF"
519299,0,0,0,0,0,"2B"
519301,25,0,0,3,0,"P"
519306,61,60,124,4,1,"RF"
519317,69,69,149,3,3,"RF"
519322,35,0,1,3,0,"P"
519326,41,0,4,5,0,"P"
519333,39,13,37,0,0,"LF"
519344,1,1,0,0,0,"P"
519381,8,0,0,0,0,"P"
519390,64,58,454,25,5,"C"
519411,0,0,0,0,0,"P"
519421,0,0,0,0,0,"RF"
519425,0,0,0,0,0,"C"
519437,30,0,1,2,0,"P"
519443,0,0,0,0,0,"P"
519445,10,5,5,16,0,"2B"
519452,0,0,0,0,0,""
519455,15,15,2,15,2,"P"
520471,85,83,108,236,6,"SS"
520980,40,0,0,8,2,"P"
521230,19,0,2,3,0,"P"
521692,71,70,576,42,3,"C"
522228,0,0,0,0,0,""
523253,54,54,93,126,5,"2B"
523260,6,6,1,1,1,"P"
523848,4,0,0,0,0,"P"
523989,11,8,5,3,0,"P"
524349,0,0,0,0,0,"P"
524968,0,0,0,0,0,"1B"
525768,0,0,0,0,0,"P"
527038,54,43,74,70,5,"3B"
527043,28,21,59,23,2,"1B"
527048,18,18,7,16,0,"P"
527049,0,0,0,0,0,"OF"
527054,17,17,9,13,1,"P"
527055,38,0,3,3,1,"P"
532077,39,0,1,3,0,"P"
533167,17,17,6,13,0,"P"
534581,0,0,0,0,0,""
534606,4,1,3,0,0,"LF"
534627,43,20,61,1,0,"CF"
534737,8,6,1,5,0,"P"
534812,38,0,0,2,0,"P"
534910,7,7,2,4,0,"P"
534947,4,4,1,1,0,"P"
537953,28,23,49,2,0,"LF"
539438,1,0,0,0,0,"P"
541600,0,0,0,0,0,"2B"
541608,20,17,135,4,1,"C"
541640,36,1,2,8,0,"P"
541645,19,16,40,2,1,"DH"
541650,44,29,38,45,4,"3B"
541652,7,0,0,0,0,"P"
542194,31,19,162,17,1,"C"
542208,56,53,399,29,3,"C"
542233,0,0,0,0,0,"C"
542255,56,54,162,10,4,"CF"
542303,79,79,187,3,5,"CF"
542316,0,0,0,0,0,""
542340,82,81,114,245,13,"SS"
542344,0,0,0,0,0,""
542364,38,32,72,6,3,"LF"
542369,0,0,0,0,0,"P"
542383,0,0,0,0,0,""
542432,2,0,0,0,0,"P"
542436,22,14,22,43,1,"SS"
542454,48,43,109,10,2,"CF"
542455,39,34,66,2,2,"LF"
542466,0,0,0,0,0,""
542513,0,0,0,0,0,"C"
542583,0,0,0,0,0,"1B"
542585,0,0,0,0,0,"P"
542587,27,0,1,3,0,"P"
542609,10,0,1,2,0,"P"
542642,0,0,0,0,0,"LF"
542664,0,0,0,0,0,""
542669,0,0,0,0,0,"P"
542674,31,0,5,1,0,"P"
542742,0,0,0,0,0,""
542866,7,0,0,0,0,"P"
542881,5,5,1,10,0,"P"
542882,14,8,4,4,0,"P"
542883,0,0,0,0,0,"SS"
542884,1,0,0,0,0,"P"
542888,1,0,0,0,0,"P"
542897,0,0,0,0,0,"LF"
542908,21,17,124,16,1,"C"
542921,29,25,36,62,3,"SS"
542923,0,0,0,0,0,"P"
542924,0,0,0,0,0,"P"
542932,0,0,0,0,0,""
542941,0,0,0,0,0,""
542942,0,0,0,0,0,"C"
542947,10,0,1,3,0,"P"
542953,15,0,2,2,1,"P"
542960,38,0,4,3,0,"P"
542963,0,0,0,0,0,"C"
542970,0,0,0,0,0,""
542979,25,19,42,0,3,"CF"
542992,5,0,0,6,0,"2B"
542993,73,67,151,4,2,"CF"
542994,0,0,0,0,0,"LF"
542999,0,0,0,0,0,"CF"
543017,39,0,0,2,0,"P"
543022,15,15,7,18,1,"P"
543031,0,0,0,0,0,"P"
543037,12,12,7,13,2,"P"
543038,0,0,0,0,0,"3B"
543045,17,17,3,10,0,"P"
543054,3,3,2,7,0,"P"
543056,13,0,0,3,0,"P"
543063,85,81,105,235,4,"SS"
543068,58,54,429,27,3,"1B"
543070,0,0,0,0,0,"P"
543089,0,0,0,0,0,""
543094,10,8,19,2,0,"CF"
543101,6,6,1,3,0,"P"
543105,8,8,7,0,0,"LF"
543114,0,0,0,0,0,""
543118,4,0,1,0,0,"P"
543135,17,16,6,11,1,"P"
543144,11,0,0,1,0,"P"
543148,10,6,36,6,0,"C"
543155,0,0,0,0,0,"P"
543169,11,0,2,3,0,"P"
543184,10,10,1,9,1,"P"
543188,0,0,0,0,0,""
543194,0,0,0,0,0,""
543195,0,0,0,0,0,"P"
543200,0,0,0,0,0,""
543213,77,73,136,154,5,"2B"
543216,22,13,22,22,2,"3B"
543219,5,0,0,1,0,"P"
543228,65,60,499,31,2,"C"
543232,0,0,0,0,0,""
543238,30,27,59,1,0,"CF"
543242,1,0,0,0,0,"P"
543243,16,16,9,6,1,"P"
543257,41,39,65,3,3,"LF"
543258,0,0,0,0,0,"P"
543261,6,0,1,5,1,"P"
543270,0,0,0,0,0,"P"
543272,41,0,2,6,1,"P"
543278,13,0,1,2,0,"P"
543281,81,77,153,228,6,"2B"
543294,17,16,7,20,1,"P"
543302,40,33,227,19,2,"C"
543305,80,50,103,2,1,"RF"
543308,0,0,0,0,0,"1B"
543309,0,0,0,0,0,"C"
543321,0,0,0,0,0,"LF"
543329,0,0,0,0,0,"LF"
543331,18,0,0,1,0,"P"
543333,84,84,663,39,5,"1B"
543334,2,0,0,1,0,"P"
543339,36,0,2,1,1,"P"
543343,0,0,0,0,0,"P"
543357,0,0,0,0,0,""
543359,31,0,1,5,1,"P"
543362,0,0,0,0,0,"C"
543376,25,21,163,17,1,"C"
543380,5,5,2,4,0,"P"
543391,10,1,4,4,0,"P"
543401,81,81,111,230,6,"2B"
543408,17,17,2,5,0,"P"
543424,12,12,0,10,0,"P"
543432,0,0,0,0,0,"C"
543434,83,83,144,212,8,"2B"
543456,14,0,1,4,0,"P"
543459,0,0,0,0,0,"2B"
543475,10,5,2,3,0,"P"
543483,0,0,0,0,0,"P"
543484,24,18,29,1,0,"LF"
543506,41,0,1,5,0,"P"
543507,31,0,1,0,1,"P"
543508,0,0,0,0,0,"P"
543510,50,48,349,25,2,"C"
543518,0,0,0,0,0,"P"
543521,18,18,7,8,0,"P"
543532,3,2,0,3,0,"P"
543542,2,1,0,0,0,"P"
543543,76,68,101,146,13,"1B"
543548,8,7,1,7,0,"P"
543557,30,0,3,2,2,"P"
543589,0,0,0,0,0,"C"
543590,68,51,123,2,0,"CF"
543592,0,0,0,0,0,"2B"
543594,0,0,0,0,0,"P"
543606,18,18,7,9,2,"P"
543607,0,0,0,0,0,"P"
543611,0,0,0,0,0,""
543633,0,0,0,0,0,"RF"
543643,0,0,0,0,0,"P"
543685,85,82,68,139,3,"3B"
543698,3,0,0,0,0,"P"
543699,18,18,6,25,0,"P"
543704,0,0,0,0,0,""
543706,5,3,4,0,0,"LF"
543716,4,0,0,0,0,"P"
543726,25,0,1,3,0,"P"
543734,12,7,2,10,1,"P"
543742,8,3,27,4,0,"1B"
543746,15,0,1,3,0,"P"
543750,0,0,0,0,0,""
543760,87,87,134,268,8,"SS"
543766,39,0,3,4,0,"P"
543768,93,78,172,144,12,"3B"
543776,30,26,50,3,0,"CF"
543779,35,0,0,4,0,"P"
543788,0,0,0,0,0,"C"
543803,0,0,0,0,0,"P"
543807,82,82,174,9,1,"RF"
543829,21,20,48,54,2,"2B"
543833,0,0,0,0,0,""
543853,0,0,0,0,0,"P"
543856,0,0,0,0,0,""
543859,38,0,0,5,0,"P"
543860,0,0,0,0,0,""
543867,0,0,0,0,0,""
543877,50,47,378,25,2,"C"
543881,0,0,0,0,0,"P"
543883,35,0,2,1,0,"P"
543900,1,0,0,0,0,"P"
543901,5,0,0,2,0,"P"
543921,0,0,0,0,0,"P"
543932,0,0,0,0,0,""
543935,32,0,2,5,0,"P"
543939,58,47,88,135,6,"2B"
543964,10,0,0,0,1,"P"
544150,12,6,5,8,1,"P"
544269,0,0,0,0,0,"OF"
544365,0,0,0,0,0,"P"
544369,81,78,92,212,11,"SS"
544725,0,0,0,0,0,"CF"
544727,43,0,2,8,0,"P"
544759,4,0,1,0,0,"P"
544827,0,0,0,0,0,""
544836,31,0,2,3,0,"P"
544838,0,0,0,0,0,"C"
544925,13,6,24,0,0,"CF"
544928,25,0,2,2,0,"P"
544930,0,0,0,0,0,"P"
544931,16,16,6,8,1,"P"
544993,21,0,1,1,0,"P"
545064,0,0,0,0,0,"P"
545121,0,0,0,0,0,""
545331,0,0,0,0,0,"CF"
545332,36,0,2,2,0,"P"
545333,20,13,7,9,0,"P"
545337,0,0,0,0,0,"SS"
545338,10,8,23,7,2,"LF"
545341,58,52,108,2,0,"CF"
545346,0,0,0,0,0,"P"
545350,45,34,63,2,0,"CF"
545353,0,0,0,0,0,""
545357,12,0,0,3,0,"P"
545358,2,1,7,0,0,"C"
545361,82,81,193,5,4,"CF"
545363,0,0,0,0,0,"P"
545404,0,0,0,0,0,"P"
546276,2,2,1,3,0,"P"
546318,86,85,185,7,8,"CF"
546990,0,0,0,0,0,"CF"
546991,25,13,44,1,0,"CF"
546992,0,0,0,0,0,""
547004,0,0,0,0,0,"3B"
547171,0,0,0,0,0,""
547172,38,33,249,14,7,"C"
547177,0,0,0,0,0,""
547179,5,0,3,1,0,"P"
547180,81,81,128,4,1,"RF"
547185,0,0,0,0,0,""
547379,4,4,37,4,0,"C"
547749,35,0,2,1,1,"P"
547874,18,18,6,7,0,"P"
547888,17,17,7,19,1,"P"
547912,0,0,0,0,0,"SS"
547943,1,1,0,2,0,"P"
547957,42,36,47,0,0,"LF"
547973,25,0,3,2,0,"P"
547977,0,0,0,0,0,""
547982,70,69,158,7,2,"CF"
547989,81,81,673,37,3,"1B"
548337,23,5,3,7,1,"P"
548357,9,1,0,3,0,"P"
548389,9,8,2,13,0,"P"
550298,0,0,0,0,0,"CF"
552640,0,0,0,0,0,""
552662,8,3,8,1,1,"RF"
552673,0,0,0,0,0,""
553859,0,0,0,0,0,""
553869,0,0,0,0,0,"C"
553872,0,0,0,0,0,"P"
553878,40,0,1,8,1,"P"
553882,0,0,0,0,0,"C"
553883,0,0,0,0,0,"P"
553902,0,0,0,0,0,""
553970,0,0,0,0,0,"P"
553988,0,0,0,0,0,"SS"
553993,83,81,62,144,14,"3B"
554054,0,0,0,0,0,"C"
554234,9,9,5,7,0,"P"
554241,0,0,0,0,0,""
554340,9,0,0,2,0,"P"
554429,23,16,89,8,0,"RF"
554430,0,0,0,0,0,"P"
554431,0,0,0,0,0,"P"
570240,0,0,0,0,0,"P"
570256,79,72,156,6,2,"RF"
570267,36,32,55,1,1,"RF"
570481,0,0,0,0,0,"SS"
570482,0,0,0,0,0,"3B"
570489,3,2,7,5,0,"CF"
570557,0,0,0,0,0,""
570560,9,5,8,14,1,"2B"
570615,23,22,32,4,3,"RF"
570616,0,0,0,0,0,""
570632,16,0,1,6,1,"P"
570639,0,0,0,0,0,"SS"
570649,17,17,4,14,1,"P"
570663,37,0,2,2,0,"P"
570666,6,0,0,1,0,"P"
570714,7,7,4,11,0,"P"
570717,68,52,108,2,1,"CF"
570731,85,85,138,241,5,"2B"
570799,0,0,0,0,0,"3B"
570810,0,0,0,0,0,"P"
570883,0,0,0,0,0,""
571035,3,0,0,1,0,"P"
571057,0,0,0,0,0,"P"
571074,0,0,0,0,0,""
571431,55,44,399,42,6,"1B"
571437,0,0,0,0,0,"RF"
571439,0,0,0,0,0,"P"
571446,0,0,0,0,0,"P"
571448,85,85,53,199,1,"3B"
571466,58,57,404,40,5,"C"
571467,0,0,0,0,0,"C"
571473,0,0,0,0,0,"P"
571476,6,0,1,0,0,"P"
571479,0,0,0,0,0,"P"
571506,62,60,417,24,3,"1B"
571510,6,5,0,2,1,"P"
571527,0,0,0,0,0,"P"
571539,0,0,0,0,0,"P"
571553,2,1,2,0,1,"LF"
571561,40,0,1,8,1,"P"
571572,1,0,0,0,0,"P"
571577,0,0,0,0,0,"P"
571578,18,18,3,15,1,"P"
571584,23,0,0,3,1,"P"
571595,0,0,0,0,0,""
571602,0,0,0,0,0,"DH"
571622,0,0,0,0,0,""
571639,0,0,0,0,0,""
571656,10,0,2,2,0,"P"
571657,0,0,0,0,0,"C"
571665,0,0,0,0,0,"LF"
571666,17,16,6,3,1,"P"
571670,1,0,0,0,0,"P"
571681,12,12,23,1,1,"RF"
571685,0,0,0,0,0,"LF"
571687,0,0,0,0,0,"P"
571697,62,60,100,171,4,"2B"
571704,41,0,0,3,0,"P"
571710,33,0,0,7,0,"P"
571711,0,0,0,0,0,""
571713,0,0,0,0,0,""
571718,0,0,0,0,0,"RF"
571719,0,0,0,0,0,""
571734,0,0,0,0,0,""
571735,2,0,0,0,0,"P"
571740,69,63,158,6,2,"CF"
571757,49,22,51,0,3,"LF"
571760,1,1,0,0,0,"P"
571761,0,0,0,0,0,"CF"
571771,48,26,45,9,0,"LF"
571786,0,0,0,0,0,"P"
571788,47,35,73,12,2,"LF"
571800,3,2,0,0,0,"P"
571812,0,0,0,0,0,"1B"
571825,0,0,0,0,0,"CF"
571830,38,35,266,12,3,"1B"
571841,7,5,4,9,0,"3B"
571851,0,0,0,0,0,"C"
571857,0,0,0,0,0,""
571863,0,0,0,0,0,"P"
571868,0,0,0,0,0,"1B"
571871,27,0,3,5,1,"P"
571875,78,70,46,144,13,"3B"
571882,32,0,2,3,0,"P"
571893,37,0,3,4,0,"P"
571896,0,0,0,0,0,""
571901,9,0,0,2,0,"P"
571911,0,0,0,0,0,"P"
571912,0,0,0,0,0,"C"
571917,0,0,0,0,0,""
571918,3,1,0,4,0,"2B"
571927,15,15,2,19,1,"P"
571946,15,14,6,3,0,"P"
571951,0,0,0,0,0,"P"
571963,7,0,0,3,0,"P"
571969,3,0,0,0,0,"P"
571970,12,11,25,4,1,"2B"
571974,11,11,93,3,1,"C"
571975,0,0,0,0,0,""
571976,87,82,694,38,0,"1B"
571980,56,43,93,1,1,"CF"
572000,0,0,0,0,0,"C"
572008,56,50,86,23,3,"SS"
572019,21,14,95,5,0,"1B"
572020,8,8,0,7,1,"P"
572021,0,0,0,0,0,"P"
572033,26,23,164,13,0,"C"
572038,1,0,0,0,0,"P"
572039,81,77,167,3,3,"RF"
572041,0,0,0,0,0,"CF"
572044,2,0,0,0,0,"P"
572066,0,0,0,0,0,"P"
572070,6,6,0,5,2,"P"
572073,86,58,116,6,0,"RF"
572086,0,0,0,0,0,"P"
572088,0,0,0,0,0,""
572089,0,0,0,0,0,"P"
572095,0,0,0,0,0,""
572096,36,0,0,3,0,"P"
572102,6,0,1,3,0,"P"
572114,16,16,14,53,1,"2B"
572119,2,0,0,1,0,"P"
572122,84,84,60,180,10,"3B"
572125,0,0,0,0,0,""
572127,0,0,0,0,0,""
572128,0,0,0,0,0,"1B"
572138,0,0,0,0,0,"1B"
572140,0,0,0,0,0,"P"
572166,0,0,0,0,0,""
572175,0,0,0,0,0,"P"
572180,0,0,0,0,0,"C"
572182,0,0,0,0,0,"2B"
572191,58,41,110,3,1,"CF"
572193,5,0,0,0,0,"P"
572204,82,60,96,2,2,"CF"
572208,5,0,0,0,1,"P"
572233,0,0,0,0,0,"LF"
572241,0,0,0,0,0,""
572283,0,0,0,0,0,"P"
572287,2,2,6,2,0,"C"
572308,0,0,0,0,0,"P"
572309,1,1,1,0,0,"P"
572362,3,2,0,1,0,"P"
572365,59,44,89,143,4,"2B"
572393,0,0,0,0,0,""
572403,19,0,0,4,0,"P"
572669,0,0,0,0,0,"CF"
572718,0,0,0,0,0,"P"
572728,0,0,0,0,0,""
572744,0,0,0,0,0,"P"
572750,12,9,3,4,2,"P"
572761,86,76,99,158,11,"3B"
572788,6,1,0,0,0,"P"
572804,0,0,0,0,0,"1B"
572816,33,28,55,1,0,"LF"
572821,78,78,151,202,4,"2B"
572831,0,0,0,0,0,"P"
572863,19,17,123,11,1,"C"
572876,0,0,0,0,0,"1B"
572888,21,3,1,0,0,"P"
572910,0,0,0,0,0,"RF"
572955,0,0,0,0,0,"P"
572958,0,0,0,0,0,"P"
572971,18,18,4,20,0,"P"
572990,2,0,0,0,0,"P"
573016,0,0,0,0,0,"P"
573046,35,0,3,7,0,"P"
573064,30,1,2,3,0,"P"
573069,0,0,0,0,0,""
573109,37,0,3,2,0,"P"
573124,23,0,1,5,2,"P"
573127,0,0,0,0,0,"P"
573131,21,12,69,4,1,"1B"
573135,37,30,31,91,4,"2B"
573158,0,0,0,0,0,""
573185,19,16,3,9,0,"P"
573186,18,18,6,17,0,"P"
573188,15,0,2,2,0,"P"
573244,0,0,0,0,0,"P"
573349,0,0,0,0,0,"SS"
573589,7,0,1,0,1,"P"
573627,3,3,20,3,0,"1B"
573668,0,0,0,0,0,"P"
574831,0,0,0,0,0,"RF"
574847,0,0,0,0,0,"1B"
574888,0,0,0,0,0,""
575929,24,18,95,7,0,"C"
576397,49,34,98,100,4,"2B"
576788,0,0,0,0,0,"C"
578428,80,77,106,248,3,"SS"
578570,0,0,0,0,0,"3B"
580792,19,0,1,2,0,"P"
581527,35,32,46,95,0,"2B"
582473,0,0,0,0,0,""
584176,0,0,0,0,0,""
588751,83,73,103,194,5,"SS"
591688,0,0,0,0,0,""
591693,8,0,0,0,0,"P"
591712,0,0,0,0,0,"C"
591720,28,19,12,49,2,"3B"
591994,0,0,0,0,0,"RF"
592091,12,0,1,3,0,"P"
592102,36,0,3,4,0,"P"
592108,0,0,0,0,0,""
592127,12,0,0,0,1,"P"
592135,36,0,0,2,1,"P"
592144,0,0,0,0,0,"OF"
592145,0,0,0,0,0,"P"
592165,0,0,0,0,0,"P"
592166,0,0,0,0,0,"2B"
592169,0,0,0,0,0,"P"
592170,0,0,0,0,0,"P"
592178,114,84,99,90,7,"3B"
592181,0,0,0,0,0,"P"
592192,14,8,40,8,1,"1B"
592200,58,48,416,27,3,"C"
592205,0,0,0,0,0,""
592206,81,81,55,149,5,"3B"
592222,13,0,1,2,0,"P"
592230,4,1,5,2,0,"3B"
592231,0,0,0,0,0,"2B"
592239,8,3,8,1,0,"CF"
592244,0,0,0,0,0,"P"
592254,0,0,0,0,0,"P"
592256,0,0,0,0,0,""
592259,0,0,0,0,0,""
592261,29,28,69,1,2,"CF"
592273,69,56,84,29,3,"LF"
592274,1,0,0,1,0,"3B"
592301,0,0,0,0,0,""
592310,0,0,0,0,0,""
592314,8,8,2,7,0,"P"
592325,5,2,3,0,0,"RF"
592329,0,0,0,0,0,"P"
592332,15,15,2,8,2,"P"
592336,0,0,0,0,0,""
592340,11,0,0,2,1,"P"
592341,7,0,0,1,0,"P"
592346,3,3,0,1,0,"P"
592351,15,15,6,3,0,"P"
592390,23,0,1,6,0,"P"
592398,0,0,0,0,0,"P"
592407,29,25,144,9,0,"C"
592419,12,6,9,1,1,"CF"
592426,8,0,0,1,0,"P"
592429,0,0,0,0,0,""
592433,5,1,0,5,0,"P"
592438,0,0,0,0,0,"P"
592444,0,0,0,0,0,"3B"
592450,0,0,0,0,0,"RF"
592454,5,0,1,2,0,"P"
592468,0,0,0,0,0,"P"
592511,0,0,0,0,0,""
592518,83,81,104,219,7,"3B"
592527,0,0,0,0,0,"P"
592533,2,0,0,0,0,"P"
592535,0,0,0,0,0,""
592547,0,0,0,0,0,""
592558,0,0,0,0,0,""
592567,5,5,3,11,1,"3B"
592570,0,0,0,0,0,"P"
592592,10,10,83,4,0,"C"
592593,12,12,3,11,1,"P"
592594,0,0,0,0,0,""
592596,0,0,0,0,0,"CF"
592604,0,0,0,0,0,"C"
592612,42,0,2,5,1,"P"
592614,2,2,0,1,0,"P"
592620,31,23,46,1,0,"RF"
592626,70,63,140,2,1,"CF"
592629,0,0,0,0,0,""
592644,0,0,0,0,0,"P"
592647,0,0,0,0,0,"DH"
592660,0,0,0,0,0,"1B"
592662,17,17,2,8,1,"P"
592663,69,66,558,44,7,"C"
592665,42,0,0,2,0,"P"
592669,0,0,0,0,0,"RF"
592677,0,0,0,0,0,"P"
592680,17,12,26,39,3,"3B"
592685,0,0,0,0,0,"RF"
592696,40,33,72,2,2,"LF"
592698,0,0,0,0,0,""
592700,0,0,0,0,0,""
592705,0,0,0,0,0,"P"
592710,23,12,8,27,2,"3B"
592712,0,0,0,0,0,"P"
592716,1,1,1,1,0,"P"
592717,17,17,10,20,2,"P"
592731,3,1,5,0,0,"RF"
592741,21,0,1,3,0,"P"
592743,53,53,101,147,7,"SS"
592767,17,17,4,15,1,"P"
592773,0,0,0,0,0,"P"
592779,1,1,0,0,0,"P"
592781,0,0,0,0,0,"P"
592787,0,0,0,0,0,""
592789,18,17,5,11,3,"P"
592791,5,5,2,3,0,"P"
592804,35,0,2,2,0,"P"
592808,1,1,3,0,0,"LF"
592811,15,1,0,4,0,"P"
592815,3,0,0,0,0,"P"
592826,15,15,1,7,1,"P"
592835,4,2,4,0,0,"RF"
592836,16,16,5,9,1,"P"
592848,0,0,0,0,0,""
592863,0,0,0,0,0,"RF"
592866,0,0,0,0,0,"P"
592869,16,13,4,8,3,"P"
592879,0,0,0,0,0,"P"
592881,0,0,0,0,0,""
592885,75,75,121,3,3,"LF"
592895,0,0,0,0,0,""
593137,0,0,0,0,0,""
593140,24,0,0,3,0,"P"
593160,48,42,53,101,2,"2B"
593334,0,0,0,0,0,"P"
593340,0,0,0,0,0,"P"
593372,16,16,17,10,1,"P"
593417,0,0,0,0,0,"P"
593423,0,0,0,0,0,"P"
593427,0,0,0,0,0,""
593428,83,83,101,190,8,"SS"
593449,0,0,0,0,0,""
593495,42,27,34,81,0,"SS"
593523,18,9,9,21,2,"2B"
593525,0,0,0,0,0,"SS"
593527,0,0,0,0,0,"SS"
593528,0,0,0,0,0,"RF"
593576,45,0,5,2,0,"P"
593582,0,0,0,0,0,"P"
593634,0,0,0,0,0,""
593643,18,10,31,41,1,"3B"
593647,15,9,18,0,1,"CF"
593679,0,0,0,0,0,"P"
593700,0,0,0,0,0,"2B"
593833,0,0,0,0,0,""
593871,6,6,7,20,0,"SS"
593934,49,48,82,20,6,"3B"
593958,6,6,0,2,0,"P"
593969,1,0,0,0,0,"P"
594011,0,0,0,0,0,"OF"
594027,1,0,0,0,0,"P"
594056,0,0,0,0,0,"P"
594311,0,0,0,0,0,"P"
594555,0,0,0,0,0,"1B"
594576,0,0,0,0,0,"CF"
594580,0,0,0,0,0,"P"
594694,0,0,0,0,0,"2B"
594736,9,8,4,3,1,"P"
594742,0,0,0,0,0,"P"
594760,11,11,4,6,1,"P"
594772,0,0,0,0,0,"P"
594777,85,85,160,5,4,"RF"
594798,15,15,12,14,1,"P"
594807,83,77,192,12,2,"LF"
594809,92,84,234,13,1,"RF"
594815,0,0,0,0,0,"P"
594824,29,16,13,51,3,"3B"
594828,19,17,169,18,1,"C"
594835,0,0,0,0,0,"P"
594838,31,21,48,42,0,"2B"
594840,0,0,0,0,0,"P"
594857,4,0,0,1,0,"P"
594867,0,0,0,0,0,"P"
594940,0,0,0,0,0,"3B"
594943,8,1,1,3,0,"P"
594951,8,0,0,1,0,"P"
594965,0,0,0,0,0,""
594985,0,0,0,0,0,"P"
594986,30,0,2,3,1,"P"
594988,18,14,30,0,2,"RF"
595001,14,0,1,0,0,"P"
595005,0,0,0,0,0,"LF"
595014,39,0,0,7,1,"P"
595023,14,9,7,17,1,"3B"
595025,0,0,0,0,0,"LF"
595032,0,0,0,0,0,"P"
595191,17,17,10,17,1,"P"
595222,0,0,0,0,0,""
595235,2,0,0,0,0,"P"
595281,38,37,89,0,1,"CF"
595284,0,0,0,0,0,"C"
595296,0,0,0,0,0,"P"
595297,0,0,0,0,0,"P"
595307,17,0,0,3,1,"P"
595345,7,0,0,0,0,"P"
595373,0,0,0,0,0,""
595375,0,0,0,0,0,"SS"
595386,7,3,21,1,0,"1B"
595426,0,0,0,0,0,""
595441,0,0,0,0,0,"P"
595453,0,0,0,0,0,""
595465,3,0,0,0,0,"P"
595751,0,0,0,0,0,"C"
595777,32,27,99,53,4,"3B"
595879,77,46,74,118,7,"3B"
595881,0,0,0,0,0,""
595885,0,0,0,0,0,"1B"
595897,0,0,0,0,0,""
595909,0,0,0,0,0,"OF"
595918,0,0,0,0,0,"P"
595939,0,0,0,0,0,""
595956,0,0,0,0,0,"C"
595963,55,40,66,4,3,"LF"
595978,0,0,0,0,0,"C"
596018,0,0,0,0,0,""
596019,85,83,127,265,5,"SS"
596023,0,0,0,0,0,""
596043,6,6,2,4,0,"P"
596048,0,0,0,0,0,""
596049,1,0,1,0,0,"P"
596057,4,3,0,0,0,"P"
596059,78,76,163,238,10,"2B"
596064,3,3,0,0,0,"P"
596082,0,0,0,0,0,""
596105,0,0,0,0,0,""
596112,2,2,0,1,0,"P"
596115,78,77,99,236,9,"SS"
596119,19,19,89,4,0,"LF"
596129,0,0,0,0,0,"1B"
596133,0,0,0,0,0,"P"
596142,0,0,0,0,0,"C"
596143,23,17,20,37,2,"SS"
596144,54,53,31,92,3,"3B"
596146,45,35,81,4,2,"RF"
596295,0,0,0,0,0,""
596331,3,0,2,0,0,"P"
596451,0,0,0,0,0,"LF"
596748,81,81,39,134,6,"3B"
596847,7,4,17,2,0,"1B"
598264,34,0,1,5,0,"P"
598265,81,81,190,8,2,"CF"
598271,0,0,0,0,0,"P"
598284,16,13,17,1,1,"LF"
598287,11,0,0,1,0,"P"
599096,0,0,0,0,0,"2B"
599683,5,0,0,2,0,"P"
599998,4,0,1,1,0,"P"
600301,34,21,30,46,2,"SS"
600303,24,17,8,24,4,"3B"
600474,1,1,8,1,0,"C"
600524,0,0,0,0,0,"DH"
600526,0,0,0,0,0,"P"
600869,3,2,1,3,1,"3B"
600915,0,0,0,0,0,"P"
600917,1,0,0,1,0,"P"
600944,0,0,0,0,0,"P"
600968,0,0,0,0,0,"P"
602083,0,0,0,0,0,"P"
602115,0,0,0,0,0,"OF"
602922,0,0,0,0,0,"SS"
602925,0,0,0,0,0,""
605113,80,72,100,241,9,"SS"
605125,31,29,60,3,0,"LF"
605131,8,5,27,8,0,"C"
605135,5,5,1,0,0,"P"
605137,0,0,0,0,0,"1B"
605141,84,84,172,7,1,"RF"
605143,0,0,0,0,0,"P"
605148,0,0,0,0,0,""
605151,10,10,2,4,0,"P"
605152,0,0,0,0,0,"P"
605156,0,0,0,0,0,"P"
605164,22,0,2,1,0,"P"
605169,0,0,0,0,0,"P"
605177,32,0,1,3,0,"P"
605182,4,3,2,1,0,"P"
605183,8,5,10,0,0,"RF"
605194,0,0,0,0,0,"P"
605195,0,0,0,0,0,"P"
605200,15,15,5,9,2,"P"
605204,0,0,0,0,0,""
605205,0,0,0,0,0,""
605218,8,0,0,0,0,"P"
605222,0,0,0,0,0,"P"
605226,8,0,0,0,0,"P"
605227,0,0,0,0,0,"2B"
605228,17,17,4,10,0,"P"
605231,0,0,0,0,0,""
605232,18,18,5,10,1,"P"
605233,0,0,0,0,0,""
605242,13,13,10,6,0,"P"
605244,0,0,0,0,0,""
605253,1,0,2,0,0,"DH"
605260,0,0,0,0,0,"P"
605288,0,0,0,0,0,"P"
605301,0,0,0,0,0,"P"
605304,6,6,3,2,0,"P"
605309,7,0,0,1,0,"P"
605317,0,0,0,0,0,"P"
605323,0,0,0,0,0,"3B"
605327,0,0,0,0,0,""
605333,0,0,0,0,0,"P"
605338,0,0,0,0,0,"P"
605342,0,0,0,0,0,"P"
605347,0,0,0,0,0,"P"
605357,0,0,0,0,0,""
605359,12,0,0,3,0,"P"
605374,0,0,0,0,0,"P"
605384,0,0,0,0,0,""
605388,14,12,4,12,2,"P"
605390,0,0,0,0,0,""
605396,17,0,2,2,0,"P"
605397,0,0,0,0,0,"P"
605400,17,17,6,17,1,"P"
605412,70,66,121,210,5,"2B"
605439,0,0,0,0,0,"CF"
605452,16,16,4,12,1,"P"
605474,0,0,0,0,0,"1B"
605476,3,0,0,0,0,"P"
605480,50,47,113,5,1,"CF"
605483,6,6,1,10,0,"P"
605486,13,13,22,35,5,"2B"
605490,0,0,0,0,0,"CF"
605508,0,0,0,0,0,"CF"
605509,23,18,17,40,3,"2B"
605512,9,4,7,0,0,"DH"
605523,0,0,0,0,0,""
605525,2,0,0,0,0,"P"
605538,18,17,5,11,0,"P"
605541,14,12,1,3,1,"P"
605894,10,0,1,1,0,"P"
606115,0,0,0,0,0,"SS"
606120,0,0,0,0,0,""
606131,21,6,4,9,1,"P"
606132,0,0,0,0,0,"CF"
606133,0,0,0,0,0,""
606160,2,0,0,0,0,"P"
606167,0,0,0,0,0,"P"
606273,2,1,0,1,0,"P"
606291,7,0,0,0,0,"P"
606299,19,14,22,16,1,"SS"
606323,0,0,0,0,0,""
606424,0,0,0,0,0,"P"
606466,70,69,97,188,13,"SS"
606928,0,0,0,0,0,""
606930,12,0,2,1,0,"P"
606935,0,0,0,0,0,""
606959,0,0,0,0,0,"P"
606965,22,4,3,8,0,"P"
607036,0,0,0,0,0,""
607043,12,10,15,0,0,"LF"
607054,42,37,73,96,5,"2B"
607067,17,16,4,15,0,"P"
607074,16,16,5,6,0,"P"
607111,0,0,0,0,0,""
607170,0,0,0,0,0,"P"
607185,0,0,0,0,0,"P"
607188,0,0,0,0,0,"P"
607192,1,1,0,1,0,"P"
607208,2,1,3,4,0,"CF"
607219,0,0,0,0,0,"P"
607223,7,6,49,3,1,"1B"
607229,0,0,0,0,0,"P"
607231,11,4,3,1,0,"P"
607237,0,0,0,0,0,"P"
607240,0,0,0,0,0,""
607249,0,0,0,0,0,""
607256,0,0,0,0,0,"OF"
607257,0,0,0,0,0,"C"
607259,6,4,0,2,0,"P"
607294,0,0,0,0,0,"P"
607309,8,0,0,0,0,"P"
607320,1,0,0,1,0,"P"
607343,0,0,0,0,0,""
607345,0,0,0,0,0,"C"
607352,30,0,1,4,0,"P"
607355,0,0,0,0,0,""
607359,9,0,0,0,0,"P"
607369,0,0,0,0,0,""
607374,11,11,0,10,1,"P"
607385,8,5,16,1,0,"CF"
607387,59,43,129,6,2,"LF"
607399,0,0,0,0,0,""
607430,0,0,0,0,0,""
607437,0,0,0,0,0,""
607457,38,0,0,2,0,"P"
607468,0,0,0,0,0,""
607471,0,0,0,0,0,"2B"
607473,0,0,0,0,0,""
607500,0,0,0,0,0,""
607540,0,0,0,0,0,""
607608,0,0,0,0,0,""
607625,2,0,0,0,0,"P"
607670,0,0,0,0,0,""
607680,87,85,201,5,3,"CF"
607706,1,0,1,0,0,"P"
607727,0,0,0,0,0,"P"
607732,2,2,17,0,0,"C"
607752,0,0,0,0,0,""
607776,22,18,45,0,1,"RF"
607951,0,0,0,0,0,"P"
607962,0,0,0,0,0,"P"
607968,0,0,0,0,0,"P"
608032,32,0,1,1,2,"P"
608061,0,0,0,0,0,"2B"
608070,102,70,90,74,4,"3B"
608115,0,0,0,0,0,""
608167,1,0,0,0,0,"P"
608325,0,0,0,0,0,"SS"
608328,0,0,0,0,0,"P"
608336,0,0,0,0,0,"3B"
608337,2,2,0,0,0,"P"
608348,0,0,0,0,0,"C"
608349,5,0,0,0,0,"P"
608365,80,75,92,203,10,"SS"
608369,87,82,117,206,11,"SS"
608371,0,0,0,0,0,"P"
608379,18,18,16,15,1,"P"
608384,0,0,0,0,0,"LF"
608385,0,0,0,0,0,"LF"
608566,0,0,0,0,0,"P"
608577,82,74,178,5,0,"RF"
608589,0,0,0,0,0,"OF"
608596,0,0,0,0,0,"C"
608638,1,0,0,0,0,"P"
608641,0,0,0,0,0,"P"
608648,14,14,5,8,0,"P"
608654,0,0,0,0,0,""
608665,16,16,6,11,0,"P"
608671,48,19,66,0,1,"CF"
608672,1,0,1,0,0,"2B"
608678,5,0,0,0,0,"P"
608685,0,0,0,0,0,""
608691,0,0,0,0,0,"P"
608700,40,37,307,19,4,"C"
608701,32,22,128,12,2,"1B"
608703,13,7,8,19,0,"SS"
608715,0,0,0,0,0,""
608717,7,0,1,0,0,"P"
608719,0,0,0,0,0,""
608723,0,0,0,0,0,"P"
608724,0,0,0,0,0,"LF"
608730,0,0,0,0,0,""
609275,0,0,0,0,0,"2B"
611093,12,0,2,0,0,"P"
611177,58,58,46,84,11,"3B"
612272,0,0,0,0,0,"P"
612434,19,0,3,4,1,"P"
612672,17,17,1,11,0,"P"
615868,3,0,0,1,0,"P"
616623,0,0,0,0,0,""
620439,0,0,0,0,0,"SS"
620442,0,0,0,0,0,""
620446,0,0,0,0,0,"SS"
621002,0,0,0,0,0,"SS"
621035,7,4,2,5,2,"3B"
621043,83,82,115,244,8,"SS"
621072,0,0,0,0,0,"P"
621078,0,0,0,0,0,""
621107,5,5,0,4,0,"P"
621121,9,9,7,7,0,"P"
621173,0,0,0,0,0,"P"
621199,27,0,3,7,1,"P"
621209,5,5,1,1,1,"P"
621212,0,0,0,0,0,""
621216,0,0,0,0,0,""
621219,1,0,0,0,0,"P"
621242,16,0,0,1,0,"P"
621244,4,4,0,3,0,"P"
621249,0,0,0,0,0,"P"
621281,3,0,1,2,0,"P"
621283,0,0,0,0,0,"P"
621289,0,0,0,0,0,"P"
621295,19,0,1,1,0,"P"
621311,0,0,0,0,0,"LF"
621355,0,0,0,0,0,"P"
621381,0,0,0,0,0,"P"
621385,3,0,0,0,0,"P"
621389,0,0,0,0,0,"P"
621397,1,0,0,1,0,"P"
621408,2,0,0,0,0,"P"
621413,0,0,0,0,0,""
621433,0,0,0,0,0,"CF"
621439,48,44,122,1,2,"CF"
621445,0,0,0,0,0,""
621446,0,0,0,0,0,"CF"
621471,0,0,0,0,0,"CF"
621511,0,0,0,0,0,""
621515,0,0,0,0,0,""
621528,0,0,0,0,0,""
621529,0,0,0,0,0,""
621531,0,0,0,0,0,""
621550,0,0,0,0,0,""
621559,0,0,0,0,0,"2B"
621563,0,0,0,0,0,"2B"
621566,0,0,0,0,0,"RF"
621962,0,0,0,0,0,"P"
622046,0,0,0,0,0,""
622072,10,10,1,6,0,"P"
622092,0,0,0,0,0,"P"
622097,0,0,0,0,0,"P"
622110,69,66,43,142,5,"3B"
622194,0,0,0,0,0,"C"
622217,0,0,0,0,0,"P"
622218,0,0,0,0,0,""
622505,0,0,0,0,0,"P"
622524,0,0,0,0,0,"P"
622534,0,0,0,0,0,"CF"
622608,0,0,0,0,0,"P"
622663,7,7,3,5,2,"P"
622712,0,0,0,0,0,""
622713,0,0,0,0,0,"SS"
622761,0,0,0,0,0,"SS"
622772,0,0,0,0,0,"P"
622795,0,0,0,0,0,"P"
623143,37,24,194,14,2,"C"
623149,0,0,0,0,0,""
623166,1,0,0,0,0,"SS"
623168,0,0,0,0,0,""
623182,0,0,0,0,0,"LF"
623184,9,0,1,1,0,"P"
623188,0,0,0,0,0,""
623195,0,0,0,0,0,""
623352,0,0,0,0,0,"P"
623395,10,0,0,2,0,"P"
623401,0,0,0,0,0,""
623406,0,0,0,0,0,"P"
623430,39,0,1,3,2,"P"
623439,15,0,0,1,1,"P"
623500,0,0,0,0,0,""
623912,0,0,0,0,0,"CF"
623923,0,0,0,0,0,""
624414,0,0,0,0,0,""
624424,58,56,99,3,2,"LF"
624428,10,2,7,2,0,"LF"
624507,0,0,0,0,0,""
624512,0,0,0,0,0,""
624513,0,0,0,0,0,""
624577,66,60,126,6,3,"RF"
624585,37,35,44,1,1,"LF"
624586,0,0,0,0,0,"P"
625329,0,0,0,0,0,"LF"
627892,0,0,0,0,0,""
628317,17,17,8,14,3,"P"
628329,4,2,6,0,0,"LF"
628333,10,0,0,1,0,"P"
628338,0,0,0,0,0,"LF"
628356,43,40,26,103,2,"3B"
628452,10,5,5,0,0,"P"
628711,8,8,1,9,0,"P"
629502,0,0,0,0,0,""
630029,0,0,0,0,0,""
630111,85,70,107,4,2,"RF"
633831,0,0,0,0,0,"P"
636072,0,0,0,0,0,""
640447,0,0,0,0,0,"LF"
640455,11,11,3,5,1,"P"
640461,0,0,0,0,0,"2B"
640463,0,0,0,0,0,"P"
641313,26,26,42,59,1,"SS"
641319,0,0,0,0,0,"2B"
641334,0,0,0,0,0,""
641339,0,0,0,0,0,""
641355,0,0,0,0,0,""
641438,0,0,0,0,0,"P"
641477,0,0,0,0,0,"CF"
641487,0,0,0,0,0,""
641490,11,0,0,1,0,"P"
641501,3,0,0,0,0,"P"
641531,0,0,0,0,0,"RF"
641553,0,0,0,0,0,"CF"
641558,0,0,0,0,0,""
641583,0,0,0,0,0,""
641598,0,0,0,0,0,"C"
641627,0,0,0,0,0,"P"
641632,0,0,0,0,0,""
641640,0,0,0,0,0,""
641680,0,0,0,0,0,""
641724,0,0,0,0,0,""
641729,0,0,0,0,0,""
641771,2,2,1,1,0,"P"
641820,0,0,0,0,0,"DH"
641840,0,0,0,0,0,""
641851,0,0,0,0,0,""
641857,0,0,0,0,0,""
641924,0,0,0,0,0,""
641929,0,0,0,0,0,""
641958,0,0,0,0,0,"RF"
642003,4,4,0,2,0,"P"
642008,0,0,0,0,0,"P"
642082,0,0,0,0,0,""
642086,0,0,0,0,0,""
642091,0,0,0,0,0,"P"
642094,0,0,0,0,0,""
642114,0,0,0,0,0,""
642117,0,0,0,0,0,""
642133,0,0,0,0,0,""
642140,0,0,0,0,0,""
642156,0,0,0,0,0,"C"
642180,0,0,0,0,0,""
642229,4,2,2,0,0,"P"
642435,0,0,0,0,0,""
642457,0,0,0,0,0,""
642471,0,0,0,0,0,""
642770,0,0,0,0,0,"SS"
642835,0,0,0,0,0,""
643218,0,0,0,0,0,""
643230,1,1,0,0,0,"P"
643297,5,0,0,0,0,"P"
643316,0,0,0,0,0,"P"
643325,14,0,3,0,1,"P"
643327,6,2,1,3,0,"P"
643337,0,0,0,0,0,""
643338,4,3,3,2,0,"P"
643364,0,0,0,0,0,""
643376,0,0,0,0,0,""
643392,0,0,0,0,0,""
643393,15,9,8,3,1,"LF"
643419,0,0,0,0,0,""
643440,0,0,0,0,0,""
643466,0,0,0,0,0,""
643550,2,0,0,1,0,"P"
643565,0,0,0,0,0,""
643603,44,40,324,21,4,"1B"
643778,0,0,0,0,0,"P"
645277,0,0,0,0,0,""
645521,0,0,0,0,0,""
645848,0,0,0,0,0,"RF"
648717,0,0,0,0,0,"LF"
648737,10,0,1,3,0,"P"
649557,77,72,83,216,15,"SS"
650869,0,0,0,0,0,""
650895,0,0,0,0,0,""
654786,0,0,0,0,0,""
656305,0,0,0,0,0,""
656322,0,0,0,0,0,""
656352,0,0,0,0,0,""
656375,0,0,0,0,0,""
656417,0,0,0,0,0,""
656485,0,0,0,0,0,""
656494,0,0,0,0,0,""
656546,0,0,0,0,0,"P"
656794,0,0,0,0,0,""
656920,0,0,0,0,0,""
656941,2,2,1,0,0,"LF"
657123,0,0,0,0,0,""
657139,0,0,0,0,0,""
657205,15,0,1,2,0,"P"
657670,24,0,0,4,0,"P"
657680,0,0,0,0,0,""
657686,0,0,0,0,0,""
657763,0,0,0,0,0,""
658792,0,0,0,0,0,""
661255,0,0,0,0,0,""
661281,0,0,0,0,0,"OF"
663411,0,0,0,0,0,""
664125,0,0,0,0,0,""
664463,0,0,0,0,0,""
664641,1,0,0,0,1,"P"
665285,0,0,0,0,0,""
665579,0,0,0,0,0,""
666560,24,24,189,17,1,"DH"
666888,0,0,0,0,0,"P"
