Name,Team,G,PA,AB,R,H,1B,2B,3B,HR,RBI,BB,SO,HBP,SF,SH,GDP,IFH,AVG,OBP,SLG,OPS,OUTS,rOW,playerid
Joey Votto,Reds,162,707,559,106,179,108,34,1,36,100,134,83,8,6,0,16,5,.320,.454,.578,1.032,380,67.62,4314
Charlie Blackmon,Rockies,159,725,644,137,213,127,35,14,37,104,65,135,10,3,3,4,16,.331,.399,.601,1.000,431,57.80,7859
Aaron Judge,Yankees,155,678,542,128,154,75,24,3,52,114,127,208,5,4,0,15,5,.284,.422,.627,1.049,388,54.51,15640
Mike Trout,Angels,114,507,402,92,123,62,25,3,33,72,94,90,7,4,0,8,13,.306,.442,.629,1.071,279,51.07,10155
Giancarlo Stanton,Marlins,159,692,597,123,168,77,32,0,59,132,85,163,7,3,0,13,11,.281,.376,.631,1.007,429,48.74,4949
Kris Bryant,Cubs,151,665,549,111,162,91,38,4,29,73,95,128,15,6,0,8,19,.295,.409,.537,.946,387,43.43,15429
Jose E Ramirez,Indians,152,645,585,107,186,95,56,6,29,83,52,69,3,5,0,13,11,.318,.374,.583,.957,399,42.89,13510
Paul Goldschmidt,Diamondbacks,155,665,558,117,166,93,34,3,36,120,94,147,8,4,0,14,15,.297,.404,.563,.966,392,41.75,9218
Jose Altuve,Astros,153,662,590,112,204,137,39,4,24,81,58,84,9,4,1,19,30,.346,.410,.547,.957,386,41.63,5417
Anthony Rendon,Nationals,147,605,508,81,153,86,41,1,25,100,84,82,7,6,0,7,10,.301,.403,.533,.937,355,41.00,12861
Nolan Arenado,Rockies,159,680,606,100,187,100,43,7,37,130,62,106,4,6,1,21,13,.309,.373,.586,.959,419,39.47,9777
Justin Turner,Dodgers,130,543,457,72,147,94,32,0,21,71,59,56,19,7,1,12,5,.322,.415,.530,.945,310,38.09,5235
Freddie Freeman,Braves,117,514,440,84,135,70,35,2,28,71,65,95,7,2,0,9,10,.307,.403,.586,.989,305,37.63,5361
J.D. Martinez,- - -,119,489,432,85,131,57,26,3,45,104,53,128,0,4,0,23,7,.303,.376,.690,1.066,301,35.74,6184
Bryce Harper,Nationals,111,492,420,95,134,77,27,1,29,87,68,99,1,3,0,15,13,.319,.413,.595,1.008,286,35.54,11579
Anthony Rizzo,Cubs,157,691,572,99,156,89,32,3,32,109,91,90,24,4,0,21,4,.273,.392,.507,.899,416,32.66,3473
Daniel Murphy,Nationals,144,593,534,94,172,103,43,3,23,93,52,77,4,3,0,16,2,.322,.384,.543,.928,362,32.51,4316
Nelson Cruz,Mariners,155,645,556,91,160,93,28,0,39,119,70,140,12,7,0,15,13,.288,.375,.549,.924,396,31.28,2434
Zack Cozart,Reds,122,507,438,80,130,75,24,7,24,63,62,78,3,4,0,5,10,.297,.385,.548,.933,308,31.05,2616
Marcell Ozuna,Marlins,159,679,613,93,191,122,30,2,37,124,64,144,0,2,0,18,18,.312,.376,.548,.924,422,30.02,10324
Josh Donaldson,Blue Jays,113,496,415,65,112,58,21,0,33,78,76,111,3,2,0,5,6,.270,.385,.559,.944,303,29.61,5038
Cody Bellinger,Dodgers,132,548,480,87,128,59,26,4,39,97,64,146,1,3,0,5,9,.267,.352,.581,.933,352,27.13,15998
Carlos Correa,Astros,109,481,422,82,133,83,25,1,24,84,53,92,2,4,0,12,16,.315,.391,.550,.941,289,26.22,14162
Ryan Zimmerman,Nationals,144,576,524,90,159,90,33,0,36,108,44,126,3,5,0,16,13,.303,.358,.573,.930,365,26.06,4220
Jose Abreu,White Sox,156,675,621,95,189,107,43,6,33,102,35,119,15,4,0,21,14,.304,.354,.552,.906,432,25.98,15676
George Springer,Astros,140,629,548,112,155,92,29,0,34,85,64,111,11,4,0,11,24,.283,.367,.522,.889,393,25.70,12856
Tommy Pham,Cardinals,128,530,444,95,136,89,22,2,23,73,71,117,10,3,2,18,16,.306,.411,.520,.931,308,25.54,2967
Marwin Gonzalez,Astros,134,515,455,67,138,81,34,0,23,90,49,99,6,2,3,8,8,.303,.377,.530,.907,317,24.97,5497
Michael Conforto,Mets,109,440,373,72,104,56,20,1,27,68,57,113,8,2,0,3,10,.279,.384,.555,.939,269,24.90,16376
Edwin Encarnacion,Indians,157,669,554,96,143,84,20,1,38,107,104,133,5,5,0,18,5,.258,.377,.504,.881,411,24.77,2151
Justin Upton,- - -,152,635,557,100,152,73,44,0,35,109,74,180,3,1,0,9,6,.273,.361,.540,.901,405,24.47,5222
Eric Hosmer,Royals,162,671,603,98,192,135,31,1,25,94,66,104,0,2,0,20,19,.318,.385,.498,.882,411,24.32,3516
Matt Carpenter,Cardinals,145,622,497,91,120,64,31,2,23,69,109,125,9,5,2,5,3,.241,.384,.451,.835,377,22.84,8090
Adrian Beltre,Rangers,94,389,340,47,106,66,22,1,17,71,39,52,4,6,0,7,4,.312,.383,.532,.915,234,22.39,639
Buster Posey,Giants,140,568,494,62,158,112,34,0,12,67,61,66,8,5,0,17,6,.320,.400,.462,.861,336,22.26,9166
Francisco Lindor,Indians,159,723,651,99,178,97,44,4,33,89,60,93,4,3,5,11,17,.273,.337,.505,.842,473,21.35,12916
Justin Smoak,Blue Jays,158,637,560,85,151,83,29,1,38,90,73,128,2,2,0,17,3,.270,.355,.529,.883,409,21.14,9054
Brian Dozier,Twins,152,705,617,106,166,98,30,4,34,93,78,141,8,2,0,11,13,.269,.357,.496,.853,451,20.59,9810
Josh Reddick,Astros,134,540,477,77,150,99,34,4,13,82,43,72,0,12,1,9,7,.314,.363,.484,.847,327,20.16,3892
Andrew McCutchen,Pirates,156,650,570,94,159,99,30,2,28,88,73,116,4,3,0,10,13,.279,.363,.486,.849,411,20.13,9847
Avisail Garcia,White Sox,136,561,518,75,171,121,27,5,18,80,33,111,9,1,0,14,26,.330,.380,.506,.885,347,18.64,5760
Domingo Santana,Brewers,151,607,525,88,146,87,29,0,30,85,73,178,6,3,0,12,4,.278,.371,.505,.875,379,18.37,10348
Logan Morrison,Rays,149,601,512,75,126,65,22,1,38,85,81,149,5,3,0,12,3,.246,.353,.516,.868,386,17.61,9205
Corey Seager,Dodgers,145,613,539,85,159,104,33,0,22,77,67,131,4,3,0,14,8,.295,.375,.479,.854,380,17.55,13624
Justin Bour,Marlins,108,429,377,52,109,66,18,0,25,83,47,95,1,4,0,10,5,.289,.366,.536,.902,268,17.54,9744
Eric Thames,Brewers,138,551,469,83,116,55,26,4,31,63,75,163,7,0,0,6,6,.247,.359,.518,.877,353,17.34,3711
Rhys Hoskins,Phillies,50,212,170,37,44,19,7,0,18,48,37,46,3,2,0,2,2,.259,.396,.618,1.014,126,17.23,16472
Carlos Santana,Indians,154,667,571,90,148,85,37,3,23,79,88,94,6,2,0,11,14,.259,.363,.455,.818,423,16.80,2396
Gary Sanchez,Yankees,122,525,471,79,131,78,20,0,33,90,40,120,10,4,0,9,14,.278,.345,.531,.876,340,16.57,11442
Yonder Alonso,- - -,142,521,451,72,120,70,22,0,28,67,68,118,2,0,0,9,1,.266,.365,.501,.866,331,16.53,2530
Mookie Betts,Red Sox,153,712,628,101,166,94,46,2,24,102,77,79,2,5,0,9,23,.264,.344,.459,.803,462,15.85,13611
Chris Taylor,Dodgers,140,568,514,85,148,88,34,5,21,72,50,142,3,1,0,2,20,.288,.354,.496,.850,366,15.78,13757
Jake Lamb,Diamondbacks,149,635,536,89,133,69,30,4,30,105,87,152,7,5,0,15,5,.248,.357,.487,.844,403,14.77,13329
Alex Bregman,Astros,155,626,556,88,158,95,39,5,19,71,55,97,7,7,1,15,9,.284,.352,.475,.827,398,14.54,17678
Jed Lowrie,Athletics,153,645,567,86,157,91,49,3,14,69,73,100,2,3,0,10,3,.277,.360,.448,.808,410,14.48,4418
Eddie Rosario,Twins,151,589,542,79,157,95,33,2,27,78,35,106,0,8,4,10,10,.290,.328,.507,.836,385,14.44,12155
Dexter Fowler,Cardinals,118,491,420,68,111,62,22,9,18,64,63,101,4,4,0,10,6,.264,.363,.488,.851,309,13.80,4062
Kurt Suzuki,Braves,81,309,276,38,78,46,13,0,19,50,17,39,13,2,1,5,4,.283,.351,.536,.887,198,13.70,8259
Travis Shaw,Brewers,144,606,538,84,147,81,34,1,31,101,60,138,4,3,1,20,5,.273,.349,.513,.862,391,13.40,11982
Christian Yelich,Marlins,156,695,602,100,170,114,36,2,18,81,80,137,6,6,0,13,11,.282,.369,.439,.807,432,13.36,11477
Adam Lind,Nationals,116,301,267,39,81,53,14,0,14,59,28,47,0,6,0,6,3,.303,.362,.513,.875,186,12.73,8027
Matt Olson,Athletics,59,216,189,33,49,23,2,0,24,45,22,60,5,0,0,6,1,.259,.352,.651,1.003,140,12.49,14344
Austin Barnes,Dodgers,102,262,218,35,63,38,15,2,8,38,39,43,5,0,0,6,3,.289,.408,.486,.895,155,12.40,12158
Joey Gallo,Rangers,145,532,449,85,94,32,18,3,41,80,75,196,8,0,0,3,3,.209,.333,.537,.869,355,12.34,14128
Eugenio Suarez,Reds,156,632,534,87,139,86,25,2,26,82,84,147,9,5,0,16,12,.260,.367,.461,.828,395,12.07,12552
Yoenis Cespedes,Mets,81,321,291,46,85,49,17,2,17,42,26,61,2,2,0,7,7,.292,.352,.540,.892,206,11.99,13110
Yulieski Gurriel,Astros,139,564,529,69,158,96,43,1,18,75,22,62,7,6,0,12,13,.299,.332,.486,.817,371,11.91,19198
Scooter Gennett,Reds,141,497,461,80,136,84,22,3,27,97,30,114,4,2,0,15,6,.295,.342,.531,.874,325,11.86,10339
Khris Davis,Athletics,153,652,566,91,140,68,28,1,43,110,73,195,6,7,0,20,9,.247,.336,.528,.864,426,11.85,9112
Jonathan Schoop,Orioles,160,675,622,92,182,115,35,0,32,105,35,142,11,7,0,20,14,.293,.338,.503,.841,440,11.80,11265
Jose Martinez,Cardinals,106,307,272,47,84,56,13,1,14,46,32,60,0,2,1,9,9,.309,.379,.518,.897,188,11.78,7996
Aaron Hicks,Yankees,88,361,301,54,80,47,18,0,15,52,51,67,3,5,1,8,8,.266,.372,.475,.847,221,11.65,5297
Jay Bruce,- - -,146,617,555,82,141,74,29,2,36,101,57,139,2,3,0,11,5,.254,.324,.508,.832,414,10.72,9892
Joe Mauer,Twins,141,597,525,69,160,116,36,1,7,71,66,83,3,3,0,17,10,.305,.384,.417,.801,365,10.57,1857
Lonnie Chisenhall,Indians,82,270,236,34,68,38,17,1,12,53,25,55,3,3,3,6,3,.288,.360,.521,.881,168,10.21,7571
Brandon Belt,Giants,104,451,382,63,92,44,27,3,18,51,66,104,2,1,0,5,3,.241,.355,.469,.823,290,10.15,10264
Mike Moustakas,Royals,148,598,555,75,151,89,24,0,38,85,34,94,3,6,0,18,7,.272,.314,.521,.835,404,10.15,4892
Mark Reynolds,Rockies,148,593,520,82,139,86,22,1,30,97,69,175,1,3,0,12,5,.267,.352,.487,.839,381,10.01,7619
Chris Iannetta,Diamondbacks,89,316,272,38,69,33,19,0,17,43,37,87,6,1,0,3,6,.254,.354,.511,.865,203,9.70,8267
Brett Gardner,Yankees,151,682,594,96,157,106,26,4,21,63,72,122,8,3,5,4,18,.264,.350,.428,.778,437,9.60,9927
Robinson Chirinos,Rangers,88,309,263,46,67,36,13,1,17,38,34,79,10,1,1,5,3,.255,.360,.506,.866,196,9.38,3142
Matt Joyce,Athletics,141,544,469,78,114,56,33,0,25,68,66,113,2,7,0,10,3,.243,.335,.473,.808,355,9.21,3353
Kolten Wong,Cardinals,108,411,354,55,101,67,27,3,4,42,41,60,12,3,1,4,10,.285,.376,.412,.788,253,9.20,12532
Didi Gregorius,Yankees,136,570,534,73,153,101,27,0,25,87,25,70,3,7,0,7,16,.287,.318,.478,.796,381,9.08,6012
David Peralta,Diamondbacks,140,577,525,82,154,106,31,3,14,57,43,94,6,3,0,7,17,.293,.352,.444,.796,371,9.05,2136
Austin Jackson,Indians,85,318,280,46,89,60,19,3,7,35,33,64,1,4,0,13,9,.318,.387,.482,.869,191,8.69,9848
Tyler Flowers,Braves,99,370,317,41,89,61,16,0,12,49,31,82,20,2,0,6,7,.281,.378,.445,.823,228,8.69,9134
Willson Contreras,Cubs,117,428,377,50,104,62,21,0,21,74,45,98,3,2,1,13,16,.276,.356,.499,.855,273,8.68,11609
Yasiel Puig,Dodgers,152,570,499,72,131,77,24,2,28,74,64,100,2,5,0,21,16,.263,.346,.487,.833,368,8.64,14225
Paul DeJong,Cardinals,108,443,417,55,119,67,26,1,25,65,21,124,4,1,0,8,7,.285,.325,.532,.857,298,8.40,18015
Elvis Andrus,Rangers,158,689,643,100,191,123,44,4,20,88,38,101,3,4,1,18,22,.297,.337,.471,.808,452,8.25,8709
Mitch Haniger,Mariners,96,410,369,58,104,61,25,2,16,47,31,93,9,0,1,9,9,.282,.352,.491,.843,265,8.08,14274
Cesar Hernandez,Phillies,128,577,511,85,150,109,26,6,9,34,61,104,4,1,0,8,27,.294,.373,.421,.793,361,8.03,10556
Matt Adams,- - -,131,367,339,46,93,50,22,1,20,65,23,88,1,4,0,5,4,.274,.319,.522,.841,246,7.86,9393
Neil Walker,- - -,111,448,385,59,102,65,21,2,14,49,55,77,5,2,1,9,5,.265,.362,.439,.801,283,7.85,7539
Joe Panik,Giants,138,573,511,60,147,104,28,5,10,53,46,54,5,8,3,10,14,.288,.347,.421,.768,364,7.76,11936
Howie Kendrick,- - -,91,334,305,40,96,68,16,3,9,41,22,68,5,2,0,8,9,.315,.368,.475,.844,209,7.57,4229
Trey Mancini,Orioles,147,586,543,65,159,105,26,4,24,78,33,139,6,4,0,12,21,.293,.338,.488,.826,384,7.42,15149
Miguel Sano,Twins,114,483,424,75,112,67,15,2,28,77,54,173,4,1,0,12,3,.264,.352,.507,.859,312,7.06,12164
Michael Brantley,Indians,90,375,338,47,101,71,20,1,9,52,31,50,2,4,0,8,7,.299,.357,.444,.801,237,6.94,4106
Steven Souza Jr.,Rays,148,617,523,78,125,72,21,2,30,78,84,179,7,1,2,9,13,.239,.351,.459,.810,398,6.93,5667
Nick Castellanos,Tigers,157,665,614,73,167,95,36,10,26,101,41,142,5,5,0,12,12,.272,.320,.490,.811,447,6.86,11737
Aaron Altherr,Phillies,107,412,372,58,101,53,24,5,19,65,32,104,7,1,0,12,11,.272,.340,.516,.856,271,6.77,11270
Jose Pirela,Padres,83,344,312,43,90,51,25,4,10,40,27,71,2,2,1,8,10,.288,.347,.490,.837,222,6.64,5485
Tommy La Stella,Cubs,73,151,125,18,36,23,8,0,5,22,20,18,2,2,0,3,1,.288,.389,.472,.861,89,6.63,12371
Jesse Winker,Reds,47,137,121,21,36,22,7,0,7,15,15,24,0,0,1,2,1,.298,.375,.529,.904,85,6.63,13590
Daniel Nava,Phillies,80,214,183,21,55,42,8,1,4,21,26,38,3,2,0,2,0,.301,.393,.421,.813,128,6.62,5450
Jedd Gyorko,Cardinals,125,481,426,52,116,73,21,2,20,67,47,105,1,7,0,12,7,.272,.341,.472,.813,310,6.52,10816
Kyle Seager,Mariners,154,650,578,72,144,83,33,1,27,88,58,110,8,6,0,6,10,.249,.323,.450,.773,434,6.44,9785
Eduardo Nunez,- - -,114,491,467,60,146,101,33,0,12,58,18,54,3,2,1,11,23,.313,.341,.460,.801,321,6.39,6848
Lorenzo Cain,Royals,155,645,584,86,175,128,27,5,15,49,54,100,5,2,0,20,21,.300,.363,.440,.803,409,6.34,9077
Alex Avila,- - -,112,376,311,41,82,54,13,1,14,49,62,120,1,1,1,10,3,.264,.387,.447,.834,229,6.19,7476
Robinson Cano,Mariners,150,648,592,79,166,110,33,0,23,97,49,85,4,3,0,18,5,.280,.338,.453,.791,426,5.98,3269
DJ LeMahieu,Rockies,155,682,609,95,189,149,28,4,8,64,59,90,6,5,3,24,10,.310,.374,.409,.783,420,5.85,9874
A.J. Pollock,Diamondbacks,112,466,425,73,113,60,33,6,14,49,35,71,6,0,0,8,10,.266,.330,.471,.801,312,5.74,9256
Carlos Gomez,Rangers,105,426,368,51,94,53,23,1,17,51,31,127,19,5,3,3,11,.255,.340,.462,.802,274,5.67,4881
Andrew Benintendi,Red Sox,151,658,573,84,155,108,26,1,20,90,70,112,6,8,1,16,10,.271,.352,.424,.776,418,5.64,17901
Lucas Duda,- - -,127,491,423,50,92,34,28,0,30,64,60,135,6,2,0,9,1,.217,.322,.496,.818,331,5.41,2502
Ozzie Albies,Braves,57,244,217,34,62,42,9,5,6,28,21,36,3,2,1,3,5,.286,.354,.456,.810,155,5.40,16556
Corey Dickerson,Rays,150,629,588,84,166,102,33,4,27,62,35,152,3,2,0,11,17,.282,.325,.490,.815,422,5.38,10762
Josh Harrison,Pirates,128,542,486,66,132,88,26,2,16,47,28,90,23,3,2,5,11,.272,.339,.432,.771,354,5.36,8202
Josh Bell,Pirates,159,620,549,75,140,82,26,6,26,90,66,117,1,4,0,15,14,.255,.334,.466,.800,409,5.35,13145
Ender Inciarte,Braves,158,718,662,93,201,158,27,5,11,57,49,94,0,4,3,8,17,.304,.350,.409,.759,461,5.29,4922
Ryan Braun,Brewers,104,425,380,58,102,55,28,2,17,52,38,76,3,4,0,15,10,.268,.336,.487,.823,278,5.27,3410
Eric Sogard,Brewers,94,299,249,37,68,49,15,1,3,18,45,37,4,0,1,7,1,.273,.393,.378,.770,181,4.84,7927
Jeremy Hazelbaker,Diamondbacks,41,61,52,10,18,12,2,2,2,10,9,20,0,0,0,0,3,.346,.443,.577,1.020,34,4.78,9399
Adam Eaton,Nationals,23,107,91,24,27,17,7,1,2,13,14,18,1,1,0,0,6,.297,.393,.462,.854,64,4.69,11205
Whit Merrifield,Royals,145,630,587,80,169,112,32,6,19,78,29,88,6,7,1,13,21,.288,.324,.460,.784,418,4.67,11281
Dustin Pedroia,Red Sox,105,463,406,46,119,93,19,0,7,62,49,48,2,4,2,11,14,.293,.369,.392,.760,287,4.48,8370
Todd Frazier,- - -,147,576,474,74,101,54,19,1,27,76,83,125,14,5,0,10,7,.213,.344,.428,.772,373,4.44,785
Gerardo Parra,Rockies,115,425,392,56,121,86,24,1,10,71,20,67,4,9,0,13,9,.309,.341,.452,.793,271,4.29,8553
Mike Zunino,Mariners,124,435,387,52,97,47,25,0,25,64,39,160,8,1,0,8,3,.251,.331,.509,.840,290,4.28,13265
Trea Turner,Nationals,98,447,412,75,117,76,24,6,11,45,30,80,4,1,0,4,22,.284,.338,.451,.789,295,4.24,16252
Ian Happ,Cubs,115,413,364,62,92,48,17,3,24,68,39,129,4,4,2,12,8,.253,.328,.514,.842,272,4.17,17919
Nick Delmonico,White Sox,43,166,141,25,37,24,4,0,9,23,23,31,2,0,0,5,7,.262,.373,.482,.856,104,4.07,13157
Colby Rasmus,Rays,37,129,121,17,34,17,7,1,9,23,7,45,0,1,0,1,1,.281,.318,.579,.896,87,3.99,9893
Brian Goodwin,Nationals,74,278,251,41,63,28,21,1,13,30,23,69,1,3,0,3,4,.251,.313,.498,.811,188,3.74,12858
Brandon Nimmo,Mets,69,215,177,26,46,29,11,1,5,21,33,60,2,2,1,3,2,.260,.379,.418,.797,131,3.62,12927
Kevin Kiermaier,Rays,98,421,380,56,105,72,15,3,15,39,31,99,5,1,4,3,14,.276,.338,.450,.788,275,3.58,11038
Shin-Soo Choo,Rangers,149,636,544,96,142,99,20,1,22,78,77,134,7,5,3,18,6,.261,.357,.423,.780,402,3.57,3174
Jesus Aguilar,Brewers,133,311,279,40,74,41,15,2,16,52,25,94,4,3,0,8,3,.265,.331,.505,.837,205,3.48,11342
Scott Schebler,Reds,141,531,473,63,110,53,25,2,30,67,39,125,14,5,0,7,7,.233,.307,.484,.791,363,3.36,12225
Teoscar Hernandez,- - -,27,95,88,16,23,9,6,0,8,20,6,36,0,1,0,0,2,.261,.305,.602,.908,65,3.31,13066
Chance Sisco,Orioles,10,22,18,3,6,2,2,0,2,4,3,7,1,0,0,0,0,.333,.455,.778,1.232,12,3.13,15694
Asdrubal Cabrera,Mets,135,540,479,66,134,88,32,0,14,59,50,83,5,5,1,19,13,.280,.351,.434,.785,345,3.08,4962
Curtis Granderson,- - -,147,527,449,74,95,42,24,3,26,64,71,123,4,3,0,5,8,.212,.323,.452,.775,354,3.03,4747
Jorge Alfaro,Phillies,29,114,107,12,34,23,6,0,5,14,3,33,4,0,0,2,2,.318,.360,.514,.874,73,2.98,12180
Christian Villanueva,Padres,12,32,32,5,11,6,1,0,4,7,0,10,0,0,0,0,4,.344,.344,.750,1.094,21,2.92,11738
Pat Valaika,Rockies,110,195,182,28,47,23,11,0,13,40,7,53,0,1,5,1,1,.258,.284,.533,.817,135,2.68,14885
Francisco Pena,Orioles,5,10,10,3,5,3,0,0,2,2,0,3,0,0,0,0,1,.500,.500,1.100,1.600,5,2.65,8298
Starlin Castro,Yankees,112,473,443,66,133,98,18,1,16,63,23,93,4,3,0,9,22,.300,.338,.454,.792,310,2.55,4579
Robbie Grossman,Twins,119,456,382,62,94,62,22,1,9,45,67,79,3,2,2,6,8,.246,.361,.380,.741,288,2.49,5254
Rafael Devers,Red Sox,58,240,222,34,63,39,14,0,10,30,18,57,0,0,0,5,7,.284,.338,.482,.819,159,2.41,17350
Michael Taylor,Nationals,118,432,399,55,108,63,23,3,19,53,29,137,1,2,1,3,15,.271,.320,.486,.806,291,2.38,11489
Tyler White,Astros,22,67,61,7,17,8,6,0,3,10,4,16,1,1,0,0,1,.279,.328,.525,.853,44,2.30,15564
Manny Machado,Orioles,156,690,630,81,163,96,33,1,33,95,50,115,1,9,0,17,19,.259,.310,.471,.782,467,2.21,11493
Miguel Andujar,Yankees,5,8,7,0,4,2,2,0,0,4,1,0,0,0,0,0,0,.571,.625,.857,1.482,3,2.10,15878
Mikie Mahtook,Tigers,109,379,348,50,96,63,15,6,12,38,23,79,6,2,0,4,18,.276,.330,.457,.787,252,2.09,13130
Christian Walker,Diamondbacks,11,15,12,2,3,0,1,0,2,2,1,5,2,0,0,0,0,.250,.400,.833,1.233,9,1.98,13419
Nick Williams,Phillies,83,343,313,45,90,60,14,4,12,55,20,97,6,4,0,8,11,.288,.338,.473,.811,223,1.83,14330
Chase Headley,Yankees,147,586,512,77,140,97,30,1,12,61,60,132,6,7,1,10,11,.273,.352,.406,.758,372,1.82,4720
Curt Casali,Rays,9,13,9,2,3,2,0,0,1,3,3,3,0,1,0,0,0,.333,.462,.667,1.128,6,1.79,12510
Colin Moran,Astros,7,12,11,3,4,2,0,1,1,3,1,1,0,0,0,0,1,.364,.417,.818,1.235,7,1.78,16909
Derek Dietrich,Marlins,135,464,406,56,101,61,22,5,13,53,36,98,18,4,0,4,10,.249,.334,.424,.758,305,1.69,10542
Matt Chapman,Athletics,84,326,290,39,68,29,23,2,14,40,32,92,2,2,0,2,3,.234,.313,.472,.785,222,1.67,16505
Jean Segura,Mariners,125,566,524,80,157,114,30,2,11,45,34,83,6,1,0,14,21,.300,.349,.427,.776,367,1.67,5933
Rob Brantly,White Sox,14,36,31,4,9,6,1,0,2,5,3,14,2,0,0,0,0,.290,.389,.516,.905,22,1.49,10655
Albert Almora Jr.,Cubs,132,323,299,39,89,62,18,1,8,46,19,53,0,2,3,8,11,.298,.338,.445,.782,210,1.48,14109
Craig Stammen,Padres,60,8,6,2,3,2,1,0,0,0,2,2,0,0,0,0,0,.500,.625,.667,1.292,3,1.48,7274
Darrell Ceciliani,Blue Jays,3,5,5,2,2,0,1,0,1,3,0,0,0,0,0,0,0,.400,.400,1.200,1.600,3,1.45,9954
J.T. Realmuto,Marlins,141,579,532,68,148,95,31,5,17,65,36,106,8,3,0,13,21,.278,.332,.451,.783,384,1.44,11739
Kevin Plawecki,Mets,37,118,100,11,26,18,5,0,3,13,14,17,3,1,0,2,3,.260,.364,.400,.764,74,1.43,13807
Carlos Gonzalez,Rockies,136,534,470,72,123,75,34,0,14,57,56,119,2,6,0,9,10,.262,.339,.423,.762,347,1.41,7287
Ji-Man Choi,Yankees,6,18,15,2,4,1,1,0,2,5,2,5,0,1,0,1,0,.267,.333,.733,1.067,11,1.35,5452
Erik Kratz,Yankees,4,2,2,0,2,1,1,0,0,2,0,0,0,0,0,0,0,1.000,1.000,1.500,2.500,0,1.26,4403
Ezequiel Carrera,Blue Jays,131,325,287,38,81,62,10,1,8,20,30,75,3,0,5,4,5,.282,.356,.408,.764,206,1.22,9048
Seth Smith,Orioles,111,373,330,50,85,53,19,0,13,32,36,79,6,1,0,7,6,.258,.340,.433,.774,245,1.21,7331
Brian McCann,Astros,97,399,349,47,84,53,12,1,18,62,38,58,7,5,0,9,4,.241,.323,.436,.759,265,1.17,4810
Pedro Florimon,Phillies,15,49,46,6,16,11,4,1,0,6,3,16,0,0,0,1,0,.348,.388,.478,.866,30,1.14,8385
Jacob Stallings,Pirates,5,16,14,3,5,3,2,0,0,3,2,2,0,0,0,0,2,.357,.438,.500,.938,9,1.11,13723
Ehire Adrianza,Twins,70,186,162,30,43,30,9,2,2,24,16,25,1,6,1,0,2,.265,.324,.383,.707,119,1.09,8418
Mike Marjama,Mariners,5,9,9,1,3,1,1,0,1,1,0,1,0,0,0,0,0,.333,.333,.778,1.111,6,1.09,12594
Wil Myers,Padres,155,649,567,80,138,76,29,3,30,74,70,180,5,7,0,15,16,.243,.328,.464,.792,429,1.04,10047
Garrett Cooper,Yankees,13,45,43,3,14,8,5,1,0,6,1,12,0,1,0,0,1,.326,.333,.488,.822,29,1.04,15279
Wilmer Flores,Mets,110,362,336,42,91,55,17,1,18,52,17,54,3,6,0,14,4,.271,.307,.488,.795,245,1.03,5827
T.J. Rivera,Mets,73,231,214,27,62,43,13,1,5,27,9,32,5,2,1,4,3,.290,.330,.430,.760,152,1.00,12495
Joey Wendle,Athletics,8,14,13,3,4,2,1,0,1,5,1,3,0,0,0,0,0,.308,.357,.615,.973,9,.98,13853
Welington Castillo,Orioles,96,365,341,44,96,65,11,0,20,53,22,97,0,2,0,10,7,.282,.323,.490,.813,245,.97,3256
Brett Phillips,Brewers,37,98,87,9,24,17,3,0,4,12,9,34,1,0,1,0,1,.276,.351,.448,.799,63,.97,14735
Dwight Smith,Blue Jays,12,29,27,2,10,8,2,0,0,1,1,10,1,0,0,0,0,.370,.414,.444,.858,17,.96,13473
Ketel Marte,Diamondbacks,73,255,223,30,58,40,11,2,5,18,29,37,1,2,0,3,5,.260,.345,.395,.740,165,.88,13613
Miguel Rojas,Marlins,90,306,272,37,79,60,16,2,1,26,27,32,4,2,1,6,6,.290,.361,.375,.736,193,.88,7802
Johan Camargo,Braves,82,256,241,30,72,45,21,2,4,27,12,51,0,1,2,5,7,.299,.331,.452,.783,169,.86,14950
Boog Powell,- - -,52,135,117,24,33,25,5,0,3,12,15,30,0,2,1,2,4,.282,.358,.402,.760,84,.83,15103
Jeimer Candelario,- - -,38,142,127,18,36,24,9,0,3,16,13,30,2,0,0,3,4,.283,.359,.425,.784,91,.81,13621
Sean Gilmartin,Mets,2,1,1,1,1,0,1,0,0,1,0,0,0,0,0,0,0,1.000,1.000,2.000,3.000,0,.80,12781
Raisel Iglesias,Reds,63,1,1,0,1,0,1,0,0,0,0,0,0,0,0,0,0,1.000,1.000,2.000,3.000,0,.80,17130
Aaron Blair,Braves,1,2,1,0,1,1,0,0,0,0,1,0,0,0,0,0,0,1.000,1.000,1.000,2.000,0,.79,14934
Andrew Albers,Mariners,9,3,1,0,1,1,0,0,0,1,0,0,0,0,2,0,1,1.000,1.000,1.000,2.000,0,.69,7853
Daniel Mengden,Athletics,7,4,2,1,1,1,0,0,0,0,1,0,0,0,1,0,0,.500,.667,.500,1.167,1,.69,16980
Marcus Stroman,Blue Jays,34,7,7,2,2,0,1,0,1,1,0,4,0,0,0,0,0,.286,.286,.857,1.143,5,.66,13431
Jake Marisnick,Astros,106,259,230,50,56,30,10,0,16,35,20,90,6,1,2,5,4,.243,.319,.496,.815,174,.64,11339
Erasmo Ramirez,Mariners,11,3,3,0,2,2,0,0,0,1,0,1,0,0,0,0,1,.667,.667,.667,1.333,1,.53,10314
Alex Presley,Tigers,71,264,245,30,77,61,10,3,3,20,15,49,0,0,3,5,5,.314,.354,.416,.770,168,.51,5305
Eric Young,Angels,47,125,110,24,29,20,5,0,4,16,5,31,7,0,3,0,3,.264,.336,.418,.754,81,.49,7158
Chris Bostick,Pirates,20,32,27,6,8,6,2,0,0,1,4,9,1,0,0,0,2,.296,.406,.370,.777,19,.47,13718
Jake Buchanan,Reds,5,3,2,1,1,1,0,0,0,1,1,1,0,0,0,0,0,.500,.667,.500,1.167,1,.47,10962
Adam Morgan,Phillies,37,3,2,0,1,1,0,0,0,0,1,1,0,0,0,0,0,.500,.667,.500,1.167,1,.47,12580
David Price,Red Sox,16,1,1,0,1,1,0,0,0,0,0,0,0,0,0,0,0,1.000,1.000,1.000,2.000,0,.46,3184
Derek Holland,White Sox,29,1,1,0,1,1,0,0,0,0,0,0,0,0,0,0,0,1.000,1.000,1.000,2.000,0,.46,4141
Jose Torres,Padres,62,1,1,1,1,1,0,0,0,0,0,0,0,0,0,0,0,1.000,1.000,1.000,2.000,0,.46,14957
Tyler Glasnow,Pirates,18,23,17,1,5,5,0,0,0,3,4,7,1,0,1,0,2,.294,.455,.294,.749,12,.46,14374
Jacoby Ellsbury,Yankees,112,409,356,65,94,63,20,4,7,39,41,63,5,0,2,7,9,.264,.348,.402,.750,262,.43,4727
Phillip Evans,Mets,19,38,33,4,10,8,2,0,0,1,4,8,1,0,0,0,3,.303,.395,.364,.758,23,.40,12950
Denard Span,Giants,129,542,497,73,135,87,31,5,12,43,40,69,3,1,1,11,4,.272,.329,.427,.756,362,.40,8347
Adam Duvall,Reds,157,647,587,78,146,75,37,3,31,99,39,170,10,11,0,11,13,.249,.301,.480,.782,441,.37,10950
Tim Federowicz,Giants,13,14,13,3,3,1,0,0,2,3,1,4,0,0,0,1,0,.231,.286,.692,.978,10,.34,8609
Joe Blanton,Nationals,51,1,0,0,0,0,0,0,0,0,1,0,0,0,0,0,0,.000,1.000,.000,1.000,0,.33,4849
Antonio Bastardo,Pirates,9,1,0,0,0,0,0,0,0,0,1,0,0,0,0,0,0,.000,1.000,.000,1.000,0,.33,8844
Jacob Barnes,Brewers,73,1,0,0,0,0,0,0,0,0,1,0,0,0,0,0,0,.000,1.000,.000,1.000,0,.33,12323
Lane Adams,Braves,85,122,109,19,30,20,4,1,5,20,10,37,1,1,1,3,4,.275,.339,.468,.807,79,.31,10767
Jorge de la Rosa,Diamondbacks,66,2,0,1,0,0,0,0,0,0,0,0,0,0,2,0,0,.000,.000,.000,.000,0,.29,2047
Ian Kennedy,Royals,30,4,3,0,1,1,0,0,0,0,1,0,0,0,0,0,0,.333,.500,.333,.833,2,.29,6986
Marco Gonzales,- - -,11,3,2,0,1,1,0,0,0,0,0,1,0,0,1,0,0,.500,.500,.500,1.000,1,.28,15467
Carlos Rodon,White Sox,12,7,6,0,2,1,1,0,0,2,0,2,0,0,1,0,0,.333,.333,.500,.833,4,.26,16137
Mitch Moreland,Red Sox,149,576,508,73,125,69,34,0,22,79,57,120,6,5,0,14,5,.246,.326,.443,.769,383,.26,3086
Pedro Alvarez,Orioles,14,34,32,4,10,8,1,0,1,4,2,10,0,0,0,0,1,.313,.353,.438,.790,22,.25,2495
Kenley Jansen,Dodgers,65,4,4,0,2,1,1,0,0,1,0,0,0,0,0,1,1,.500,.500,.750,1.250,2,.24,3096
Jon Jay,Cubs,141,433,379,65,112,89,18,3,2,34,37,80,12,2,3,11,5,.296,.374,.375,.749,267,.23,5227
Chris Sale,Red Sox,32,3,3,0,1,0,1,0,0,0,0,1,0,0,0,0,0,.333,.333,.667,1.000,2,.23,10603
Corey Kluber,Indians,29,2,2,0,1,1,0,0,0,0,0,0,0,0,0,0,0,.500,.500,.500,1.000,1,.21,2429
Yovani Gallardo,Mariners,28,2,2,0,1,1,0,0,0,0,0,0,0,0,0,0,0,.500,.500,.500,1.000,1,.21,8173
Adam Frazier,Pirates,121,454,406,55,112,80,20,6,6,53,36,57,8,3,1,9,9,.276,.344,.399,.743,294,.20,15223
Trevor Cahill,- - -,21,18,14,1,4,3,1,0,0,2,1,4,0,0,3,0,0,.286,.333,.357,.690,10,.16,6249
Hansel Robles,Mets,46,1,0,0,0,0,0,0,0,0,0,0,0,0,1,0,0,.000,.000,.000,.000,0,.15,11801
Matt Bowman,Cardinals,76,1,0,0,0,0,0,0,0,0,0,0,0,0,1,0,0,.000,.000,.000,.000,0,.15,13528
Hector Rondon,Cubs,61,2,2,0,1,1,0,0,0,0,0,0,0,0,0,0,1,.500,.500,.500,1.000,1,.15,2391
Danny Duffy,Royals,24,2,2,0,1,1,0,0,0,0,0,1,0,0,0,0,0,.500,.500,.500,1.000,1,.14,3542
Fernando Salas,Mets,48,2,2,0,1,1,0,0,0,0,0,1,0,0,0,0,0,.500,.500,.500,1.000,1,.14,4971
Alex Meyer,Angels,13,2,2,0,1,1,0,0,0,0,0,1,0,0,0,0,0,.500,.500,.500,1.000,1,.14,12833
Brad Peacock,Astros,34,8,7,1,2,1,1,0,0,2,1,3,0,0,0,0,0,.286,.375,.429,.804,5,.12,5401
Adam Jones,Orioles,147,635,597,82,170,115,28,1,26,73,27,113,7,3,1,18,20,.285,.322,.466,.787,427,.11,6368
Jake Odorizzi,Rays,28,4,3,0,1,1,0,0,0,1,0,0,0,0,1,0,0,.333,.333,.333,.667,2,.11,6397
A.J. Schugel,Pirates,32,2,1,0,0,0,0,0,0,0,1,0,0,0,0,0,0,.000,.500,.000,.500,1,.08,11432
Dietrich Enns,Twins,2,2,2,0,1,1,0,0,0,0,0,1,0,0,0,0,1,.500,.500,.500,1.000,1,.07,13932
Max Stassi,Astros,14,31,24,5,4,1,1,0,2,4,6,4,0,1,0,2,0,.167,.323,.458,.781,20,.03,10059
Javier Baez,Cubs,145,508,469,75,128,79,24,2,23,75,30,144,1,2,6,10,14,.273,.317,.480,.796,341,.01,12979
Pedro Baez,Dodgers,66,2,1,0,0,0,0,0,0,1,1,1,0,0,0,0,0,.000,.500,.000,.500,1,.01,5420
Tyler Lyons,Cardinals,50,2,1,0,0,0,0,0,0,0,1,1,0,0,0,0,0,.000,.500,.000,.500,1,.01,11334
Nick Martinez,Rangers,23,2,1,0,0,0,0,0,0,0,1,1,0,0,0,0,0,.000,.500,.000,.500,1,.01,12730
Bryan Mitchell,Yankees,20,0,0,0,0,0,0,0,0,0,0,0,0,0,0,0,0,.000,.000,.000,.000,0,.00,11479
Joely Rodriguez,Phillies,27,0,0,0,0,0,0,0,0,0,0,0,0,0,0,0,0,.000,.000,.000,.000,0,.00,11487
Austin Pruitt,Rays,31,0,0,0,0,0,0,0,0,0,0,0,0,0,0,0,0,.000,.000,.000,.000,0,.00,15290
Dustin Fowler,Yankees,1,0,0,0,0,0,0,0,0,0,0,0,0,0,0,0,0,.000,.000,.000,.000,0,.00,17098
Andre Ethier,Dodgers,22,38,34,3,8,5,1,0,2,3,4,10,0,0,0,0,0,.235,.316,.441,.757,26,-.01,6265
Rob Zastryzny,Cubs,4,3,3,0,1,1,0,0,0,0,0,0,0,0,0,0,0,.333,.333,.333,.667,2,-.04,15094
Matt Boyd,Tigers,26,3,3,0,1,1,0,0,0,0,0,0,0,0,0,0,0,.333,.333,.333,.667,2,-.04,15440
Michael Pineda,Yankees,17,4,3,0,1,1,0,0,0,0,0,2,0,0,1,0,0,.333,.333,.333,.667,2,-.04,5372
Noah Syndergaard,Mets,7,13,9,0,2,2,0,0,0,0,3,5,0,0,1,0,0,.222,.417,.222,.639,7,-.06,11762
Blake Swihart,Red Sox,6,7,5,1,1,1,0,0,0,0,2,3,0,0,0,0,0,.200,.429,.200,.629,4,-.10,13176
Josh Ravin,Dodgers,14,2,1,0,0,0,0,0,0,0,0,0,0,0,1,0,0,.000,.000,.000,.000,1,-.10,2951
Brad Hand,Padres,72,2,1,0,0,0,0,0,0,0,0,0,0,0,1,0,0,.000,.000,.000,.000,1,-.10,9111
Kevin Shackelford,Reds,26,3,3,0,1,1,0,0,0,0,0,1,0,0,0,0,0,.333,.333,.333,.667,2,-.11,11012
Tomas Nido,Mets,5,10,10,0,3,2,1,0,0,3,0,2,0,0,0,0,0,.300,.300,.400,.700,7,-.18,13755
Kyle Kendrick,Red Sox,2,2,1,0,0,0,0,0,0,0,0,1,0,0,1,0,0,.000,.000,.000,.000,1,-.18,6230
Paolo Espino,Brewers,6,5,4,0,1,1,0,0,0,0,0,1,0,0,1,0,0,.250,.250,.250,.500,3,-.22,8246
Jackson Stephens,Reds,7,6,6,1,2,2,0,0,0,2,0,2,0,0,0,0,0,.333,.333,.333,.667,4,-.23,14420
Brett Cecil,Cardinals,73,1,1,0,0,0,0,0,0,0,0,0,0,0,0,0,0,.000,.000,.000,.000,1,-.25,2660
Pedro Strop,Cubs,69,1,1,0,0,0,0,0,0,0,0,0,0,0,0,0,0,.000,.000,.000,.000,1,-.25,4070
Junichi Tazawa,Marlins,55,1,1,0,0,0,0,0,0,0,0,0,0,0,0,0,0,.000,.000,.000,.000,1,-.25,4079
Chris M Smith,Athletics,14,1,1,0,0,0,0,0,0,0,0,0,0,0,0,0,0,.000,.000,.000,.000,1,-.25,4544
Miguel Socolovich,Cardinals,15,1,1,0,0,0,0,0,0,0,0,0,0,0,0,0,0,.000,.000,.000,.000,1,-.25,6697
Drew Storen,Reds,58,1,1,0,0,0,0,0,0,0,0,0,0,0,0,0,0,.000,.000,.000,.000,1,-.25,6983
Juan Nicasio,Cardinals,9,1,1,0,0,0,0,0,0,0,0,0,0,0,0,0,0,.000,.000,.000,.000,1,-.25,7731
Tony Sipp,Astros,46,1,1,0,0,0,0,0,0,0,0,0,0,0,0,0,0,.000,.000,.000,.000,1,-.25,8280
Adam Wilk,Mets,1,1,1,0,0,0,0,0,0,0,0,0,0,0,0,0,0,.000,.000,.000,.000,1,-.25,8421
Vidal Nuno,Orioles,12,1,1,0,0,0,0,0,0,0,0,0,0,0,0,0,0,.000,.000,.000,.000,1,-.25,9674
Ian Krol,Braves,51,1,1,0,0,0,0,0,0,0,0,0,0,0,0,0,0,.000,.000,.000,.000,1,-.25,10066
Christian Bergman,Mariners,13,1,1,0,0,0,0,0,0,0,0,0,0,0,0,0,0,.000,.000,.000,.000,1,-.25,10925
Johnny Barbato,Pirates,24,1,1,0,0,0,0,0,0,0,0,0,0,0,0,0,0,.000,.000,.000,.000,1,-.25,11440
Angel Sanchez,Pirates,8,1,1,0,0,0,0,0,0,0,0,0,0,0,0,0,0,.000,.000,.000,.000,1,-.25,11776
John Brebbia,Cardinals,50,1,1,0,0,0,0,0,0,0,0,0,0,0,0,0,0,.000,.000,.000,.000,1,-.25,12777
Gabriel Ynoa,Orioles,9,1,1,0,0,0,0,0,0,0,0,0,0,0,0,0,0,.000,.000,.000,.000,1,-.25,12938
Alec Asher,Orioles,24,1,1,0,0,0,0,0,0,0,0,0,0,0,0,0,0,.000,.000,.000,.000,1,-.25,13560
Tim Locastro,Dodgers,3,1,1,0,0,0,0,0,0,0,0,0,0,0,0,0,0,.000,.000,.000,.000,1,-.25,15124
Kyle Lloyd,Padres,1,1,1,0,0,0,0,0,0,0,0,0,0,0,0,0,0,.000,.000,.000,.000,1,-.25,15378
Jen-Ho Tseng,Cubs,2,1,1,0,0,0,0,0,0,1,0,0,0,0,0,0,0,.000,.000,.000,.000,1,-.25,15524
Brian Ellington,Marlins,42,1,1,0,0,0,0,0,0,0,0,0,0,0,0,0,0,.000,.000,.000,.000,1,-.25,17233
Hector Velazquez,Red Sox,8,1,1,0,0,0,0,0,0,0,0,0,0,0,0,0,0,.000,.000,.000,.000,1,-.25,19341
Chris Rusin,Rockies,60,10,9,1,3,3,0,0,0,0,0,3,0,0,1,0,1,.333,.333,.333,.667,6,-.26,9895
Chad Huffman,Cardinals,12,15,14,3,4,3,0,1,0,0,1,6,0,0,0,0,1,.286,.333,.429,.762,10,-.27,5311
Cam Gallagher,Royals,13,27,24,2,6,4,1,0,1,5,3,4,0,0,0,1,1,.250,.333,.417,.750,18,-.29,12981
Brock Stewart,Dodgers,17,5,4,0,1,1,0,0,0,1,0,2,0,0,1,0,0,.250,.250,.250,.500,3,-.29,16727
Ryan Lavarnway,Athletics,6,13,11,0,3,2,1,0,0,2,1,3,1,0,0,1,0,.273,.385,.364,.748,8,-.30,8879
Blake Wood,Reds,55,1,1,0,0,0,0,0,0,0,0,1,0,0,0,0,0,.000,.000,.000,.000,1,-.32,1345
Tony Watson,Pirates,47,1,1,0,0,0,0,0,0,0,0,1,0,0,0,0,0,.000,.000,.000,.000,1,-.32,3132
Jean Machi,Mariners,5,1,1,0,0,0,0,0,0,0,0,1,0,0,0,0,0,.000,.000,.000,.000,1,-.32,3220
Enny Romero,Nationals,53,1,1,0,0,0,0,0,0,0,0,1,0,0,0,0,0,.000,.000,.000,.000,1,-.32,4001
Jeurys Familia,Mets,26,1,1,0,0,0,0,0,0,0,0,1,0,0,0,0,0,.000,.000,.000,.000,1,-.32,5114
Tony Sanchez,Braves,1,1,1,0,0,0,0,0,0,0,0,1,0,0,0,0,0,.000,.000,.000,.000,1,-.32,6178
David Phelps,Marlins,44,1,1,0,0,0,0,0,0,0,0,1,0,0,0,0,0,.000,.000,.000,.000,1,-.32,6316
Andrew Miller,Indians,57,1,1,0,0,0,0,0,0,0,0,1,0,0,0,0,0,.000,.000,.000,.000,1,-.32,6785
Javy Guerra,Marlins,16,1,1,0,0,0,0,0,0,0,0,1,0,0,0,0,0,.000,.000,.000,.000,1,-.32,7407
Neil Ramirez,Mets,20,1,1,0,0,0,0,0,0,0,0,1,0,0,0,0,0,.000,.000,.000,.000,1,-.32,7677
Mike Fiers,Astros,30,1,1,1,0,0,0,0,0,0,0,1,0,0,0,0,0,.000,.000,.000,.000,1,-.32,7754
Rob Scahill,Brewers,18,1,1,0,0,0,0,0,0,0,0,1,0,0,0,0,0,.000,.000,.000,.000,1,-.32,9286
Tom Wilhelmsen,Diamondbacks,27,1,1,0,0,0,0,0,0,0,0,1,0,0,0,0,0,.000,.000,.000,.000,1,-.32,9975
Tyler Skaggs,Angels,16,1,1,0,0,0,0,0,0,0,0,1,0,0,0,0,0,.000,.000,.000,.000,1,-.32,10190
Ryan Tepera,Blue Jays,73,1,1,0,0,0,0,0,0,0,0,1,0,0,0,0,0,.000,.000,.000,.000,1,-.32,10291
Drew Pomeranz,Red Sox,32,1,1,0,0,0,0,0,0,0,0,1,0,0,0,0,0,.000,.000,.000,.000,1,-.32,11426
Michael Feliz,Astros,46,1,1,0,0,0,0,0,0,0,0,1,0,0,0,0,0,.000,.000,.000,.000,1,-.32,11903
Kevin Quackenbush,Padres,20,1,1,0,0,0,0,0,0,0,0,1,0,0,0,0,0,.000,.000,.000,.000,1,-.32,12360
Chase Bradford,Mets,28,1,1,0,0,0,0,0,0,0,0,1,0,0,0,0,0,.000,.000,.000,.000,1,-.32,12452
Chris Devenski,Astros,62,1,1,0,0,0,0,0,0,0,0,1,0,0,0,0,0,.000,.000,.000,.000,1,-.32,12763
Steven Okert,Giants,44,1,1,0,0,0,0,0,0,0,0,1,0,0,0,0,0,.000,.000,.000,.000,1,-.32,13580
Carl Edwards Jr.,Cubs,74,1,1,1,0,0,0,0,0,0,0,1,0,0,0,0,0,.000,.000,.000,.000,1,-.32,13607
Kyle Barraclough,Marlins,66,1,1,0,0,0,0,0,0,0,0,1,0,0,0,0,0,.000,.000,.000,.000,1,-.32,13713
James Hoyt,Astros,43,1,1,0,0,0,0,0,0,0,0,1,0,0,0,0,0,.000,.000,.000,.000,1,-.32,14605
Edwin Diaz,Mariners,66,1,1,0,0,0,0,0,0,0,0,1,0,0,0,0,0,.000,.000,.000,.000,1,-.32,14710
Barrett Astin,Reds,6,1,1,0,0,0,0,0,0,0,0,1,0,0,0,0,0,.000,.000,.000,.000,1,-.32,14812
Dylan Covey,White Sox,18,1,1,0,0,0,0,0,0,0,0,1,0,0,0,0,0,.000,.000,.000,.000,1,-.32,14825
Yacksel Rios,Phillies,13,1,1,0,0,0,0,0,0,0,0,1,0,0,0,0,0,.000,.000,.000,.000,1,-.32,15007
Kendall Graveman,Athletics,19,1,1,0,0,0,0,0,0,0,0,1,0,0,0,0,0,.000,.000,.000,.000,1,-.32,15514
Dillon Overton,Padres,1,1,1,0,0,0,0,0,0,0,0,1,0,0,0,0,0,.000,.000,.000,.000,1,-.32,15627
Edubray Ramos,Phillies,59,1,1,0,0,0,0,0,0,0,0,1,0,0,0,0,0,.000,.000,.000,.000,1,-.32,16086
Ricardo Pinto,Phillies,26,1,1,1,0,0,0,0,0,0,0,1,0,0,0,0,0,.000,.000,.000,.000,1,-.32,16318
John Bormann,Pirates,1,1,1,0,0,0,0,0,0,0,0,1,0,0,0,0,0,.000,.000,.000,.000,1,-.32,18006
Tucker Barnhart,Reds,121,423,370,26,100,67,24,2,7,44,42,68,3,3,5,12,6,.270,.347,.403,.750,270,-.33,10200
Rookie Davis,Reds,7,8,6,0,1,0,1,0,0,0,0,5,1,0,1,0,0,.167,.286,.333,.619,5,-.34,14962
Lisalverto Bonilla,Reds,10,8,6,0,1,1,0,0,0,0,1,3,1,0,0,0,0,.167,.375,.167,.542,5,-.35,11266
Luke Jackson,Braves,43,3,2,0,0,0,0,0,0,0,0,0,0,0,1,0,0,.000,.000,.000,.000,2,-.35,11752
Matt Wisler,Braves,20,3,2,0,0,0,0,0,0,0,0,0,0,0,1,0,0,.000,.000,.000,.000,2,-.35,12804
Joe Biagini,Blue Jays,44,3,2,0,0,0,0,0,0,1,0,0,0,0,1,0,0,.000,.000,.000,.000,2,-.35,13194
Raffy Lopez,Blue Jays,24,63,54,9,12,7,1,0,4,12,7,21,0,1,0,1,0,.222,.306,.463,.769,42,-.36,12606
Jason Vargas,Royals,32,4,4,0,1,1,0,0,0,0,0,1,0,0,0,0,0,.250,.250,.250,.500,3,-.36,8044
Wade Miley,Orioles,32,4,4,0,1,1,0,0,0,0,0,1,0,0,0,0,0,.250,.250,.250,.500,3,-.36,8779
Phillip Ervin,Reds,28,64,58,8,15,10,2,0,3,10,4,15,1,0,1,1,4,.259,.317,.448,.766,43,-.37,14738
Eduardo Escobar,Twins,129,499,457,62,116,74,16,5,21,73,33,98,5,3,1,5,5,.254,.309,.449,.758,341,-.40,6153
Tzu-Wei Lin,Red Sox,25,66,56,7,15,13,0,2,0,2,9,17,0,0,1,0,1,.268,.369,.339,.709,41,-.42,14678
Sean Manaea,Athletics,29,5,3,0,0,0,0,0,0,0,1,2,0,0,1,0,0,.000,.250,.000,.250,3,-.42,15873
Casey Lawrence,- - -,27,3,2,0,0,0,0,0,0,0,0,1,0,0,1,0,0,.000,.000,.000,.000,2,-.43,11121
Mike Clevinger,Indians,27,3,2,0,0,0,0,0,0,0,0,1,0,0,1,0,0,.000,.000,.000,.000,2,-.43,12808
Archie Bradley,Diamondbacks,63,4,4,0,1,1,0,0,0,1,0,2,0,0,0,0,0,.250,.250,.250,.500,3,-.44,12918
Craig Gentry,Orioles,77,117,101,17,26,18,5,1,2,11,11,24,1,1,3,1,3,.257,.333,.386,.719,75,-.46,9571
Andrew Cashner,Rangers,28,7,5,0,1,1,0,0,0,1,0,2,0,1,1,0,2,.200,.167,.200,.367,4,-.47,8782
Felix Pena,Cubs,25,4,3,0,0,0,0,0,0,0,1,1,0,0,0,0,0,.000,.250,.000,.250,3,-.49,13403
Nik Turley,Twins,10,2,2,0,0,0,0,0,0,0,0,0,0,0,0,0,0,.000,.000,.000,.000,2,-.50,5530
Albert Suarez,Giants,18,2,2,0,0,0,0,0,0,0,0,0,0,0,0,0,0,.000,.000,.000,.000,2,-.50,6175
Doug Fister,Red Sox,18,2,2,0,0,0,0,0,0,0,0,0,0,0,0,0,0,.000,.000,.000,.000,2,-.50,9425
Brian Johnson,Red Sox,5,2,2,0,0,0,0,0,0,0,0,0,0,0,0,0,0,.000,.000,.000,.000,2,-.50,14272
Masahiro Tanaka,Yankees,30,3,2,0,0,0,0,0,0,0,0,2,0,0,1,0,0,.000,.000,.000,.000,2,-.50,15764
O'Koyea Dickson,Dodgers,7,9,7,0,1,1,0,0,0,0,2,2,0,0,0,0,0,.143,.333,.143,.476,6,-.53,12677
Daniel Gossett,Athletics,18,7,5,1,1,1,0,0,0,0,0,4,0,0,2,0,0,.200,.200,.200,.400,4,-.54,16164
CC Sabathia,Yankees,27,4,3,0,0,0,0,0,0,0,1,2,0,0,0,0,0,.000,.250,.000,.250,3,-.57,404
Luis Avilan,Dodgers,61,2,2,0,0,0,0,0,0,0,0,1,0,0,0,0,0,.000,.000,.000,.000,2,-.57,2882
Anibal Sanchez,Tigers,28,2,2,0,0,0,0,0,0,0,0,1,0,0,0,0,0,.000,.000,.000,.000,2,-.57,3284
Matt Shoemaker,Angels,14,2,2,0,0,0,0,0,0,0,0,1,0,0,0,0,0,.000,.000,.000,.000,2,-.57,4776
Sam Freeman,Braves,58,2,2,0,0,0,0,0,0,0,0,1,0,0,0,0,0,.000,.000,.000,.000,2,-.57,6832
J.A. Happ,Blue Jays,25,2,2,0,0,0,0,0,0,0,0,1,0,0,0,0,0,.000,.000,.000,.000,2,-.57,7410
Josh Lindblom,Pirates,4,2,2,0,0,0,0,0,0,0,0,1,0,0,0,0,0,.000,.000,.000,.000,2,-.57,7882
George Kontos,Giants,50,2,2,0,0,0,0,0,0,0,0,1,0,0,0,0,0,.000,.000,.000,.000,2,-.57,9486
Chasen Shreve,Yankees,44,2,2,0,0,0,0,0,0,0,0,1,0,0,0,0,0,.000,.000,.000,.000,2,-.57,10855
Yadiel Rivera,Brewers,1,2,2,0,0,0,0,0,0,0,0,1,0,0,0,0,0,.000,.000,.000,.000,2,-.57,11863
Jharel Cotton,Athletics,24,2,2,0,0,0,0,0,0,0,0,1,0,0,0,0,0,.000,.000,.000,.000,2,-.57,13654
Paul Sewald,Mets,57,2,2,0,0,0,0,0,0,0,0,1,0,0,0,0,0,.000,.000,.000,.000,2,-.57,13892
Kevin Gausman,Orioles,34,2,2,0,0,0,0,0,0,0,0,1,0,0,0,0,0,.000,.000,.000,.000,2,-.57,14107
Emilio Pagan,Mariners,34,2,2,0,0,0,0,0,0,0,0,1,0,0,0,0,0,.000,.000,.000,.000,2,-.57,14771
Jimmy Yacabonis,Orioles,14,2,2,0,0,0,0,0,0,1,0,1,0,0,0,0,0,.000,.000,.000,.000,2,-.57,15157
Ariel Hernandez,Reds,19,2,2,0,0,0,0,0,0,0,0,1,0,0,0,0,0,.000,.000,.000,.000,2,-.57,15603
Miguel Diaz,Padres,31,4,3,0,0,0,0,0,0,0,0,0,0,0,1,0,0,.000,.000,.000,.000,3,-.60,18815
Luis Severino,Yankees,31,5,5,1,1,1,0,0,0,0,0,1,0,0,0,0,0,.200,.200,.200,.400,4,-.61,15890
Clay Buchholz,Phillies,2,2,2,0,0,0,0,0,0,0,0,2,0,0,0,0,0,.000,.000,.000,.000,2,-.65,3543
Collin McHugh,Astros,12,2,2,0,0,0,0,0,0,0,0,2,0,0,0,0,0,.000,.000,.000,.000,2,-.65,7531
Cory Gearrin,Giants,68,2,2,0,0,0,0,0,0,0,0,2,0,0,0,0,0,.000,.000,.000,.000,2,-.65,7947
Jeremy Jeffress,Brewers,22,2,2,0,0,0,0,0,0,0,0,2,0,0,0,0,0,.000,.000,.000,.000,2,-.65,9490
Nick Tepesch,Blue Jays,3,2,2,0,0,0,0,0,0,0,0,2,0,0,0,0,0,.000,.000,.000,.000,2,-.65,11716
Jayson Aquino,Orioles,4,2,2,0,0,0,0,0,0,0,0,2,0,0,0,0,0,.000,.000,.000,.000,2,-.65,13150
Hoby Milner,Phillies,37,2,2,0,0,0,0,0,0,0,0,2,0,0,0,0,0,.000,.000,.000,.000,2,-.65,13346
Cody Reed,Reds,12,2,2,0,0,0,0,0,0,0,0,2,0,0,0,0,0,.000,.000,.000,.000,2,-.65,15232
Jesen Therrien,Phillies,15,2,2,0,0,0,0,0,0,0,0,2,0,0,0,0,0,.000,.000,.000,.000,2,-.65,15853
Andrew Toles,Dodgers,31,102,96,17,26,18,3,0,5,15,5,16,1,0,0,3,4,.271,.314,.458,.772,70,-.65,13414
Ian Parmley,Blue Jays,3,4,3,0,0,0,0,0,0,0,0,1,0,0,1,0,0,.000,.000,.000,.000,3,-.68,13821
Sam Gaviglio,Mariners,12,5,5,1,1,1,0,0,0,0,0,2,0,0,0,0,0,.200,.200,.200,.400,4,-.69,12778
Jose Berrios,Twins,26,5,5,0,1,1,0,0,0,0,0,2,0,0,0,0,0,.200,.200,.200,.400,4,-.69,14168
Jordan Montgomery,Yankees,29,5,3,0,0,0,0,0,0,0,2,2,0,0,0,1,0,.000,.400,.000,.400,3,-.70,16511
Chase Utley,Dodgers,127,353,309,43,73,41,20,4,8,34,32,57,9,2,1,3,6,.236,.324,.405,.728,236,-.71,1679
Shelby Miller,Diamondbacks,4,9,6,2,0,0,0,0,0,0,2,3,1,0,0,0,0,.000,.333,.000,.333,6,-.73,10197
Ricky Nolasco,Angels,33,7,5,0,0,0,0,0,0,0,2,2,0,0,0,0,0,.000,.286,.000,.286,5,-.74,3830
Jhan Marinez,- - -,39,6,6,0,1,0,1,0,0,0,0,4,0,0,0,0,0,.167,.167,.333,.500,5,-.74,5830
Carlos Carrasco,Indians,32,5,4,1,0,0,0,0,0,0,1,1,0,0,0,0,0,.000,.200,.000,.200,4,-.74,6632
Ildemaro Vargas,Diamondbacks,12,13,13,4,4,3,1,0,0,4,0,3,0,0,0,1,0,.308,.308,.385,.692,9,-.75,13324
Brandon Woodruff,Brewers,8,12,10,2,2,2,0,0,0,0,1,2,0,0,1,0,0,.200,.273,.200,.473,8,-.75,16162
Mat Latos,Blue Jays,3,3,3,0,0,0,0,0,0,0,0,0,0,0,0,0,0,.000,.000,.000,.000,3,-.75,3815
Charlie Morton,Astros,25,3,3,0,0,0,0,0,0,0,0,0,0,0,0,0,0,.000,.000,.000,.000,3,-.75,4676
Zach Lee,Padres,3,3,3,0,0,0,0,0,0,0,0,0,0,0,0,0,0,.000,.000,.000,.000,3,-.75,11468
John Gant,Cardinals,7,3,3,0,0,0,0,0,0,0,0,0,0,0,0,0,0,.000,.000,.000,.000,3,-.75,13684
Lance McCullers,Astros,22,3,3,0,0,0,0,0,0,0,0,0,0,0,0,0,0,.000,.000,.000,.000,3,-.75,14120
Ubaldo Jimenez,Orioles,31,5,5,0,1,1,0,0,0,0,0,3,0,0,0,0,0,.200,.200,.200,.400,4,-.76,3374
Wade LeBlanc,Pirates,50,5,5,0,1,1,0,0,0,1,0,3,0,0,0,0,0,.200,.200,.200,.400,4,-.76,5221
Yoan Moncada,White Sox,54,231,199,31,46,28,8,2,8,22,29,74,3,0,0,0,3,.231,.338,.412,.750,153,-.77,17232
Jacob Turner,Nationals,18,8,5,0,0,0,0,0,0,0,1,2,0,0,2,0,0,.000,.167,.000,.167,5,-.77,10185
Steven Brault,Pirates,12,13,13,2,3,2,1,0,0,2,0,0,0,0,0,0,0,.231,.231,.308,.538,10,-.78,15291
Adam Wainwright,Cardinals,26,50,42,7,11,7,2,0,2,11,1,15,0,0,7,2,0,.262,.279,.452,.731,31,-.79,2233
Terrance Gore,Royals,12,5,4,2,0,0,0,0,0,0,1,2,0,0,0,0,0,.000,.200,.000,.200,4,-.82,13658
Travis Wood,- - -,40,18,18,3,4,2,0,0,2,6,0,7,0,0,0,1,1,.222,.222,.556,.778,14,-.82,9884
Cole Hamels,Rangers,24,3,3,0,0,0,0,0,0,1,0,1,0,0,0,0,0,.000,.000,.000,.000,3,-.82,4972
JC Ramirez,Angels,27,3,3,0,0,0,0,0,0,0,0,1,0,0,0,0,0,.000,.000,.000,.000,3,-.82,8302
Scott Alexander,Royals,58,3,3,0,0,0,0,0,0,0,0,1,0,0,0,0,0,.000,.000,.000,.000,3,-.82,10591
Deck McGuire,Reds,6,3,3,0,0,0,0,0,0,1,0,1,0,0,0,0,0,.000,.000,.000,.000,3,-.82,11596
Trevor Bauer,Indians,32,3,3,0,0,0,0,0,0,0,0,1,0,0,0,0,0,.000,.000,.000,.000,3,-.82,12703
T.J. McFarland,Diamondbacks,43,5,5,0,1,1,0,0,0,0,0,3,0,0,0,0,1,.200,.200,.200,.400,4,-.82,3237
Blake Snell,Rays,24,7,5,0,0,0,0,0,0,0,1,1,0,0,1,0,0,.000,.167,.000,.167,5,-.85,13543
Jarred Cosart,Padres,7,6,4,0,0,0,0,0,0,0,0,2,0,0,2,0,0,.000,.000,.000,.000,4,-.85,10304
Tyler Mahle,Reds,4,8,7,1,1,1,0,0,0,0,0,2,1,0,0,0,0,.143,.250,.143,.393,6,-.86,16358
Jordan Zimmermann,Tigers,29,6,6,0,1,1,0,0,0,0,0,1,0,0,0,0,0,.167,.167,.167,.333,5,-.86,4505
Willie Calhoun,Rangers,13,37,34,3,9,8,0,0,1,4,2,7,1,0,0,0,3,.265,.324,.353,.677,25,-.89,17838
Quintin Berry,Brewers,7,3,3,0,0,0,0,0,0,0,0,2,0,0,0,0,0,.000,.000,.000,.000,3,-.90,9414
Dallas Keuchel,Astros,23,3,3,0,0,0,0,0,0,0,0,2,0,0,0,0,0,.000,.000,.000,.000,3,-.90,9434
Grant Green,Nationals,2,3,3,0,0,0,0,0,0,0,0,2,0,0,0,0,0,.000,.000,.000,.000,3,-.90,10053
Josh Smoker,Mets,54,3,3,0,0,0,0,0,0,0,0,2,0,0,0,0,0,.000,.000,.000,.000,3,-.90,10285
Paul Blackburn,Athletics,10,3,3,0,0,0,0,0,0,0,0,2,0,0,0,0,0,.000,.000,.000,.000,3,-.90,14739
Andrelton Simmons,Angels,158,647,589,77,164,110,38,2,14,69,47,67,3,8,0,20,20,.278,.331,.421,.752,425,-.90,10847
Zach Vincej,Reds,9,12,9,2,1,1,0,0,0,0,1,5,2,0,0,0,0,.111,.333,.111,.444,8,-.92,13269
Billy Burns,Royals,7,6,6,1,1,1,0,0,0,0,0,1,0,0,0,0,1,.167,.167,.167,.333,5,-.93,12701
Brett Anderson,Cubs,6,8,7,0,1,1,0,0,0,1,1,3,0,0,0,0,0,.143,.250,.143,.393,6,-.93,8223
Evan Gattis,Astros,84,325,300,41,79,45,22,0,12,55,18,50,4,3,0,10,6,.263,.311,.457,.767,221,-.93,11003
Renato Nunez,Athletics,8,16,15,1,3,2,0,0,1,3,1,8,0,0,0,0,0,.200,.250,.400,.650,12,-.93,14503
Julio Urias,Dodgers,5,7,6,0,1,1,0,0,0,0,0,4,0,0,1,0,0,.167,.167,.167,.333,5,-.94,14765
Ervin Santana,Twins,33,10,10,3,2,1,1,0,0,5,0,3,0,0,0,0,0,.200,.200,.300,.500,8,-.96,3200
Victor Robles,Nationals,13,27,24,2,6,3,1,2,0,4,0,6,2,0,1,2,2,.250,.308,.458,.766,18,-.96,18363
Matt Szczur,- - -,119,237,195,28,44,27,12,2,3,18,34,44,4,1,3,2,8,.226,.350,.354,.704,151,-.96,11255
Jose Reyes,Mets,145,561,501,75,123,76,25,7,15,58,50,79,2,3,5,3,14,.246,.315,.413,.728,378,-.97,1736
Raudy Read,Nationals,8,11,11,1,3,3,0,0,0,0,0,3,0,0,0,0,2,.273,.273,.273,.545,8,-.97,15766
Austin Bibens-Dirkx,Rangers,24,3,3,0,0,0,0,0,0,0,0,3,0,0,0,0,0,.000,.000,.000,.000,3,-.97,9559
Jakob Junis,Royals,20,3,3,0,0,0,0,0,0,0,0,3,0,0,0,0,0,.000,.000,.000,.000,3,-.97,13619
Mason Williams,Yankees,5,17,16,3,4,4,0,0,0,1,1,2,0,0,0,0,0,.250,.294,.250,.544,12,-.98,11859
Yadier Molina,Cardinals,136,543,501,60,137,91,27,1,18,82,28,74,4,9,1,14,5,.273,.312,.439,.751,364,-.98,7007
Rocky Gale,Padres,3,10,10,1,1,0,0,0,1,2,0,2,0,0,0,0,0,.100,.100,.400,.500,9,-1.00,10533
Wily Peralta,Brewers,19,15,13,0,3,3,0,0,0,1,1,4,0,0,1,0,1,.231,.286,.231,.516,10,-1.00,7738
Matt den Dekker,Tigers,4,8,7,1,1,1,0,0,0,0,1,4,0,0,0,0,0,.143,.250,.143,.393,6,-1.00,11385
Michael Lorenzen,Reds,73,12,12,1,2,1,0,0,1,1,0,5,0,0,0,0,0,.167,.167,.417,.583,10,-1.01,14843
Ben Lively,Phillies,15,26,26,2,6,4,0,0,2,8,0,9,0,0,0,0,0,.231,.231,.462,.692,20,-1.02,14932
Tyler Austin,Yankees,20,46,40,4,9,5,2,0,2,8,4,17,0,2,0,1,0,.225,.283,.425,.708,31,-1.03,11850
Michael Blazek,Brewers,5,2,2,0,0,0,0,0,0,0,0,1,0,0,0,1,0,.000,.000,.000,.000,2,-1.03,9654
Chris Gimenez,Twins,77,225,186,28,41,25,9,0,7,16,33,60,4,0,2,3,1,.220,.350,.382,.731,145,-1.07,7324
Nick Wittgren,Marlins,38,4,4,0,0,0,0,0,0,0,0,1,0,0,0,0,0,.000,.000,.000,.000,4,-1.07,15594
Aaron Wilkerson,Brewers,3,4,4,0,0,0,0,0,0,0,0,1,0,0,0,0,0,.000,.000,.000,.000,4,-1.07,16904
Erick Fedde,Nationals,3,5,4,0,0,0,0,0,0,0,0,3,0,0,1,0,0,.000,.000,.000,.000,4,-1.07,17425
Justin Verlander,Tigers,28,6,6,0,1,1,0,0,0,1,0,4,0,0,0,0,0,.167,.167,.167,.333,5,-1.08,8700
Tommy Milone,- - -,17,12,9,0,1,1,0,0,0,1,2,5,0,0,1,0,0,.111,.273,.111,.384,8,-1.10,7608
Jake Thompson,Phillies,12,14,12,1,2,1,1,0,0,0,1,5,0,0,1,0,0,.167,.231,.250,.481,10,-1.13,14371
Josh Hader,Brewers,35,4,4,0,0,0,0,0,0,0,0,2,0,0,0,0,0,.000,.000,.000,.000,4,-1.15,14212
Austin Brice,Reds,22,4,4,0,0,0,0,0,0,0,0,2,0,0,0,0,0,.000,.000,.000,.000,4,-1.15,17237
Raimel Tapia,Rockies,70,171,160,27,46,30,12,2,2,16,8,36,2,0,1,3,5,.288,.329,.425,.754,114,-1.15,14350
Kyle Schwarber,Cubs,129,486,422,67,89,42,16,1,30,59,59,150,5,0,0,6,7,.211,.315,.467,.782,333,-1.15,16478
Ramon Flores,Angels,3,9,8,0,1,1,0,0,0,1,0,1,0,1,0,0,0,.125,.111,.125,.236,7,-1.16,11165
Anthony Alford,Blue Jays,4,8,8,0,1,0,1,0,0,0,0,3,0,0,0,0,0,.125,.125,.250,.375,7,-1.17,14329
Miguel Gonzalez,- - -,27,8,6,1,0,0,0,0,0,0,1,2,0,0,1,0,0,.000,.143,.000,.143,6,-1.17,7024
Anthony Santander,Orioles,13,31,30,1,8,5,3,0,0,2,0,8,0,1,0,0,0,.267,.258,.367,.625,22,-1.18,14551
Taylor Davis,Cubs,8,13,13,1,3,2,1,0,0,1,0,4,0,0,0,0,2,.231,.231,.308,.538,10,-1.20,12782
Rick Porcello,Red Sox,33,4,4,0,0,0,0,0,0,0,0,3,0,0,0,0,0,.000,.000,.000,.000,4,-1.22,2717
Micah Johnson,Braves,18,11,10,2,2,2,0,0,0,0,0,4,0,0,1,0,0,.200,.200,.200,.400,8,-1.23,13809
Jordan Lyles,- - -,38,14,13,1,3,3,0,0,0,3,1,6,0,0,0,0,0,.231,.286,.231,.516,10,-1.23,7593
Greg Allen,Indians,25,39,35,7,8,6,1,0,1,6,2,8,1,1,0,0,1,.229,.282,.343,.625,27,-1.25,16623
Tyler Smith,Mariners,10,19,16,2,3,2,1,0,0,1,1,8,1,1,0,0,0,.188,.263,.250,.513,13,-1.25,12490
Josh Tomlin,Indians,26,7,7,0,1,1,0,0,0,0,0,3,0,0,0,0,0,.143,.143,.143,.286,6,-1.26,9388
Homer Bailey,Reds,18,35,28,4,7,5,2,0,0,0,0,11,0,0,7,0,2,.250,.250,.321,.571,21,-1.26,8362
Alberto Rosario,Cardinals,3,3,3,0,0,0,0,0,0,0,0,1,0,0,0,1,0,.000,.000,.000,.000,3,-1.28,7125
Justin Grimm,Cubs,50,3,3,0,0,0,0,0,0,0,0,1,0,0,0,1,0,.000,.000,.000,.000,3,-1.28,11720
Marco Estrada,Blue Jays,33,4,4,0,0,0,0,0,0,0,0,3,0,0,0,0,1,.000,.000,.000,.000,4,-1.28,1118
A.J. Griffin,Rangers,18,6,5,0,0,0,0,0,0,0,1,5,0,0,0,0,0,.000,.167,.000,.167,5,-1.29,11132
John Ryan Murphy,Diamondbacks,5,7,7,0,1,0,1,0,0,1,0,1,0,0,0,1,1,.143,.143,.286,.429,6,-1.30,10346
Tyler Pill,Mets,7,5,5,0,0,0,0,0,0,0,0,1,0,0,0,0,0,.000,.000,.000,.000,5,-1.32,12751
Joe Musgrove,Astros,38,5,5,0,0,0,0,0,0,0,0,1,0,0,0,0,0,.000,.000,.000,.000,5,-1.32,12970
Anthony Banda,Diamondbacks,8,6,5,0,0,0,0,0,0,0,0,3,0,0,1,0,0,.000,.000,.000,.000,5,-1.32,14706
Chris Archer,Rays,34,8,8,1,2,2,0,0,0,1,0,3,0,0,0,1,1,.250,.250,.250,.500,6,-1.32,6345
Christian Bethancourt,Padres,8,7,7,0,1,1,0,0,0,0,0,3,0,0,0,0,1,.143,.143,.143,.286,6,-1.32,10028
Jake Smolinski,Athletics,16,29,27,1,7,6,1,0,0,0,1,6,1,0,0,0,2,.259,.310,.296,.607,20,-1.35,5408
David Freese,Pirates,130,503,426,44,112,86,16,0,10,52,58,116,15,4,0,10,16,.263,.368,.371,.739,314,-1.36,9549
Madison Bumgarner,Giants,17,36,34,4,7,4,0,0,3,5,2,11,0,0,0,1,1,.206,.250,.471,.721,27,-1.38,5524
Mike Ohlman,Blue Jays,7,13,13,1,3,3,0,0,0,1,0,3,0,0,0,0,1,.231,.231,.231,.462,10,-1.40,10347
Odubel Herrera,Phillies,138,563,526,67,148,89,42,3,14,56,31,126,4,2,0,13,14,.281,.325,.452,.778,378,-1.44,11476
Brian Anderson,Marlins,25,95,84,11,22,14,7,1,0,8,10,28,0,1,0,1,0,.262,.337,.369,.706,62,-1.44,18289
Ryan McMahon,Rockies,17,24,19,2,3,2,1,0,0,1,5,5,0,0,0,1,0,.158,.333,.211,.544,16,-1.46,15112
Breyvic Valera,Cardinals,5,11,10,0,1,1,0,0,0,0,1,0,0,0,0,0,0,.100,.182,.100,.282,9,-1.46,12758
Jack Reinheimer,Diamondbacks,2,5,5,0,0,0,0,0,0,0,0,3,0,0,0,0,0,.000,.000,.000,.000,5,-1.47,14938
Jesse Chavez,Angels,38,6,5,0,0,0,0,0,0,0,0,5,0,0,1,0,0,.000,.000,.000,.000,5,-1.47,5448
David Freitas,Braves,6,17,17,2,4,2,2,0,0,2,0,4,0,0,0,1,0,.235,.235,.353,.588,13,-1.48,10619
Max Fried,Braves,10,9,7,1,0,0,0,0,0,0,1,3,0,0,1,0,0,.000,.125,.000,.125,7,-1.49,13743
Andrew Knapp,Phillies,56,204,171,26,44,32,8,1,3,13,31,56,0,2,0,5,5,.257,.368,.368,.736,127,-1.49,14942
Kyle Farmer,Dodgers,20,20,20,1,6,5,1,0,0,2,0,3,0,0,0,2,0,.300,.300,.350,.650,14,-1.54,14813
Matt Grace,Nationals,40,5,5,0,0,0,0,0,0,0,0,4,0,0,0,0,0,.000,.000,.000,.000,5,-1.54,11449
Yasmany Tomas,Diamondbacks,47,180,166,19,40,20,11,1,8,32,13,50,0,1,0,2,3,.241,.294,.464,.758,126,-1.56,17171
Steve Selsky,Red Sox,8,9,9,0,1,0,1,0,0,0,0,5,0,0,0,0,0,.111,.111,.222,.333,8,-1.57,12957
Anthony Recker,Braves,6,7,7,1,1,1,0,0,0,0,0,1,0,0,0,1,0,.143,.143,.143,.286,6,-1.57,4063
A.J. Reed,Astros,2,6,6,0,0,0,0,0,0,0,0,1,0,0,0,0,0,.000,.000,.000,.000,6,-1.57,16246
Wei-Yin Chen,Marlins,9,8,8,0,1,1,0,0,0,0,0,3,0,0,0,0,1,.125,.125,.125,.250,7,-1.57,13071
J.P. Crawford,Phillies,23,87,70,8,15,10,4,1,0,6,16,22,0,1,0,1,1,.214,.356,.300,.656,55,-1.58,15491
Mike Tauchman,Rockies,31,32,27,2,6,5,0,1,0,2,5,10,0,0,0,1,2,.222,.344,.296,.640,21,-1.60,15274
Dylan Floro,Cubs,3,4,4,0,0,0,0,0,0,0,0,2,0,0,0,1,0,.000,.000,.000,.000,4,-1.61,13394
John Hicks,Tigers,60,190,173,25,46,28,12,0,6,22,13,51,3,1,0,5,3,.266,.326,.439,.766,127,-1.61,12547
Brandon Finnegan,Reds,5,6,5,0,0,0,0,0,0,0,0,1,0,0,1,1,0,.000,.000,.000,.000,5,-1.64,16208
Ryan LaMarre,Athletics,3,8,7,0,0,0,0,0,0,0,1,3,0,0,0,0,0,.000,.125,.000,.125,7,-1.64,10700
Henderson Alvarez,Phillies,3,6,6,0,0,0,0,0,0,0,0,2,0,0,0,0,0,.000,.000,.000,.000,6,-1.65,5669
Braden Shipley,Diamondbacks,10,6,6,0,0,0,0,0,0,0,0,2,0,0,0,0,0,.000,.000,.000,.000,6,-1.65,15158
Jack Flaherty,Cardinals,6,6,6,0,0,0,0,0,0,0,0,2,0,0,0,0,0,.000,.000,.000,.000,6,-1.65,17479
Magneuris Sierra,Cardinals,22,64,60,10,19,19,0,0,0,5,4,14,0,0,0,0,7,.317,.359,.317,.676,41,-1.67,17023
Brian Duensing,Cubs,68,4,4,0,0,0,0,0,0,0,0,3,0,0,0,1,0,.000,.000,.000,.000,4,-1.68,4064
J.D. Davis,Astros,25,68,62,8,14,6,4,0,4,7,4,20,1,1,0,3,4,.226,.279,.484,.763,48,-1.69,16219
Chad Bettis,Rockies,9,15,11,1,1,1,0,0,0,1,1,6,0,0,3,0,0,.091,.167,.091,.258,10,-1.71,10587
Jim Adduci,Tigers,29,93,83,14,20,11,6,2,1,10,10,27,0,0,0,1,2,.241,.323,.398,.720,63,-1.71,6448
Francisco Mejia,Indians,11,14,13,1,2,2,0,0,0,1,1,3,0,0,0,0,0,.154,.214,.154,.368,11,-1.72,16403
Ariel Miranda,Mariners,32,6,6,1,0,0,0,0,0,0,0,3,0,0,0,0,0,.000,.000,.000,.000,6,-1.72,17526
Taylor Featherston,Rays,17,47,39,6,7,4,1,0,2,6,5,15,1,2,0,1,0,.179,.277,.359,.636,32,-1.74,12590
Rymer Liriano,White Sox,21,46,41,4,9,6,2,0,1,6,5,14,0,0,0,0,2,.220,.304,.341,.646,32,-1.74,4779
A.J. Cole,Nationals,11,16,14,0,2,2,0,0,0,0,2,5,0,0,0,0,0,.143,.250,.143,.393,12,-1.79,11467
Alex Cobb,Rays,29,6,6,0,0,0,0,0,0,0,0,4,0,0,0,0,0,.000,.000,.000,.000,6,-1.79,6562
Dustin McGowan,Marlins,63,7,6,0,0,0,0,0,0,0,0,6,0,0,1,0,0,.000,.000,.000,.000,6,-1.79,8600
Geovany Soto,White Sox,13,48,42,5,8,5,0,0,3,9,4,10,1,1,0,2,0,.190,.271,.405,.676,34,-1.80,3707
Drew Robinson,Rangers,48,121,107,11,24,13,5,0,6,13,14,42,0,0,0,2,1,.224,.314,.439,.753,83,-1.80,11761
Chris Flexen,Mets,14,14,13,0,2,1,1,0,0,0,0,7,0,0,1,0,0,.154,.154,.231,.385,11,-1.86,13896
Michael Fulmer,Tigers,25,5,5,0,0,0,0,0,0,0,0,2,0,0,0,1,0,.000,.000,.000,.000,5,-1.86,13218
Brandon Drury,Diamondbacks,135,480,445,41,119,67,37,2,13,63,28,103,5,2,0,9,10,.267,.317,.447,.764,326,-1.86,11615
David Washington,Orioles,3,6,6,0,0,0,0,0,0,0,0,5,0,0,0,0,0,.000,.000,.000,.000,6,-1.87,12110
Eduardo Rodriguez,Red Sox,25,7,7,0,0,0,0,0,0,0,0,2,0,0,0,0,0,.000,.000,.000,.000,7,-1.90,13164
Ryan Raburn,Nationals,25,69,65,7,17,12,1,2,2,6,4,25,0,0,0,1,2,.262,.304,.431,.735,48,-1.94,2218
Martin Perez,Rangers,32,6,6,0,0,0,0,0,0,0,0,6,0,0,0,0,0,.000,.000,.000,.000,6,-1.94,6902
Joc Pederson,Dodgers,102,323,273,44,58,27,20,0,11,35,39,68,10,1,0,7,3,.212,.331,.407,.738,215,-1.94,11899
Rob Segedin,Dodgers,13,20,20,3,4,2,2,0,0,1,0,7,0,0,0,0,0,.200,.200,.300,.500,16,-1.99,11446
Chris Stratton,Giants,13,16,14,1,2,2,0,0,0,0,0,3,0,0,2,0,0,.143,.143,.143,.286,12,-2.01,13761
Austin Slater,Giants,34,127,117,15,33,26,3,1,3,16,8,29,2,0,0,3,6,.282,.339,.402,.740,84,-2.01,16153
Efren Navarro,Tigers,23,69,61,9,14,10,1,1,2,2,8,21,0,0,0,1,2,.230,.319,.377,.696,47,-2.01,9854
Danny Ortiz,Pirates,9,13,12,1,1,1,0,0,0,0,1,1,0,0,0,0,0,.083,.154,.083,.237,11,-2.03,10317
Charlie Culberson,Dodgers,15,15,13,0,2,1,1,0,0,1,2,4,0,0,0,2,0,.154,.267,.231,.497,11,-2.04,3298
Shane Peterson,Rays,30,88,79,9,20,13,5,0,2,11,5,21,2,1,0,2,2,.253,.310,.392,.703,59,-2.04,7423
John Jaso,Pirates,126,302,256,28,54,25,19,0,10,35,40,66,5,1,0,5,3,.211,.328,.402,.730,202,-2.06,5887
Randall Delgado,Diamondbacks,26,9,8,0,0,0,0,0,0,0,0,3,0,0,1,0,0,.000,.000,.000,.000,8,-2.07,5985
Johnny Giavotella,Orioles,7,10,10,0,1,1,0,0,0,0,0,4,0,0,0,0,0,.100,.100,.100,.200,9,-2.08,6740
Alex Verdugo,Dodgers,15,25,23,1,4,3,0,0,1,1,2,4,0,0,0,1,1,.174,.240,.304,.544,19,-2.13,17027
Steve Lombardozzi,Marlins,2,8,8,0,0,0,0,0,0,0,0,2,0,0,0,0,0,.000,.000,.000,.000,8,-2.15,5422
Ty Blach,Giants,38,53,44,5,10,7,2,0,1,7,4,21,0,1,4,1,0,.227,.286,.341,.627,34,-2.17,14361
Nick Markakis,Braves,160,670,593,76,163,115,39,1,8,76,68,110,6,3,0,16,10,.275,.354,.384,.738,430,-2.20,5930
Chris O'Grady,Marlins,13,9,8,0,0,0,0,0,0,0,0,5,0,0,1,0,0,.000,.000,.000,.000,8,-2.22,13818
Vince Velasquez,Phillies,16,25,24,1,6,6,0,0,0,1,1,4,0,0,0,1,1,.250,.280,.250,.530,18,-2.23,11189
Omar Narvaez,White Sox,90,295,253,23,70,58,10,0,2,14,38,45,1,0,3,8,5,.277,.373,.340,.713,183,-2.25,13338
Victor Caratini,Cubs,31,66,59,6,15,11,3,0,1,2,4,13,3,0,0,3,2,.254,.333,.356,.689,44,-2.29,14968
Manny Pina,Brewers,107,359,330,45,92,62,21,0,9,43,20,79,5,3,1,8,4,.279,.327,.424,.751,238,-2.29,2829
Kristopher Negron,Diamondbacks,14,31,25,3,4,3,1,0,0,1,4,7,1,0,1,1,1,.160,.300,.200,.500,21,-2.31,5306
Delino DeShields,Rangers,120,440,376,75,101,78,15,2,6,22,44,109,3,4,13,2,19,.269,.347,.367,.714,275,-2.33,11379
Mike Montgomery,Cubs,44,30,27,5,5,3,1,0,1,3,0,10,0,0,3,0,2,.185,.185,.333,.519,22,-2.34,4869
Jacob Hannemann,Mariners,11,20,20,3,3,2,0,0,1,1,0,4,0,0,0,0,2,.150,.150,.300,.450,17,-2.35,15644
Brett Eibner,Dodgers,17,36,33,3,6,4,0,0,2,6,2,17,1,0,0,0,0,.182,.250,.364,.614,27,-2.36,11369
Brent Suter,Brewers,23,21,18,1,3,3,0,0,0,1,0,8,1,0,2,0,1,.167,.211,.167,.377,15,-2.40,13942
Chad Wallach,Reds,6,11,11,0,1,1,0,0,0,0,0,5,0,0,0,0,0,.091,.091,.091,.182,10,-2.41,17161
Jorge Polanco,Twins,133,544,488,60,125,79,30,3,13,74,41,78,2,6,7,7,12,.256,.313,.410,.723,363,-2.43,13152
Leury Garcia,White Sox,87,326,300,41,81,55,15,2,9,33,13,69,8,2,3,4,8,.270,.316,.423,.739,219,-2.44,5913
Jason Hammel,Royals,32,9,8,0,0,0,0,0,0,0,0,2,0,0,1,1,0,.000,.000,.000,.000,8,-2.46,4538
Dusty Coleman,Padres,27,71,66,6,15,8,3,0,4,9,2,33,2,1,0,1,1,.227,.268,.455,.722,51,-2.48,8979
Jaycob Brugman,Athletics,48,162,143,12,38,33,2,0,3,12,18,38,0,1,0,1,2,.266,.346,.343,.688,105,-2.49,14936
Willy Garcia,White Sox,44,119,105,15,25,15,5,3,2,12,11,31,0,2,1,2,4,.238,.305,.400,.705,80,-2.51,12956
Luke Weaver,Cardinals,15,23,19,2,3,3,0,0,0,1,1,9,0,0,3,0,0,.158,.200,.158,.358,16,-2.51,16918
Kirk Nieuwenhuis,Brewers,16,31,26,3,3,1,1,0,1,1,4,15,1,0,0,0,0,.115,.258,.269,.527,23,-2.54,6400
Ross Stripling,Dodgers,51,9,9,2,0,0,0,0,0,0,0,4,0,0,0,0,0,.000,.000,.000,.000,9,-2.54,13273
Dillon Peters,Marlins,6,11,9,1,0,0,0,0,0,0,0,8,0,0,2,0,0,.000,.000,.000,.000,9,-2.54,18790
Franklin Gutierrez,Dodgers,35,63,56,8,13,9,3,0,1,8,7,16,0,0,0,2,0,.232,.317,.339,.657,43,-2.59,3255
Justin Nicolino,Marlins,20,13,11,0,0,0,0,0,0,0,0,2,0,0,2,0,0,.000,.000,.000,.000,11,-2.60,11754
Ryan Flaherty,Orioles,23,43,38,5,8,7,1,0,0,4,4,10,1,0,0,0,1,.211,.302,.237,.539,30,-2.63,7888
Chris Owings,Diamondbacks,97,386,362,41,97,59,25,1,12,51,17,87,1,4,2,3,10,.268,.299,.442,.741,265,-2.64,10030
Miguel Gomez,Giants,22,34,33,3,8,6,2,0,0,2,0,6,0,1,0,1,1,.242,.235,.303,.538,25,-2.65,17075
Bryan Holaday,Tigers,13,29,29,1,7,5,2,0,0,2,0,1,0,0,0,2,1,.241,.241,.310,.552,22,-2.66,11287
Mark Zagunis,Cubs,7,18,14,0,0,0,0,0,0,1,4,6,0,0,0,0,1,.000,.222,.000,.222,14,-2.68,16565
Eddie Butler,Cubs,13,19,15,0,1,1,0,0,0,0,1,6,0,0,3,0,0,.067,.125,.067,.192,14,-2.71,13453
Will Middlebrooks,Rangers,22,39,38,5,8,4,2,2,0,3,1,14,0,0,0,0,0,.211,.231,.368,.599,30,-2.71,7002
Andrew Susac,Brewers,8,12,12,0,1,1,0,0,0,0,0,6,0,0,0,0,0,.083,.083,.083,.167,11,-2.73,13132
Stephen Drew,Nationals,46,106,95,9,24,16,7,0,1,17,8,21,0,3,0,2,2,.253,.302,.358,.660,71,-2.73,4251
Luke Voit,Cardinals,62,124,114,18,28,15,9,0,4,18,7,31,3,0,0,4,2,.246,.306,.430,.736,86,-2.73,14811
Carlos Perez,Angels,11,21,20,1,2,1,0,0,1,3,1,6,0,0,0,0,0,.100,.143,.250,.393,18,-2.75,10642
Marco Hernandez,Red Sox,21,60,58,7,16,13,3,0,0,2,1,15,1,0,0,0,3,.276,.300,.328,.628,42,-2.75,13154
Max Kepler,Twins,147,568,511,67,124,71,32,2,19,69,47,114,6,3,1,5,8,.243,.312,.425,.737,387,-2.76,12144
Jaff Decker,Athletics,17,62,50,4,10,8,1,1,0,1,8,17,1,0,3,1,0,.200,.322,.260,.582,40,-2.79,7945
Mitch Garver,Twins,23,52,46,5,9,5,1,3,0,3,6,15,0,0,0,1,2,.196,.288,.348,.636,37,-2.80,15161
Marcus Semien,Athletics,85,386,342,53,85,55,19,1,10,40,38,85,2,3,1,3,7,.249,.325,.398,.722,257,-2.82,12533
Jeff Locke,Marlins,7,11,10,0,0,0,0,0,0,0,1,9,0,0,0,0,0,.000,.091,.000,.091,10,-2.83,2929
Gordon Beckham,Mariners,11,18,17,2,3,3,0,0,0,0,1,2,0,0,0,2,0,.176,.222,.176,.399,14,-2.86,9015
Devin Mesoraco,Reds,56,165,141,17,30,18,5,1,6,14,18,38,5,1,0,4,0,.213,.321,.390,.711,111,-2.87,5666
Gregory Bird,Yankees,48,170,147,20,28,12,7,0,9,28,19,42,2,2,0,2,3,.190,.288,.422,.710,119,-2.88,14131
Enrique Hernandez,Dodgers,140,342,297,46,64,27,24,2,11,37,41,80,0,3,1,4,5,.215,.308,.421,.729,233,-2.92,10472
Juan Centeno,Astros,22,57,52,5,12,10,0,0,2,4,4,12,0,0,1,2,0,.231,.286,.346,.632,40,-2.93,7168
Edinson Volquez,Marlins,17,30,26,0,5,5,0,0,0,1,1,11,0,1,2,0,1,.192,.214,.192,.407,21,-3.00,3990
Tony Kemp,Astros,17,39,37,6,8,7,1,0,0,4,1,5,1,0,0,0,1,.216,.256,.243,.500,29,-3.00,14894
Nori Aoki,- - -,110,374,336,48,93,66,20,2,5,35,29,44,3,5,1,12,10,.277,.335,.393,.728,243,-3.03,13075
Vance Worley,Marlins,26,27,22,0,4,4,0,0,0,3,0,8,0,0,5,1,1,.182,.182,.182,.364,18,-3.04,6435
Michael Morse,Giants,24,40,36,1,7,5,1,0,1,3,3,14,0,1,0,1,0,.194,.250,.306,.556,29,-3.04,3035
Gift Ngoepe,Pirates,28,63,54,10,12,9,2,1,0,6,8,26,0,0,1,0,3,.222,.323,.296,.619,42,-3.05,10340
Steve Pearce,Blue Jays,92,348,313,38,79,48,17,1,13,37,27,68,5,3,0,11,9,.252,.319,.438,.757,234,-3.05,9957
Dan Vogelbach,Mariners,16,31,28,0,6,5,1,0,0,2,3,9,0,0,0,2,1,.214,.290,.250,.540,22,-3.05,14130
Luiz Gohara,Braves,5,10,9,0,0,0,0,0,0,0,0,7,0,0,1,1,0,.000,.000,.000,.000,9,-3.08,15166
Devon Travis,Blue Jays,50,197,185,22,48,25,18,0,5,24,7,38,2,2,1,5,3,.259,.291,.438,.729,137,-3.10,13862
A.J. Jimenez,Rangers,7,13,12,0,1,1,0,0,0,0,0,7,0,0,1,1,0,.083,.083,.083,.167,11,-3.12,7077
Brett Nicholas,Rangers,22,65,63,7,15,9,4,0,2,11,2,13,0,0,0,2,1,.238,.262,.397,.658,48,-3.13,11192
Tim Beckham,- - -,137,575,533,67,148,103,18,5,22,62,36,167,4,1,1,10,21,.278,.328,.454,.782,385,-3.18,7949
Luke Sims,Braves,14,18,15,1,1,1,0,0,0,0,0,8,0,0,3,0,0,.067,.067,.067,.133,14,-3.19,13470
Steven Matz,Mets,17,24,21,1,3,3,0,0,0,1,0,7,0,0,3,0,0,.143,.143,.143,.286,18,-3.19,13361
Carlos Moncrief,Giants,28,43,38,4,8,7,1,0,0,5,3,15,0,2,0,0,1,.211,.256,.237,.493,30,-3.25,7511
Seth Lugo,Mets,20,34,29,4,4,1,2,0,1,2,0,10,0,0,5,1,0,.138,.138,.310,.448,25,-3.25,12447
Shane Robinson,Angels,20,35,31,7,6,6,0,0,0,1,3,5,0,1,0,1,2,.194,.257,.194,.451,25,-3.26,4249
Tyler Naquin,Indians,19,40,37,4,8,6,2,0,0,1,2,9,0,1,0,1,2,.216,.250,.270,.520,29,-3.28,13359
Jaime Garcia,- - -,26,37,33,2,5,3,1,0,1,7,1,8,0,0,3,0,1,.152,.176,.273,.449,28,-3.30,8137
Sam Travis,Red Sox,33,83,76,13,20,14,6,0,0,1,6,23,1,0,0,2,4,.263,.325,.342,.667,56,-3.31,16263
Melky Cabrera,- - -,156,666,620,78,177,128,30,2,17,85,36,74,2,6,2,19,18,.285,.324,.423,.746,443,-3.31,4022
Scott Van Slyke,Dodgers,29,48,41,6,5,2,1,0,2,3,7,15,0,0,0,0,1,.122,.250,.293,.543,36,-3.33,4365
Jason Kipnis,Indians,90,373,336,43,78,41,25,0,12,35,28,71,2,5,2,0,8,.232,.291,.414,.705,258,-3.35,9776
Robert Gsellman,Mets,27,44,34,2,5,5,0,0,0,4,6,14,0,1,3,0,0,.147,.268,.147,.415,29,-3.35,13696
Adam Conley,Marlins,22,32,24,3,3,3,0,0,0,0,2,14,0,0,6,0,0,.125,.192,.125,.317,21,-3.36,14457
Cristhian Adames,Rockies,12,14,13,1,0,0,0,0,0,0,1,6,0,0,0,0,0,.000,.071,.000,.071,13,-3.36,6013
Robbie Ray,Diamondbacks,28,61,53,5,13,11,2,0,0,2,3,23,0,0,5,0,1,.245,.286,.283,.569,40,-3.36,11486
Daniel Descalso,Diamondbacks,131,398,344,47,80,49,16,5,10,51,48,89,4,2,0,6,2,.233,.332,.395,.727,264,-3.39,8392
Greg Garcia,Cardinals,133,290,241,27,61,48,9,2,2,20,37,64,6,1,5,6,3,.253,.365,.332,.697,180,-3.39,10951
Jered Weaver,Padres,9,10,10,0,0,0,0,0,0,0,0,6,0,0,0,1,0,.000,.000,.000,.000,10,-3.40,4235
Nolan Fontana,Angels,12,23,20,1,1,0,0,0,1,1,3,8,0,0,0,1,0,.050,.174,.200,.374,19,-3.40,13267
Stephen Cardullo,Rockies,15,32,28,2,4,4,0,0,0,3,3,7,1,0,0,0,3,.143,.250,.143,.393,24,-3.55,11204
Odrisamer Despaigne,Marlins,18,20,19,0,2,2,0,0,0,1,0,5,0,0,1,0,0,.105,.105,.105,.211,17,-3.55,16017
Yasmani Grandal,Dodgers,129,482,438,50,108,59,27,0,22,58,40,130,0,3,1,10,7,.247,.308,.459,.767,330,-3.56,11368
Pedro Severino,Nationals,17,31,29,0,5,4,1,0,0,3,2,10,0,0,0,0,2,.172,.226,.207,.433,24,-3.56,14523
Mac Williamson,Giants,28,73,68,8,16,11,2,0,3,6,5,25,0,0,0,2,5,.235,.288,.397,.685,52,-3.56,14158
Junior Guerra,Brewers,21,21,16,0,0,0,0,0,0,0,0,4,0,0,5,0,0,.000,.000,.000,.000,16,-3.56,5702
Harrison Bader,Cardinals,32,92,85,10,20,14,3,0,3,10,5,24,1,1,0,1,5,.235,.283,.376,.659,65,-3.57,18030
Rafael Bautista,Nationals,17,27,25,2,4,4,0,0,0,0,2,5,0,0,0,1,0,.160,.222,.160,.382,21,-3.58,15769
Kaleb Cowart,Angels,50,117,102,18,23,14,5,1,3,11,10,28,3,0,2,4,3,.225,.313,.382,.695,79,-3.59,11494
Asher Wojciechowski,Reds,25,14,14,0,1,1,0,0,0,0,0,11,0,0,0,0,0,.071,.071,.071,.143,13,-3.59,10836
Salvador Perez,Royals,129,499,471,57,126,74,24,1,27,80,17,95,5,5,0,23,3,.268,.297,.495,.792,345,-3.64,7304
Ty Kelly,- - -,70,105,89,11,17,8,7,0,2,14,8,25,1,3,4,0,1,.191,.257,.337,.595,72,-3.66,7740
Hyun-Jin Ryu,Dodgers,25,38,30,3,4,3,1,0,0,0,3,18,1,0,4,0,0,.133,.235,.167,.402,26,-3.73,14444
Adrian Sanchez,Nationals,34,75,71,6,19,12,7,0,0,11,1,25,1,0,2,2,1,.268,.288,.366,.654,52,-3.74,11338
Cesar Puello,- - -,17,39,34,6,7,7,0,0,0,3,4,12,1,0,0,2,1,.206,.308,.206,.514,27,-3.74,7216
Franchy Cordero,Padres,30,99,92,15,21,12,3,3,3,9,6,44,0,0,1,0,2,.228,.276,.424,.699,71,-3.79,14567
Ryan Schimpf,Padres,53,197,165,24,26,10,2,0,14,25,27,70,3,2,0,0,1,.158,.284,.424,.709,139,-3.83,9953
Chris B Young,Red Sox,90,276,243,30,57,36,12,2,7,25,30,55,2,1,0,4,5,.235,.322,.387,.709,186,-3.92,3882
Zach Eflin,Phillies,11,22,21,1,3,3,0,0,0,2,0,13,0,0,1,0,0,.143,.143,.143,.286,18,-3.92,13774
Justin Ruggiano,Giants,19,63,60,2,13,10,1,0,2,4,1,17,1,1,0,0,0,.217,.238,.333,.571,47,-3.93,7620
Niko Goodrum,Twins,11,18,17,1,1,1,0,0,0,0,1,10,0,0,0,0,0,.059,.111,.059,.170,16,-3.94,12092
Yu Darvish,Dodgers,9,20,17,0,1,1,0,0,0,0,1,14,0,0,2,0,0,.059,.111,.059,.170,16,-3.94,13074
Michael Martinez,- - -,28,43,37,2,6,5,1,0,0,0,5,15,0,0,1,0,0,.162,.262,.189,.451,31,-3.95,7358
Bronson Arroyo,Reds,15,29,26,0,4,4,0,0,0,0,0,10,0,0,3,0,0,.154,.154,.154,.308,22,-3.95,978
Tomas Telis,Marlins,48,111,104,13,25,17,5,3,0,9,3,10,3,1,0,1,2,.240,.279,.346,.625,79,-4.01,10067
C.J. Cron,Angels,100,373,339,39,84,53,14,1,16,56,22,96,7,3,0,5,2,.248,.305,.437,.741,255,-4.02,12546
Erik Gonzalez,Indians,60,115,110,18,28,18,6,0,4,11,3,37,0,1,1,1,6,.255,.272,.418,.690,82,-4.04,13369
Clint Frazier,Yankees,39,142,134,16,31,14,9,4,4,17,7,43,0,1,0,2,1,.231,.268,.448,.715,103,-4.04,15983
Rickie Weeks Jr.,Rays,37,112,97,13,21,13,6,0,2,8,12,49,3,0,0,0,0,.216,.321,.340,.662,76,-4.05,1849
Drew Stubbs,Giants,10,24,22,0,2,2,0,0,0,0,2,9,0,0,0,0,1,.091,.167,.091,.258,20,-4.14,9328
Gregor Blanco,Diamondbacks,90,256,224,43,55,39,10,3,3,13,31,59,0,0,1,2,4,.246,.337,.357,.694,169,-4.16,3123
Yandy Diaz,Indians,49,179,156,25,41,32,8,1,0,13,21,35,1,1,0,5,3,.263,.352,.327,.679,115,-4.20,16578
Jayson Werth,Nationals,70,289,252,35,57,36,10,1,10,29,35,69,1,1,0,4,4,.226,.322,.393,.715,195,-4.23,1327
Joe Ross,Nationals,20,37,33,1,6,4,2,0,0,1,1,16,0,0,3,1,1,.182,.206,.242,.448,27,-4.24,12972
Rene Rivera,- - -,74,237,218,23,55,36,9,0,10,35,14,70,3,1,1,4,4,.252,.305,.431,.736,163,-4.24,3648
Kole Calhoun,Angels,155,654,569,77,139,95,23,2,19,71,71,134,8,6,0,10,7,.244,.333,.392,.725,430,-4.33,11200
Kyle Higashioka,Yankees,9,20,18,2,0,0,0,0,0,0,2,6,0,0,0,0,1,.000,.100,.000,.100,18,-4.34,5517
Jurickson Profar,Rangers,22,70,58,8,10,8,2,0,0,5,9,14,1,0,2,0,3,.172,.294,.207,.501,48,-4.35,10815
Jerad Eickhoff,Phillies,24,34,31,3,5,4,1,0,0,0,0,13,0,0,3,0,0,.161,.161,.194,.355,26,-4.37,12664
Zach Davies,Brewers,33,69,48,7,6,4,2,0,0,3,7,15,0,0,14,1,2,.125,.236,.167,.403,42,-4.39,13183
Ryan Hanigan,Rockies,33,112,101,9,27,23,2,0,2,12,8,26,1,1,1,5,0,.267,.324,.347,.671,74,-4.40,4952
Jordan Luplow,Pirates,27,87,78,6,16,9,3,1,3,11,6,22,2,1,0,4,1,.205,.276,.385,.660,62,-4.41,16424
Nomar Mazara,Rangers,148,616,554,64,140,88,30,2,20,101,55,127,4,3,0,12,11,.253,.323,.422,.745,414,-4.42,14553
Jesus Sucre,Rays,63,192,176,20,45,32,6,0,7,29,7,35,3,4,2,6,1,.256,.289,.409,.699,131,-4.42,5942
Lewis Brinson,Brewers,21,55,47,2,5,2,0,1,2,3,7,17,1,0,0,0,1,.106,.236,.277,.513,42,-4.43,14352
Jeremy Hellickson,Phillies,20,39,33,1,3,1,1,1,0,2,3,9,0,0,3,0,0,.091,.167,.182,.348,30,-4.45,4371
Ramon Torres,Royals,33,79,74,9,18,15,3,0,0,4,4,12,1,0,0,1,1,.243,.291,.284,.575,56,-4.45,14113
Tyler Chatwood,Rockies,35,47,39,5,6,5,1,0,0,2,1,9,0,0,7,0,0,.154,.175,.179,.354,33,-4.46,4338
Stephen Vogt,- - -,99,303,279,25,65,37,15,1,12,40,21,56,0,2,1,2,5,.233,.285,.423,.708,214,-4.52,5000
Alejandro De Aza,Nationals,28,70,62,8,12,7,2,3,0,9,3,16,0,2,3,1,2,.194,.224,.323,.546,50,-4.55,3371
Zack Greinke,Diamondbacks,33,70,62,4,13,9,4,0,0,4,2,18,1,0,5,0,2,.210,.246,.274,.520,49,-4.63,1943
Jose Quintana,- - -,32,33,25,2,2,2,0,0,0,4,1,17,0,1,6,0,0,.080,.111,.080,.191,23,-4.67,11423
Richard Urena,Blue Jays,21,75,68,6,14,9,4,0,1,4,6,28,0,0,1,0,0,.206,.270,.309,.579,54,-4.68,16411
Francisco Cervelli,Pirates,81,304,265,31,66,46,13,2,5,31,32,65,6,1,0,7,5,.249,.342,.370,.712,199,-4.70,5275
Taijuan Walker,Diamondbacks,28,54,52,6,12,10,1,0,1,5,1,19,0,0,1,1,2,.231,.245,.308,.553,40,-4.70,11836
Jonathan Lucroy,- - -,123,481,423,45,112,82,21,3,6,40,46,51,8,4,0,16,8,.265,.345,.371,.716,311,-4.75,7870
Abraham Almonte,Indians,69,195,172,26,40,26,8,3,3,14,20,46,1,1,1,2,6,.233,.314,.366,.681,132,-4.77,5486
Ian Kinsler,Tigers,139,613,551,90,130,80,25,3,22,52,55,86,7,0,0,9,4,.236,.313,.412,.725,421,-4.81,6195
Patrick Kivlehan,Reds,115,204,178,23,37,22,5,1,9,26,22,61,3,1,0,2,6,.208,.304,.399,.703,141,-4.82,13910
Jarrett Parker,Giants,51,177,166,14,41,23,12,2,4,23,10,54,1,0,0,2,3,.247,.294,.416,.709,125,-4.86,11624
Jason Heyward,Cubs,126,481,432,59,112,82,15,4,11,59,41,67,3,2,2,8,11,.259,.326,.389,.715,320,-4.87,4940
Jared Hoying,Rangers,36,77,72,13,16,12,3,0,1,7,4,23,0,1,0,0,1,.222,.260,.306,.565,56,-4.90,10882
Edwin Jackson,Nationals,19,21,21,3,2,2,0,0,0,0,0,15,0,0,0,0,0,.095,.095,.095,.190,19,-4.93,1841
Brandon McCarthy,Dodgers,19,28,23,2,1,1,0,0,0,0,3,16,0,0,2,0,0,.043,.154,.043,.197,22,-4.93,4662
Amir Garrett,Reds,16,23,19,1,1,0,1,0,0,1,0,6,0,0,4,3,0,.053,.053,.105,.158,18,-4.93,14375
Matt Cain,Giants,27,34,32,1,5,3,2,0,0,2,0,20,0,0,2,0,0,.156,.156,.219,.375,27,-4.94,4732
Evan Longoria,Rays,156,677,613,71,160,102,36,2,20,86,46,109,6,12,0,18,12,.261,.313,.424,.737,453,-4.95,9368
Travis Taijeron,Mets,26,59,52,3,9,6,2,0,1,3,5,24,2,0,0,1,1,.173,.271,.269,.540,43,-4.96,11935
James McCann,Tigers,106,391,352,39,89,60,14,2,13,49,26,89,9,3,1,8,6,.253,.318,.415,.733,263,-4.98,12859
Starling Marte,Pirates,77,339,309,48,85,69,7,2,7,31,20,63,8,2,0,5,14,.275,.333,.379,.712,224,-4.99,9241
Jorge Bonifacio,Royals,113,422,384,55,98,65,15,1,17,40,35,118,2,1,0,8,5,.255,.320,.432,.752,286,-4.99,12174
Tom Murphy,Rockies,12,26,24,1,1,0,1,0,0,1,2,9,0,0,0,0,1,.042,.115,.083,.199,23,-5.01,13499
Chris Coghlan,Blue Jays,36,88,75,7,15,12,2,0,1,5,9,22,2,1,1,2,0,.200,.299,.267,.566,60,-5.03,6878
Emilio Bonifacio,Braves,38,44,38,2,5,3,1,1,0,3,1,9,0,1,4,1,0,.132,.150,.211,.361,33,-5.05,4054
Carlos Ruiz,Mariners,54,145,125,14,27,16,8,0,3,11,14,38,4,1,1,4,3,.216,.313,.352,.665,98,-5.06,2579
Tim Adleman,Reds,30,32,29,0,3,2,1,0,0,2,0,10,0,0,3,0,0,.103,.103,.138,.241,26,-5.07,10968
Rafael Montero,Mets,34,28,25,1,2,2,0,0,0,1,0,10,0,0,3,0,0,.080,.080,.080,.160,23,-5.12,12760
Jhoulys Chacin,Padres,34,61,54,0,12,10,2,0,0,4,0,11,0,0,7,2,2,.222,.222,.259,.481,42,-5.13,2608
Max Moroff,Pirates,56,140,120,19,24,16,4,1,3,21,16,43,2,1,1,0,1,.200,.302,.325,.627,96,-5.14,14556
Daniel Roger Robertson,Indians,32,88,80,9,18,12,4,1,1,7,7,3,0,0,1,6,4,.225,.287,.338,.625,62,-5.14,6266
Zack Granite,Twins,40,107,93,14,22,19,2,0,1,13,12,9,0,1,1,6,1,.237,.321,.290,.611,71,-5.19,15343
Clayton Kershaw,Dodgers,27,59,49,6,9,8,1,0,0,2,4,13,0,0,6,2,0,.184,.245,.204,.449,40,-5.19,2036
Mike Aviles,Marlins,37,97,86,5,20,17,2,0,1,8,6,15,2,0,3,3,3,.233,.298,.291,.589,66,-5.27,5986
Chase d'Arnaud,- - -,35,62,58,12,11,8,2,0,1,3,4,20,0,0,0,0,1,.190,.242,.276,.518,47,-5.28,6652
Austin Hays,Orioles,20,63,60,4,13,9,3,0,1,8,2,16,0,1,0,2,4,.217,.238,.317,.555,47,-5.30,19363
Antonio Senzatela,Rockies,36,39,32,1,4,3,1,0,0,5,0,20,0,0,7,0,1,.125,.125,.156,.281,28,-5.32,15488
Kennys Vargas,Twins,78,264,241,33,61,37,13,0,11,41,20,77,2,1,0,10,6,.253,.314,.444,.758,180,-5.33,12101
Jon Lester,Cubs,32,65,54,5,8,4,3,0,1,6,4,26,0,1,6,0,0,.148,.203,.259,.463,46,-5.36,4930
Russell Martin,Blue Jays,91,365,307,49,68,43,12,0,13,35,50,83,7,0,1,13,2,.221,.343,.388,.731,239,-5.38,4616
Zack Wheeler,Mets,18,29,27,1,2,1,1,0,0,0,1,12,0,0,1,0,0,.074,.107,.111,.218,25,-5.39,10310
Chad Pinder,Athletics,87,309,282,36,67,36,15,1,15,42,18,92,5,3,0,7,8,.238,.292,.457,.750,215,-5.44,15191
Nick Ahmed,Diamondbacks,53,178,167,24,42,27,8,1,6,21,10,39,1,0,0,6,7,.251,.298,.419,.717,125,-5.44,12147
Sal Romano,Reds,16,30,24,0,1,0,1,0,0,0,1,15,0,0,5,1,0,.042,.080,.083,.163,23,-5.45,13690
Wilson Ramos,Rays,64,224,208,19,54,37,6,0,11,35,10,36,0,3,0,11,6,.260,.290,.447,.737,154,-5.46,1433
Xander Bogaerts,Red Sox,148,635,571,94,156,108,32,6,10,62,56,116,6,2,0,17,26,.273,.343,.403,.746,415,-5.47,12161
Luis Valbuena,Angels,117,401,347,42,69,32,15,0,22,65,48,106,1,5,0,6,3,.199,.294,.432,.727,278,-5.50,4969
Trayce Thompson,Dodgers,27,55,49,6,6,2,2,1,1,2,6,23,0,0,0,0,0,.122,.218,.265,.483,43,-5.51,9952
German Marquez,Rockies,29,53,45,4,8,6,2,0,0,5,0,18,0,0,8,1,1,.178,.178,.222,.400,37,-5.56,15038
Paul Janish,Orioles,14,28,26,0,2,2,0,0,0,3,1,6,0,0,1,1,1,.077,.111,.077,.188,24,-5.57,7412
Ben Gamel,Mariners,134,550,509,68,140,97,27,5,11,59,36,122,1,3,1,8,7,.275,.322,.413,.735,369,-5.62,12160
Dee Gordon,Marlins,158,695,653,114,201,170,20,9,2,33,25,93,10,4,2,7,22,.308,.341,.375,.716,452,-5.62,8203
Tom Koehler,Marlins,12,21,21,0,1,1,0,0,0,0,0,15,0,0,0,0,0,.048,.048,.048,.095,20,-5.64,6570
Bartolo Colon,- - -,28,20,19,1,0,0,0,0,0,0,0,10,0,0,1,1,0,.000,.000,.000,.000,19,-5.79,375
Derek Fisher,Astros,53,166,146,21,31,21,4,1,5,17,17,54,3,0,0,1,2,.212,.307,.356,.663,115,-5.80,16192
Brandon Guyer,Indians,70,192,165,23,39,29,7,1,2,20,15,43,8,2,2,4,6,.236,.326,.327,.654,126,-5.83,2636
Yolmer Sanchez,White Sox,141,534,484,63,129,90,19,8,12,59,35,111,4,4,7,10,10,.267,.319,.413,.732,355,-5.85,11602
Luis Castillo,Reds,15,33,29,0,2,2,0,0,0,1,1,11,0,0,3,0,0,.069,.100,.069,.169,27,-5.87,15689
Kenta Maeda,Dodgers,30,44,39,2,5,4,1,0,0,4,0,3,0,0,5,1,1,.128,.128,.154,.282,34,-5.87,18498
Franklin Barreto,Athletics,25,76,71,10,14,9,1,2,2,6,5,33,0,0,0,1,3,.197,.250,.352,.602,57,-5.88,15519
Hanley Ramirez,Red Sox,133,553,496,58,120,73,24,0,23,62,51,116,6,0,0,15,5,.242,.320,.429,.750,376,-5.90,8001
Matt Reynolds,Mets,68,130,113,12,26,22,1,2,1,5,14,37,2,0,1,2,6,.230,.326,.301,.626,87,-5.98,13788
Jae-Gyun Hwang,Giants,18,57,52,2,8,6,1,0,1,5,5,15,0,0,0,1,1,.154,.228,.231,.459,44,-6.01,19369
A.J. Ellis,Marlins,51,163,143,17,30,19,5,0,6,14,12,29,6,0,2,6,4,.210,.298,.371,.669,113,-6.02,5677
Mark Leiter,Phillies,27,26,25,0,2,2,0,0,0,0,0,12,0,0,1,1,0,.080,.080,.080,.160,23,-6.02,15551
Travis d'Arnaud,Mets,112,376,348,39,85,49,19,1,16,57,23,59,2,3,0,12,7,.244,.293,.443,.735,263,-6.02,7739
Andrew Stevenson,Nationals,37,66,57,5,9,7,2,0,0,1,7,20,0,0,2,0,0,.158,.250,.193,.443,48,-6.04,17932
Gerrit Cole,Pirates,34,68,55,3,9,7,1,0,1,3,1,21,0,0,12,1,1,.164,.179,.236,.415,46,-6.06,13125
Luis Perdomo,Padres,29,53,46,3,5,0,1,4,0,3,1,20,0,0,6,1,0,.109,.128,.304,.432,41,-6.08,14682
Mike Leake,Cardinals,27,55,47,2,8,7,1,0,0,4,3,15,0,0,5,2,1,.170,.220,.191,.411,39,-6.09,10130
Cory Spangenberg,Padres,129,486,444,57,117,84,18,2,13,46,34,128,5,1,2,2,12,.264,.322,.401,.723,327,-6.15,12294
Orlando Arcia,Brewers,153,548,506,56,140,106,17,2,15,53,36,100,1,3,2,10,20,.277,.324,.407,.731,366,-6.20,13185
Sean Newcomb,Braves,19,35,27,1,1,1,0,0,0,0,2,17,0,0,6,1,1,.037,.103,.037,.140,26,-6.27,16943
Tyler Anderson,Rockies,17,33,26,1,1,1,0,0,0,0,1,17,0,0,6,1,0,.038,.074,.038,.113,25,-6.29,12880
Robert Stephenson,Reds,26,25,23,1,1,1,0,0,0,0,0,15,0,0,2,1,0,.043,.043,.043,.087,22,-6.30,13594
Jhonny Peralta,Cardinals,21,58,54,3,11,11,0,0,0,0,4,13,0,0,0,2,1,.204,.259,.204,.462,43,-6.30,1738
Hunter Renfroe,Padres,122,479,445,51,103,51,25,1,26,58,27,140,6,1,0,4,11,.231,.284,.467,.751,342,-6.31,15464
Brock Stassi,Phillies,51,90,78,6,13,8,2,1,2,7,12,22,0,0,0,3,2,.167,.278,.295,.573,65,-6.31,12244
Jacob deGrom,Mets,37,77,71,6,15,13,1,0,1,4,2,22,0,0,4,0,2,.211,.233,.268,.500,56,-6.31,10954
Mallex Smith,Rays,81,282,256,33,69,55,8,4,2,12,23,62,0,1,2,2,12,.270,.329,.355,.684,187,-6.31,13608
Jarrod Saltalamacchia,Blue Jays,10,26,25,1,1,1,0,0,0,0,1,16,0,0,0,0,0,.040,.077,.040,.117,24,-6.38,5557
Pete Kozma,- - -,39,51,45,6,5,4,0,0,1,2,3,20,2,0,1,0,0,.111,.200,.178,.378,40,-6.42,2539
Stephen Strasburg,Nationals,28,60,54,5,7,5,0,0,2,3,2,14,0,0,4,0,0,.130,.161,.241,.401,47,-6.43,10131
Carlos Asuaje,Padres,89,343,307,28,83,64,14,1,4,21,28,76,2,1,5,6,4,.270,.334,.362,.696,224,-6.48,15197
Ichiro Suzuki,Marlins,136,215,196,19,50,41,6,0,3,20,17,35,1,0,1,2,7,.255,.318,.332,.649,146,-6.48,1101
Stephen Piscotty,Cardinals,107,401,341,40,80,54,16,1,9,39,52,87,5,3,0,11,8,.235,.342,.367,.708,261,-6.51,13367
Martin Prado,Marlins,37,147,140,13,35,24,9,0,2,12,6,22,0,1,0,4,1,.250,.279,.357,.636,105,-6.54,3312
Yangervis Solarte,Padres,128,512,466,49,119,80,21,0,18,64,37,61,5,4,0,18,8,.255,.314,.416,.731,347,-6.54,5352
Yunel Escobar,Angels,89,381,350,43,96,68,20,1,7,31,29,51,2,0,0,15,12,.274,.333,.397,.730,254,-6.57,4191
Matt Holliday,Yankees,105,427,373,50,86,49,18,0,19,64,46,114,3,5,0,14,12,.231,.316,.432,.748,287,-6.58,1873
Jameson Taillon,Pirates,25,43,38,2,6,6,0,0,0,0,0,15,0,0,5,2,1,.158,.158,.158,.316,32,-6.59,11674
Aaron Hill,Giants,34,80,68,7,9,5,2,1,1,7,11,13,0,1,0,2,2,.132,.250,.235,.485,59,-6.60,6104
Jarrod Dyson,Mariners,111,390,346,56,87,66,13,3,5,30,28,55,10,2,4,3,13,.251,.324,.350,.674,259,-6.65,4866
Chris Marrero,Giants,15,41,38,2,5,4,0,0,1,5,2,9,0,1,0,4,0,.132,.171,.211,.381,33,-6.65,2852
Raul Mondesi,Royals,25,60,53,4,9,7,1,0,1,3,3,22,0,0,4,2,2,.170,.214,.245,.460,44,-6.66,13769
Jabari Blash,Padres,61,195,164,24,35,24,6,0,5,16,28,66,2,1,0,5,4,.213,.333,.341,.675,129,-6.69,11247
Max Scherzer,Nationals,31,72,62,4,10,9,0,0,1,5,4,16,0,0,6,0,4,.161,.212,.210,.422,52,-6.69,3137
Byron Buxton,Twins,140,511,462,69,117,81,14,6,16,51,38,150,4,2,5,1,16,.253,.314,.413,.728,345,-6.73,14161
Christian Vazquez,Red Sox,99,345,324,43,94,69,18,2,5,32,17,64,3,1,0,14,3,.290,.330,.404,.735,230,-6.83,9774
Luis Sardinas,Padres,29,53,49,3,8,8,0,0,0,1,4,11,0,0,0,1,5,.163,.226,.163,.390,41,-6.84,13153
Jordy Mercer,Pirates,145,558,502,52,128,85,24,5,14,58,51,88,3,2,0,16,12,.255,.326,.406,.733,374,-6.84,6547
Addison Russell,Cubs,110,385,352,52,84,48,21,3,12,43,29,91,4,0,0,5,9,.239,.304,.418,.722,268,-6.90,14106
Tuffy Gosewisch,Mariners,11,31,28,1,2,2,0,0,0,0,1,14,0,0,2,2,0,.071,.103,.071,.175,26,-6.90,5277
Jackie Bradley Jr.,Red Sox,133,541,482,58,118,79,19,3,17,63,48,124,9,2,0,8,13,.245,.323,.402,.726,364,-6.97,12984
Kevan Smith,White Sox,87,294,276,23,78,57,17,0,4,30,9,46,3,3,2,9,4,.283,.309,.388,.697,198,-6.99,12284
Jeff Hoffman,Rockies,23,36,33,1,3,2,1,0,0,1,0,17,0,0,3,1,0,.091,.091,.121,.212,30,-7.04,17432
Hector Sanchez,Padres,75,143,137,14,30,18,4,0,8,25,5,41,0,1,0,4,0,.219,.245,.423,.668,107,-7.05,10289
Phil Gosselin,- - -,40,50,48,3,7,5,2,0,0,2,2,12,0,0,0,1,1,.146,.180,.188,.368,41,-7.09,10953
Matt Garza,Brewers,24,37,35,1,3,3,0,0,0,1,0,13,1,0,1,0,0,.086,.111,.086,.197,32,-7.09,3340
Rey Fuentes,Diamondbacks,64,145,136,19,32,26,1,2,3,9,8,35,0,0,1,0,5,.235,.278,.338,.616,104,-7.09,10329
Orlando Calixte,Giants,29,55,49,5,7,6,1,0,0,6,3,16,0,2,1,1,1,.143,.185,.163,.348,42,-7.10,11905
Manuel Margot,Padres,126,529,487,53,128,90,18,7,13,39,35,106,2,4,1,6,18,.263,.313,.409,.721,359,-7.12,14712
Jason Castro,Twins,110,407,356,49,86,54,22,0,10,47,45,108,4,1,1,10,2,.242,.333,.388,.720,270,-7.16,8722
Carlos Martinez,Cardinals,34,69,62,5,11,8,3,0,0,11,1,19,1,0,5,1,1,.177,.203,.226,.429,51,-7.19,11682
Christian Colon,- - -,24,57,50,4,8,7,1,0,0,0,5,10,0,0,2,4,2,.160,.236,.180,.416,42,-7.24,11145
Gregory Polanco,Pirates,108,411,379,39,95,64,20,0,11,35,27,60,3,1,0,5,8,.251,.305,.391,.695,284,-7.26,12907
Julio Teheran,Braves,37,72,57,4,8,8,0,0,0,6,1,17,1,1,12,0,2,.140,.167,.140,.307,49,-7.33,6797
Miguel Montero,- - -,76,213,185,24,40,28,6,0,6,16,23,47,3,2,0,6,0,.216,.310,.346,.656,145,-7.38,3364
Gavin Cecchini,Mets,32,82,77,4,16,13,2,0,1,7,4,19,1,0,0,3,0,.208,.256,.273,.529,61,-7.39,17005
Miguel Cabrera,Tigers,130,529,469,50,117,79,22,0,16,60,54,110,3,3,0,15,4,.249,.329,.399,.728,352,-7.44,1744
Nick Franklin,- - -,66,119,106,9,19,13,3,1,2,12,10,22,3,0,0,1,2,.179,.269,.283,.552,87,-7.46,10166
Randal Grichuk,Cardinals,122,442,412,53,98,48,25,3,22,59,26,133,2,2,0,9,11,.238,.285,.473,.758,314,-7.48,10243
Matt Kemp,Braves,115,467,438,47,121,78,23,1,19,64,27,99,0,1,0,25,8,.276,.318,.463,.781,317,-7.49,5631
Jon Gray,Rockies,20,43,38,3,3,2,0,0,1,3,1,27,0,0,4,0,0,.079,.103,.158,.260,35,-7.49,14916
Cam Perkins,Phillies,42,97,88,9,16,10,5,0,1,8,5,23,2,2,0,1,1,.182,.237,.273,.510,72,-7.49,13444
Patrick Corbin,Diamondbacks,35,70,56,6,7,6,0,1,0,0,6,28,0,0,8,0,2,.125,.210,.161,.370,49,-7.50,9323
Cliff Pennington,Angels,87,217,194,23,49,40,6,0,3,21,16,58,1,5,1,2,4,.253,.306,.330,.635,145,-7.51,3395
Kyle Freeland,Rockies,35,56,52,3,8,6,1,0,1,2,1,30,0,0,3,0,1,.154,.170,.231,.401,44,-7.53,16256
Tyler Wade,Yankees,30,63,58,7,9,5,4,0,0,2,5,19,0,0,0,2,2,.155,.222,.224,.446,49,-7.54,15730
Travis Jankowski,Padres,27,87,75,10,14,12,2,0,0,1,9,28,1,0,2,2,1,.187,.282,.213,.496,61,-7.57,13768
Conor Gillaspie,Giants,44,87,80,8,13,7,4,0,2,8,5,10,1,1,0,3,2,.163,.218,.288,.506,67,-7.59,9009
Rich Hill,Dodgers,25,49,45,1,5,4,1,0,0,4,0,18,2,1,1,0,0,.111,.146,.133,.279,40,-7.67,4806
Jacob May,White Sox,15,42,36,2,2,2,0,0,0,3,3,17,1,0,2,1,0,.056,.150,.056,.206,34,-7.67,14876
Eric Fryer,Cardinals,34,83,71,7,11,8,3,0,0,3,11,18,1,0,0,3,1,.155,.277,.197,.474,60,-7.72,8145
Ronald Torreyes,Yankees,108,336,315,35,92,73,15,1,3,36,11,43,1,4,5,9,16,.292,.314,.375,.689,223,-7.78,11400
Dinelson Lamet,Padres,21,38,35,0,3,3,0,0,0,0,0,22,0,0,3,0,0,.086,.086,.086,.171,32,-7.79,17186
John Lackey,Cubs,32,61,53,2,7,6,1,0,0,1,3,23,0,0,5,0,0,.132,.179,.151,.330,46,-7.90,1507
Ryan Rua,Rangers,63,144,129,17,28,19,6,0,3,12,14,52,0,0,1,3,0,.217,.294,.333,.627,101,-7.92,12409
Josh Rutledge,Red Sox,37,118,107,10,24,21,2,1,0,9,9,31,2,0,0,1,6,.224,.297,.262,.558,83,-7.95,11167
Chris Heisey,Nationals,38,79,74,8,12,7,3,1,1,5,5,22,0,0,0,1,2,.162,.215,.270,.485,62,-8.01,3978
Carson Kelly,Cardinals,34,75,69,5,12,9,3,0,0,6,5,11,1,0,0,3,2,.174,.240,.217,.457,57,-8.04,13620
Alex Mejia,Cardinals,29,49,46,6,5,4,0,0,1,3,2,13,0,0,1,2,0,.109,.146,.174,.320,41,-8.07,13877
Clayton Richard,Padres,32,68,57,2,7,5,1,0,1,4,1,31,2,0,8,0,0,.123,.167,.193,.360,50,-8.11,3551
Dustin Garneau,- - -,41,126,112,10,21,11,8,0,2,9,12,36,1,0,1,3,1,.188,.272,.313,.585,91,-8.13,9433
Jace Peterson,Braves,89,215,186,15,40,27,9,2,2,17,27,48,1,0,1,4,2,.215,.318,.317,.635,146,-8.13,12325
Peter Bourjos,Rays,100,203,188,27,42,25,9,3,5,15,12,53,1,1,1,2,7,.223,.272,.383,.655,146,-8.35,2578
Ruben Tejada,Orioles,41,124,113,17,26,20,6,0,0,5,8,15,2,0,1,6,3,.230,.293,.283,.576,87,-8.35,5519
Drew Butera,Royals,75,177,163,18,37,29,4,1,3,14,12,41,1,0,1,0,1,.227,.284,.319,.603,126,-8.36,3411
Scott Feldman,Reds,21,38,34,0,1,1,0,0,0,0,0,16,0,0,4,0,0,.029,.029,.029,.059,33,-8.37,6283
Paulo Orlando,Royals,39,90,86,9,17,12,3,0,2,6,1,20,2,0,0,3,1,.198,.225,.302,.527,69,-8.45,8628
Roberto Perez,Indians,73,248,217,22,45,25,12,0,8,38,26,71,0,1,4,4,2,.207,.291,.373,.664,172,-8.49,2900
Jefry Marte,Angels,45,145,127,10,22,13,5,0,4,14,13,34,4,1,0,2,4,.173,.269,.307,.576,105,-8.52,5107
Wilmer Difo,Nationals,124,365,332,47,90,71,10,4,5,21,24,74,1,3,5,7,12,.271,.319,.370,.690,242,-8.58,14320
Matt Moore,Giants,32,53,47,3,6,6,0,0,0,4,2,19,0,0,4,2,1,.128,.163,.128,.291,41,-8.62,1890
Kelby Tomlinson,Giants,104,222,194,32,50,43,4,2,1,11,23,46,0,3,2,8,8,.258,.332,.314,.646,144,-8.66,13005
Chad Kuhl,Pirates,33,52,48,2,5,3,2,0,0,3,1,16,0,0,3,1,1,.104,.122,.146,.268,43,-8.70,14975
Brandon Phillips,- - -,144,604,572,81,163,115,34,1,13,60,21,73,8,1,2,21,13,.285,.319,.416,.735,409,-8.70,791
Johnny Cueto,Giants,25,52,46,3,4,4,0,0,0,3,1,15,0,1,4,0,1,.087,.104,.087,.191,42,-8.71,6893
Amed Rosario,Mets,46,170,165,16,41,29,4,4,4,10,3,49,2,0,0,3,10,.248,.271,.394,.665,124,-8.74,15518
Tyler Moore,Marlins,104,203,187,17,43,23,14,0,6,30,10,56,1,4,1,7,3,.230,.267,.401,.668,144,-8.75,7244
Trevor Story,Rockies,145,555,503,68,120,61,32,3,24,82,49,191,2,1,0,12,14,.239,.308,.457,.765,383,-8.77,12564
Dominic Smith,Mets,49,183,167,17,33,18,6,0,9,26,14,49,1,1,0,5,4,.198,.262,.395,.658,134,-8.81,15653
R.A. Dickey,Braves,31,68,61,0,9,9,0,0,0,5,0,12,0,0,7,0,2,.148,.148,.148,.295,52,-8.84,1245
Cheslor Cuthbert,Royals,58,153,143,10,33,24,7,0,2,18,9,39,0,1,0,2,3,.231,.275,.322,.596,110,-8.85,10473
Cameron Rupp,Phillies,88,331,295,35,64,33,17,0,14,34,34,114,1,1,0,5,10,.217,.299,.417,.716,231,-8.89,11146
Matt Harvey,Mets,19,36,34,2,2,2,0,0,0,1,1,13,0,0,1,3,0,.059,.086,.059,.145,32,-8.93,11713
Mike Freeman,- - -,35,66,60,6,6,3,2,0,1,1,6,19,0,0,0,1,0,.100,.182,.183,.365,54,-8.99,11241
Dixon Machado,Tigers,73,181,166,17,43,36,5,1,1,11,10,32,1,2,2,6,7,.259,.302,.319,.621,123,-9.00,11472
Jose Osuna,Pirates,104,227,215,31,50,26,13,4,7,30,9,40,2,1,0,10,5,.233,.269,.428,.697,165,-9.03,12937
Jose Urena,Marlins,36,56,48,3,5,4,1,0,0,2,0,28,0,0,8,0,1,.104,.104,.125,.229,43,-9.05,11589
Cody Asche,White Sox,19,62,57,5,6,4,1,0,1,4,3,21,2,0,0,1,0,.105,.177,.175,.353,51,-9.05,11997
Zack Godley,Diamondbacks,27,53,42,1,2,2,0,0,0,2,2,26,0,0,9,0,1,.048,.091,.048,.139,40,-9.07,14862
Rio Ruiz,Braves,53,173,150,22,29,20,5,0,4,19,19,41,1,3,0,4,1,.193,.283,.307,.590,121,-9.15,14103
Andres Blanco,Phillies,80,144,130,10,25,18,4,0,3,13,12,34,0,2,0,1,0,.192,.257,.292,.549,105,-9.15,1907
Derek Norris,Rays,53,198,179,21,36,22,5,0,9,24,12,48,3,4,0,5,2,.201,.258,.380,.637,143,-9.21,6867
Tyler Collins,Tigers,49,169,150,18,29,19,4,1,5,14,18,55,0,1,0,2,2,.193,.278,.333,.611,121,-9.22,12723
Yan Gomes,Indians,105,383,341,43,79,50,15,0,14,56,31,99,8,2,1,9,6,.232,.309,.399,.708,262,-9.24,9627
Trevor Williams,Pirates,31,47,41,1,2,2,0,0,0,0,2,17,0,0,4,1,0,.049,.093,.049,.142,39,-9.29,16977
Kendrys Morales,Blue Jays,150,608,557,67,139,86,25,0,28,85,43,132,5,3,0,22,4,.250,.308,.445,.753,418,-9.32,8610
Aaron Nola,Phillies,27,54,48,3,4,4,0,0,0,1,4,25,0,0,2,0,0,.083,.154,.083,.237,44,-9.37,16149
Ryon Healy,Athletics,149,605,576,66,156,102,29,0,25,78,23,142,4,2,0,16,17,.271,.302,.451,.754,420,-9.40,15447
Logan Forsythe,Dodgers,119,439,361,56,81,56,19,0,6,36,69,109,4,5,0,12,6,.224,.351,.327,.678,280,-9.42,7185
Bruce Maxwell,Athletics,76,253,219,21,52,37,12,0,3,22,31,63,0,2,1,10,1,.237,.329,.333,.663,167,-9.42,13866
Josh Phegley,Athletics,57,161,149,14,30,16,11,0,3,10,9,26,2,1,0,4,2,.201,.255,.336,.590,119,-9.43,9308
Rob Refsnyder,- - -,52,98,88,8,15,12,2,1,0,0,8,17,1,0,0,2,2,.170,.247,.216,.463,73,-9.43,13770
Caleb Joseph,Orioles,89,266,254,31,65,42,14,1,8,28,10,72,1,0,1,7,4,.256,.287,.413,.700,189,-9.47,7087
Adeiny Hechavarria,- - -,97,348,330,37,86,59,14,5,8,30,13,67,1,2,2,7,5,.261,.289,.406,.695,244,-9.48,10459
Bradley Zimmer,Indians,101,332,299,41,72,47,15,2,8,39,26,99,4,3,0,5,9,.241,.307,.385,.692,227,-9.50,16221
Jett Bandy,Brewers,60,188,169,14,35,23,6,0,6,18,15,51,4,0,0,5,1,.207,.287,.349,.636,134,-9.54,12508
Troy Tulowitzki,Blue Jays,66,260,241,16,60,43,10,0,7,26,17,40,1,1,0,10,8,.249,.300,.378,.678,181,-9.57,3531
Ben Revere,Angels,109,308,291,37,80,64,13,2,1,20,15,25,0,2,0,7,7,.275,.308,.344,.652,211,-9.62,4712
Ben Zobrist,Cubs,128,496,435,58,101,66,20,3,12,50,54,71,2,3,2,13,9,.232,.318,.375,.693,334,-9.66,7435
Brock Holt,Red Sox,64,164,140,20,28,22,6,0,0,7,19,34,3,2,0,3,8,.200,.305,.243,.548,112,-9.80,9345
Juan Graterol,Angels,48,87,84,5,17,13,4,0,0,10,1,13,0,2,0,4,3,.202,.207,.250,.457,67,-9.82,5398
Hernan Perez,Brewers,136,458,432,47,112,76,19,3,14,51,20,79,0,4,2,8,14,.259,.289,.414,.704,320,-9.85,5751
Jake Arrieta,Cubs,32,64,61,2,8,6,0,1,1,5,1,32,0,0,2,0,1,.131,.145,.213,.358,53,-9.85,4153
Victor Martinez,Tigers,107,435,392,38,100,74,16,0,10,47,36,63,5,2,0,15,2,.255,.324,.372,.697,292,-9.86,393
Chris Davis,Orioles,128,524,456,65,98,56,15,1,26,61,61,195,3,4,0,7,1,.215,.309,.423,.732,358,-9.92,9272
Adrian Gonzalez,Dodgers,71,252,231,14,56,36,17,0,3,30,16,43,0,4,0,7,4,.242,.287,.355,.642,175,-9.93,1908
Aledmys Diaz,Cardinals,79,301,286,31,74,50,17,0,7,20,13,42,0,1,1,9,12,.259,.290,.392,.682,212,-9.95,15937
Chase Anderson,Brewers,25,55,52,1,7,6,1,0,0,3,0,29,0,0,3,1,3,.135,.135,.154,.288,45,-10.02,6895
Juan Lagares,Mets,94,272,252,37,63,42,16,2,3,15,14,56,3,1,2,6,7,.250,.296,.365,.661,189,-10.09,5384
Mike Foltynewicz,Braves,29,49,42,1,2,2,0,0,0,0,0,27,0,0,7,0,1,.048,.048,.048,.095,40,-10.09,10811
Mark Canha,Athletics,57,187,173,16,36,17,13,1,5,14,7,56,6,1,0,5,3,.208,.262,.382,.644,137,-10.10,11445
Alexi Amarista,Rockies,96,176,168,22,40,27,10,0,3,19,7,38,0,0,1,5,2,.238,.269,.351,.620,128,-10.13,9063
Brad Miller,Rays,110,407,338,43,68,43,13,3,9,40,63,110,2,4,0,5,8,.201,.327,.337,.664,270,-10.26,12775
Danny Valencia,Mariners,130,500,450,54,115,78,19,3,15,66,40,122,2,8,0,16,13,.256,.314,.411,.725,335,-10.26,6364
Chris Carter,Yankees,62,208,184,20,37,23,5,1,8,26,20,76,2,2,0,5,2,.201,.284,.370,.653,147,-10.27,9911
J.T. Riddle,Marlins,70,247,228,20,57,40,13,1,3,31,12,50,0,5,2,6,6,.250,.282,.355,.637,171,-10.28,17642
Nick Pivetta,Phillies,26,48,44,3,3,3,0,0,0,0,0,21,0,0,4,1,0,.068,.068,.068,.136,41,-10.28,15454
Nick Hundley,Giants,101,303,287,27,70,38,23,0,9,35,12,81,0,2,2,6,9,.244,.272,.418,.691,217,-10.38,3376
Hyun Soo Kim,- - -,96,239,212,20,49,39,8,1,1,14,22,46,2,2,0,3,2,.231,.307,.292,.599,163,-10.54,18718
Kyle Hendricks,Cubs,25,51,50,3,5,4,1,0,0,5,0,28,0,0,1,0,1,.100,.100,.120,.220,45,-10.57,12049
Gorkys Hernandez,Giants,128,348,310,40,79,58,20,1,0,22,31,73,3,2,2,6,7,.255,.327,.326,.652,231,-10.68,4146
Tanner Roark,Nationals,32,63,55,1,5,4,1,0,0,0,1,22,0,0,7,1,2,.091,.107,.109,.216,50,-10.70,8753
Hunter Pence,Giants,134,539,493,55,128,97,13,5,13,67,40,102,2,4,0,8,21,.260,.315,.385,.701,365,-10.76,8252
Sean Rodriguez,- - -,54,153,132,18,22,15,2,0,5,8,16,57,4,0,1,3,0,.167,.276,.295,.572,110,-10.80,6589
Daniel Ray Robertson,Rays,75,254,218,22,45,31,7,2,5,19,29,73,4,2,1,5,4,.206,.308,.326,.634,173,-10.80,14145
Ian Desmond,Rockies,95,373,339,47,93,74,11,1,7,40,24,87,4,4,2,13,15,.274,.326,.375,.701,246,-10.81,6885
Christian Arroyo,Giants,34,135,125,9,24,16,5,0,3,14,8,32,1,1,0,4,2,.192,.244,.304,.548,101,-10.83,16434
Lance Lynn,Cardinals,33,61,54,2,4,2,2,0,0,0,1,25,1,0,5,1,0,.074,.107,.111,.218,50,-10.88,2520
Danny Santana,- - -,82,178,168,19,34,18,10,2,4,23,8,41,1,0,1,3,3,.202,.243,.357,.600,134,-11.03,10322
Michael Wacha,Cardinals,30,55,46,3,2,2,0,0,0,3,1,22,0,1,7,2,0,.043,.063,.043,.106,44,-11.05,14078
Adonis Garcia,Braves,52,183,173,19,41,32,4,0,5,19,7,23,2,1,0,9,7,.237,.273,.347,.620,132,-11.18,13777
Jorge Soler,Royals,35,110,97,7,14,7,5,0,2,6,12,36,1,0,0,5,0,.144,.245,.258,.503,83,-11.37,14221
Chris Herrmann,Diamondbacks,106,256,226,35,41,24,7,0,10,27,29,67,0,1,0,1,3,.181,.273,.345,.619,185,-11.39,9284
Erick Aybar,Padres,108,370,333,37,78,55,15,1,7,22,28,57,4,2,3,5,11,.234,.300,.348,.648,255,-11.41,4082
Jeff Samardzija,Giants,35,67,64,3,6,3,2,0,1,2,0,25,0,0,3,0,0,.094,.094,.172,.266,58,-11.51,3254
Tony Wolters,Rockies,83,266,229,30,55,46,8,1,0,16,33,55,2,0,2,9,5,.240,.341,.284,.625,174,-11.56,11470
Keon Broxton,Brewers,143,463,414,66,91,52,15,4,20,49,40,175,7,1,1,3,9,.220,.299,.420,.719,323,-11.63,9253
Sandy Leon,Red Sox,85,301,271,32,61,40,14,0,7,39,25,74,1,3,1,5,3,.225,.290,.354,.644,210,-11.67,5273
Stuart Turner,Reds,37,89,82,4,11,6,3,0,2,7,5,22,0,1,1,5,1,.134,.182,.244,.426,71,-11.77,15207
Brandon Moss,Royals,118,401,362,41,75,39,14,0,22,50,37,128,0,2,0,7,1,.207,.279,.428,.707,287,-11.83,4467
Kevin Pillar,Blue Jays,154,632,587,72,150,96,37,1,16,42,33,95,6,3,3,13,14,.256,.300,.404,.704,437,-11.99,12434
Dan Straily,Marlins,33,64,55,2,4,3,1,0,0,1,1,33,0,0,8,1,1,.073,.089,.091,.180,51,-12.01,9460
Jimmy Nelson,Brewers,29,60,57,0,6,6,0,0,0,2,1,35,0,0,2,0,2,.105,.121,.105,.226,51,-12.05,10547
Leonys Martin,- - -,49,138,128,14,22,15,3,1,3,9,8,33,2,0,0,2,2,.172,.232,.281,.513,106,-12.14,11846
Alex Wood,Dodgers,27,58,52,1,3,3,0,0,0,4,2,29,0,0,4,1,0,.058,.093,.058,.150,49,-12.20,13781
Brandon Crawford,Giants,144,570,518,58,131,82,34,1,14,77,42,113,1,9,0,18,7,.253,.305,.403,.709,387,-12.20,5343
Gio Gonzalez,Nationals,32,75,66,3,6,6,0,0,0,5,4,29,0,0,5,0,0,.091,.143,.091,.234,60,-12.31,7448
Allen Cordoba,Padres,100,227,202,17,42,34,2,2,4,15,18,54,4,3,0,2,4,.208,.282,.297,.579,160,-12.38,15722
Giovanny Urshela,Indians,67,165,156,14,35,27,7,0,1,15,8,22,0,0,1,6,3,.224,.262,.288,.551,121,-12.61,10681
Cameron Maybin,- - -,114,450,395,63,90,58,20,2,10,35,51,94,2,1,1,12,13,.228,.318,.365,.683,305,-12.92,5223
Jose Lobaton,Nationals,51,158,141,11,24,17,3,0,4,11,14,35,1,1,1,5,0,.170,.248,.277,.525,117,-12.99,4243
Ivan Nova,Pirates,31,60,51,0,1,1,0,0,0,0,0,31,0,0,9,0,0,.020,.020,.020,.039,50,-12.99,1994
Alen Hanson,- - -,106,234,217,36,48,32,9,3,4,11,12,52,1,3,1,5,7,.221,.262,.346,.607,169,-13.19,12926
Michael Saunders,- - -,73,234,218,26,44,27,9,2,6,21,15,55,1,0,0,2,4,.202,.256,.344,.600,174,-13.36,9981
Jeff Mathis,Diamondbacks,60,203,186,13,40,26,10,2,2,11,14,61,2,0,1,6,0,.215,.277,.323,.600,146,-13.49,3448
Chris Stewart,Pirates,51,144,131,8,24,21,1,2,0,4,9,22,1,0,3,3,2,.183,.241,.221,.463,107,-13.63,3878
Arismendy Alcantara,Reds,70,108,105,13,18,13,3,1,1,7,2,38,0,0,1,2,1,.171,.187,.248,.435,87,-13.90,10711
Guillermo Heredia,Mariners,123,426,386,43,96,74,16,0,6,24,27,64,11,1,1,9,13,.249,.315,.337,.652,290,-14.03,18721
Deven Marrero,Red Sox,71,188,171,32,36,23,9,0,4,27,12,61,0,2,3,8,6,.211,.259,.333,.593,135,-14.10,13325
Elias Diaz,Pirates,64,200,188,18,42,27,14,0,1,19,11,38,0,1,0,8,2,.223,.265,.314,.579,146,-14.23,11680
Luis Torrens,Padres,56,139,123,7,20,16,3,1,0,7,12,30,1,0,3,4,2,.163,.243,.203,.446,103,-14.40,15905
Mike Napoli,Rangers,124,485,425,60,82,41,11,1,29,66,49,163,7,3,0,11,4,.193,.285,.428,.713,343,-14.61,3057
Freddy Galvis,Phillies,162,663,608,71,155,108,29,6,12,61,45,111,4,4,2,12,14,.255,.309,.382,.690,453,-14.72,6609
Joey Rickard,Orioles,111,277,261,29,63,44,15,0,4,19,9,63,4,1,2,6,10,.241,.276,.345,.621,198,-14.89,13277
Jose Iglesias,Tigers,130,489,463,56,118,78,33,1,6,54,21,65,1,1,3,6,12,.255,.288,.369,.657,345,-14.94,10231
Pablo Sandoval,- - -,79,279,259,27,57,37,11,0,9,32,16,53,1,3,0,11,3,.220,.265,.367,.632,202,-14.99,5409
Ryder Jones,Giants,53,164,150,12,26,17,5,2,2,5,10,52,4,0,0,3,3,.173,.244,.273,.517,124,-15.09,15982
Andrew Romine,Tigers,124,348,318,45,74,51,17,2,4,25,22,67,4,2,2,7,7,.233,.289,.336,.625,244,-15.59,1159
Tommy Joseph,Phillies,142,533,495,51,119,69,27,1,22,69,33,129,2,3,0,21,8,.240,.289,.432,.721,376,-16.29,10349
JaCoby Jones,Tigers,56,154,141,14,24,17,3,1,3,13,9,65,4,0,0,5,1,.170,.240,.270,.510,117,-16.63,14818
Carlos Beltran,Astros,129,509,467,60,108,65,29,0,14,51,33,102,3,6,0,9,18,.231,.283,.383,.666,359,-16.73,589
Jonathan Villar,Brewers,122,436,403,49,97,67,18,1,11,40,30,132,0,1,2,4,15,.241,.293,.372,.665,306,-16.92,10071
Austin Romine,Yankees,80,252,229,19,50,38,9,1,2,21,16,57,2,3,2,7,4,.218,.272,.293,.565,179,-17.06,5491
Matt Davidson,White Sox,118,443,414,43,91,48,16,1,26,68,19,165,5,5,0,12,2,.220,.260,.452,.711,323,-17.23,7226
Luke Maile,Blue Jays,46,136,130,10,19,12,5,0,2,7,3,35,2,1,0,2,4,.146,.176,.231,.407,111,-17.32,13355
J.J. Hardy,Orioles,73,268,254,24,55,37,13,1,4,24,12,48,1,0,1,7,4,.217,.255,.323,.578,199,-18.26,3797
Adam Rosales,- - -,105,312,289,25,65,42,16,0,7,36,11,100,4,4,4,6,7,.225,.260,.353,.613,224,-18.26,9682
Rajai Davis,- - -,117,366,336,56,79,53,19,2,5,20,27,83,1,1,1,12,13,.235,.293,.348,.641,257,-18.47,3708
Maikel Franco,Phillies,154,623,575,66,132,78,29,1,24,76,41,95,2,5,0,21,7,.230,.281,.409,.690,443,-18.91,12179
Taylor Motter,Mariners,92,280,258,29,51,32,12,0,7,26,21,62,0,1,0,9,6,.198,.257,.326,.583,207,-19.56,12399
Austin Hedges,Padres,120,417,387,36,83,48,17,0,18,55,23,122,3,3,1,10,7,.214,.262,.398,.660,304,-19.76,12976
Ryan Goins,Blue Jays,143,459,418,37,99,68,21,1,9,62,31,96,0,5,5,14,4,.237,.286,.356,.643,319,-19.80,9807
Dansby Swanson,Braves,144,551,488,59,113,82,23,2,6,51,59,120,0,4,0,7,14,.232,.312,.324,.636,375,-19.81,18314
Jose Bautista,Blue Jays,157,686,587,92,119,69,27,0,23,65,84,170,8,7,0,16,13,.203,.308,.366,.674,468,-20.32,1887
Mark Trumbo,Orioles,146,603,559,79,131,86,22,0,23,65,42,149,1,1,0,13,16,.234,.289,.397,.686,428,-21.15,6876
Martin Maldonado,Angels,138,471,429,43,95,61,19,1,14,38,15,119,18,1,8,12,5,.221,.276,.368,.645,334,-21.89,6887
Matt Wieters,Nationals,123,465,422,43,95,65,20,0,10,52,38,94,1,4,0,14,8,.225,.288,.344,.632,327,-22.00,4298
Darwin Barney,Blue Jays,129,362,336,34,78,58,14,0,6,25,18,64,2,1,5,13,11,.232,.275,.327,.602,258,-22.06,2430
Jose Peraza,Reds,143,518,487,50,126,108,9,4,5,37,20,70,7,1,3,7,16,.259,.297,.324,.622,361,-22.11,13593
Trevor Plouffe,- - -,100,313,283,31,56,40,7,0,9,19,28,88,1,1,0,12,4,.198,.272,.318,.590,227,-22.58,7462
Alex Gordon,Royals,148,541,476,52,99,68,20,2,9,45,45,126,14,4,2,7,6,.208,.293,.315,.608,377,-24.58,5209
Albert Pujols,Angels,149,636,593,53,143,103,17,0,23,101,37,93,2,4,0,26,4,.241,.286,.386,.672,450,-24.66,1177
Danny Espinosa,- - -,93,295,266,30,46,30,10,0,6,31,21,109,5,2,1,2,4,.173,.245,.278,.523,220,-24.81,9219
Billy Hamilton,Reds,139,633,582,85,144,112,17,11,4,38,44,133,0,2,5,5,19,.247,.299,.335,.634,438,-25.15,10199
Tyler Saladino,White Sox,79,281,253,23,45,34,9,2,0,10,23,67,3,0,2,5,3,.178,.254,.229,.484,208,-25.63,10807
Tim Anderson,White Sox,146,606,587,72,151,104,26,4,17,56,13,162,3,1,2,13,23,.257,.276,.402,.679,436,-26.01,15172
Adam Engel,White Sox,97,336,301,34,50,30,11,3,6,21,19,117,8,0,8,1,13,.166,.235,.282,.517,251,-28.46,15082
Alcides Escobar,Royals,162,629,599,71,150,103,36,5,6,54,15,102,4,4,7,14,12,.250,.272,.357,.629,449,-29.14,6310
Rougned Odor,Rangers,162,651,607,79,124,70,21,3,30,75,32,162,8,4,0,13,9,.204,.252,.397,.649,483,-31.08,12282
