Name,Team,GS,IP,TBF,TH,1B,2B,3B,HR,IFH,R,ER,BB,SO,HBP,WP,BK,OUTS,ERA,WHIP,AVG,rPW (SP),rPW (RP),playerid,Overall rPW
Corey Kluber,Indians,29,203.2,777,141,89,31,0,21,14,56,51,34,265,5,4,0,609,2.25,0.87,.192,62.03,,2429,62.03
Max Scherzer,Nationals,31,200.2,780,126,72,30,2,22,9,62,56,53,268,11,4,0,600,2.51,0.90,.176,56.77,,3137,56.77
Chris Sale,Red Sox,32,214.1,851,165,104,34,3,24,16,73,69,43,308,8,3,0,643,2.90,0.97,.206,53.52,,10603,53.52
Stephen Strasburg,Nationals,28,175.1,701,131,86,31,1,13,14,55,49,42,204,7,3,0,526,2.52,1.02,.202,45.51,,10131,45.51
Clayton Kershaw,Dodgers,27,175.0,679,136,91,20,2,23,19,49,45,30,202,0,4,2,525,2.31,0.95,.210,42.44,,2036,42.44
Luis Severino,Yankees,31,193.1,783,150,99,30,0,21,19,73,64,51,230,6,6,0,580,2.98,1.04,.207,41.92,,15890,41.92
Gio Gonzalez,Nationals,32,201.0,827,158,106,31,0,21,13,69,66,74,188,7,7,0,603,2.96,1.18,.213,31.80,,7448,31.80
Alex Wood,Dodgers,25,147.0,595,123,80,28,0,15,10,50,46,31,147,6,2,0,441,2.82,1.09,.223,27.63,4.03,13781,31.66
Zack Greinke,Diamondbacks,32,202.1,801,172,108,35,4,25,17,80,72,45,215,0,12,0,607,3.20,1.07,.228,31.12,,1943,31.12
Craig Kimbrel,Red Sox,67,69,254,33,21,6,0,6,5,11,11,14,126,4,5,0,207,1.43,0.68,.140,,30.29,6655,30.29
Justin Verlander,- - -,33,206.0,849,170,112,29,2,27,7,80,77,68,219,4,5,0,618,3.36,1.17,.220,29.53,,8700,29.53
Chad Green,Yankees,1,2.0,9,2,0,2,0,0,0,2,2,1,3,0,0,0,6,9.00,1.50,.250,-.21,29.16,15552,28.94
Carlos Carrasco,Indians,32,200.0,798,173,106,44,2,21,9,73,73,44,226,10,10,0,600,3.29,1.10,.233,28.85,,6632,28.85
Dallas Keuchel,Astros,23,145.2,584,116,83,18,0,15,23,50,47,47,125,2,1,0,435,2.90,1.12,.217,28.40,,9434,28.40
Jacob deGrom,Mets,31,201.1,827,180,124,25,3,28,17,87,79,54,239,2,7,0,604,3.53,1.19,.235,27.77,,10954,27.77
Kenley Jansen,Dodgers,65,68.1,258,44,32,6,1,5,5,11,10,7,109,2,2,1,205,1.32,0.75,.177,,27.76,3096,27.76
Robbie Ray,Diamondbacks,28,162.0,665,116,73,18,2,23,6,57,52,68,218,5,8,0,486,2.89,1.15,.197,27.60,,11486,27.60
Felipe Rivero,Pirates,73,75.1,300,47,37,6,0,4,10,19,14,20,88,4,2,1,226,1.67,0.89,.170,,26.92,12076,26.92
Andrew Miller,Indians,57,62.2,244,31,24,4,0,3,7,11,10,21,95,5,1,0,188,1.44,0.83,.142,,26.74,6785,26.74
James Paxton,Mariners,24,136.0,552,113,80,24,0,9,7,47,45,36,156,3,15,1,408,2.98,1.10,.221,25.50,,11828,25.50
Rich Hill,Dodgers,25,135.2,552,99,64,15,2,18,9,51,50,48,166,9,2,1,405,3.32,1.09,.200,24.88,,4806,24.88
Chase Anderson,Brewers,25,141.1,569,113,70,27,2,14,8,47,43,40,133,7,0,0,424,2.74,1.09,.217,24.58,,6895,24.58
Michael Fulmer,Tigers,25,164.2,676,150,112,23,2,13,16,80,70,38,114,8,3,1,492,3.83,1.15,.239,24.57,,13218,24.57
Brad Peacock,Astros,21,111.2,464,90,59,20,2,9,12,42,40,46,135,2,4,0,333,3.22,1.22,.216,18.10,5.96,5401,24.05
Yusmeiro Petit,Angels,1,4.0,15,3,3,0,0,0,0,1,0,0,5,0,0,0,12,0.00,0.75,.200,1.96,22.09,4020,24.05
Aaron Nola,Phillies,27,168.0,693,154,103,29,4,18,12,67,66,47,184,2,1,0,504,3.54,1.21,.240,22.76,,16149,22.76
Ryan Madson,- - -,60,59,219,38,28,8,0,2,3,12,12,11,67,4,0,0,177,1.83,0.80,.184,,22.03,1852,22.03
Zack Godley,Diamondbacks,25,153.1,622,124,75,33,1,15,10,61,58,51,163,5,13,0,460,3.40,1.15,.220,20.26,1.40,14862,21.66
Roberto Osuna,Blue Jays,66,64,249,46,35,7,1,3,6,26,24,9,83,3,4,0,192,3.38,0.86,.194,,21.64,13764,21.64
Blake Parker,Angels,71,67.1,254,40,24,9,0,7,5,20,19,16,86,1,4,0,202,2.54,0.83,.169,,21.63,5224,21.63
Jimmy Nelson,Brewers,29,175.1,728,171,126,28,1,16,17,75,68,47,199,9,6,1,526,3.49,1.25,.255,21.09,,10547,21.09
David Robertson,- - -,61,68.1,264,35,21,8,0,6,3,14,14,28,98,3,7,0,205,1.84,0.85,.147,,20.93,8241,20.93
Pat Neshek,- - -,71,62.1,235,48,33,12,0,3,6,13,11,6,69,0,0,0,187,1.59,0.87,.210,,20.89,4682,20.89
Carl Edwards Jr,Cubs,73,66.1,262,29,20,3,0,6,1,22,22,40,94,4,4,0,199,2.98,1.01,.132,,20.38,13607,20.38
Ervin Santana,Twins,33,211.1,864,177,113,28,5,31,10,85,77,59,167,8,12,1,634,3.28,1.13,.223,20.33,,3200,20.33
Kyle Hendricks,Cubs,24,139.2,570,126,92,17,0,17,18,49,47,39,123,2,0,0,417,3.03,1.19,.239,20.23,,12049,20.23
Matt Albers,Nationals,63,61,233,35,24,4,1,6,6,12,11,17,63,4,0,0,183,1.62,0.85,.165,,19.91,4300,19.91
Brad Hand,Padres,72,79.1,311,54,37,7,1,9,2,20,19,21,104,7,4,0,238,2.16,0.93,.190,,19.79,9111,19.79
Carlos Martinez,Cardinals,32,205.0,858,179,114,34,4,27,23,93,83,68,217,8,9,0,615,3.64,1.22,.230,19.79,,11682,19.79
Corey Knebel,Brewers,76,76,309,48,34,8,0,6,7,15,15,45,126,2,2,0,228,1.78,1.16,.180,,19.57,15010,19.57
Raisel Iglesias,Reds,63,76,306,57,43,8,1,5,5,22,21,28,92,1,1,0,228,2.49,1.11,.205,,19.45,17130,19.45
Archie Bradley,Diamondbacks,63,73,290,55,40,9,2,4,3,14,14,23,79,1,0,1,219,1.73,1.04,.205,,19.00,12918,19.00
Chris Devenski,Astros,62,80.2,316,50,26,11,2,11,6,26,24,29,100,2,2,0,242,2.68,0.94,.174,,18.71,12763,18.71
Anthony Swarzak,- - -,70,77.1,303,58,42,7,3,6,3,21,20,26,91,2,2,0,232,2.33,1.03,.208,,18.01,7466,18.01
Yu Darvish,- - -,31,186.2,766,159,96,35,1,27,11,83,80,57,209,6,12,1,558,3.86,1.16,.226,17.85,,13074,17.85
Alex Claudio,Rangers,1,4.0,16,4,2,0,0,2,0,3,3,0,1,0,0,0,12,6.75,1.00,.250,-.67,18.51,12890,17.84
Mike Montgomery,Cubs,14,69.1,286,58,41,10,0,7,8,33,32,21,56,4,2,0,208,4.15,1.14,.222,10.50,7.25,4869,17.75
Ken Giles,Astros,63,62.2,247,44,31,8,1,4,6,16,16,21,83,1,3,0,188,2.30,1.04,.196,,17.41,12910,17.41
Mike Minor,Royals,65,77.2,307,57,35,16,1,5,5,23,22,25,88,1,5,0,233,2.55,1.02,.201,,17.17,10021,17.17
Adam Warren,Yankees,46,57.1,223,35,25,6,0,4,2,19,15,17,54,1,5,0,172,2.35,0.87,.169,,17.01,9029,17.01
Lance Lynn,Cardinals,33,186.1,776,151,96,21,7,27,17,80,71,73,153,10,2,0,559,3.43,1.23,.219,16.98,,2520,16.98
Mike Clevinger,Indians,21,114.0,465,84,51,22,0,11,6,40,36,52,126,3,3,0,342,2.84,1.21,.206,18.78,-2.04,12808,16.75
Brandon Morrow,Dodgers,45,43.2,170,31,28,3,0,0,4,10,10,10,50,1,2,0,131,2.06,0.92,.194,,16.68,9346,16.68
Luis Castillo,Reds,15,89.1,359,64,38,13,2,11,5,32,31,31,98,3,2,1,268,3.12,1.07,.198,16.62,,15689,16.62
Jose Quintana,- - -,32,188.2,790,170,107,36,4,23,18,92,87,57,207,10,8,1,564,4.15,1.22,.236,16.49,,11423,16.49
Sean Doolittle,- - -,53,51.1,197,34,24,5,0,5,3,18,16,11,62,0,3,0,154,2.81,0.86,.182,,16.13,1581,16.13
Sonny Gray,- - -,27,162.1,678,139,88,30,2,19,15,79,64,56,153,3,11,0,487,3.55,1.21,.225,16.08,,12768,16.08
Mychal Givens,Orioles,69,78.2,315,57,37,10,0,10,5,24,24,26,88,5,2,0,236,2.75,1.04,.200,,15.34,10430,15.34
Jhoulys Chacin,Padres,32,180.1,765,157,105,31,2,19,12,82,78,67,153,14,7,1,541,3.89,1.27,.231,14.76,,2608,14.76
Marcus Stroman,Blue Jays,33,201.0,834,201,146,33,1,21,11,82,69,61,164,6,3,1,603,3.09,1.31,.262,14.55,,13431,14.55
Charlie Morton,Astros,25,146.2,617,125,69,39,3,14,21,65,59,49,163,13,4,0,438,3.62,1.19,.226,14.43,,4676,14.43
Jeff Samardzija,Giants,32,207.2,847,204,122,40,12,30,12,107,102,31,205,6,2,0,621,4.42,1.14,.252,14.42,,3254,14.42
Jordan Montgomery,Yankees,29,155.1,649,140,96,20,3,21,16,72,67,51,144,1,7,1,466,3.88,1.23,.235,14.40,,16511,14.40
Juan Nicasio,- - -,76,72.1,291,58,38,14,1,5,3,22,21,22,72,2,1,0,217,2.61,1.08,.216,,14.31,7731,14.31
Tommy Hunter,Rays,61,58.2,228,43,28,8,1,6,4,18,17,14,64,1,2,0,176,2.61,0.97,.202,,14.21,1157,14.21
Tommy Kahnle,- - -,69,62.2,256,53,40,8,1,4,8,20,18,18,96,2,5,0,188,2.59,1.12,.224,,14.13,11384,14.13
Josh Hader,Brewers,35,47.2,188,25,13,8,0,4,2,11,11,23,68,4,0,0,143,2.08,0.99,.154,,13.82,14212,13.82
Joe Smith,- - -,59,54,214,46,33,9,0,4,3,20,20,11,71,1,0,0,162,3.33,1.04,.227,,13.61,3281,13.61
Steve Cishek,- - -,49,44.2,174,26,20,3,0,3,5,10,10,15,41,3,3,1,134,2.01,0.90,.166,,13.54,6483,13.54
Chris Rusin,Rockies,60,85,340,75,57,8,1,9,9,31,25,20,71,3,4,0,255,2.65,1.11,.236,,13.54,9895,13.54
Darren O'Day,Orioles,64,60.1,240,41,30,2,1,8,5,24,23,26,76,3,0,1,181,3.43,1.08,.192,,13.48,3321,13.48
Dellin Betances,Yankees,66,59.2,261,29,20,6,0,3,1,20,19,44,100,11,5,1,179,2.87,1.22,.141,,13.44,6216,13.44
Keone Kela,Rangers,39,38.2,151,18,12,2,0,4,2,12,12,18,51,1,1,1,116,2.79,0.91,.135,,13.20,14696,13.20
Danny Duffy,Royals,24,146.1,609,143,98,25,7,13,8,67,62,41,130,4,2,2,439,3.81,1.26,.254,12.42,,3542,12.42
Trevor Rosenthal,Cardinals,50,47.2,202,37,32,1,1,3,3,20,18,20,76,2,2,0,143,3.40,1.20,.206,,12.38,10745,12.38
Madison Bumgarner,Giants,17,111.0,450,101,57,25,2,17,11,41,41,17,101,3,0,0,333,3.32,1.09,.237,12.11,,5524,12.11
Dylan Bundy,Orioles,28,169.2,698,152,91,34,1,26,11,82,80,51,152,7,0,0,507,4.24,1.20,.238,12.03,,12917,12.03
Chris Archer,Rays,34,201.0,852,193,125,37,4,27,10,101,91,60,249,5,15,0,603,4.07,1.26,.245,11.97,,6345,11.97
Brad Brach,Orioles,67,68,275,51,33,11,0,7,7,27,24,27,70,0,4,1,204,3.18,1.13,.205,,11.82,6627,11.82
Emilio Pagan,Mariners,34,50.1,196,39,26,5,1,7,4,20,18,8,56,1,1,0,151,3.22,0.93,.209,,11.69,14771,11.69
Peter Moylan,Royals,79,59.1,243,40,28,7,1,4,7,26,23,28,46,5,1,0,178,3.49,1.10,.188,,11.65,4891,11.65
Joe Kelly,Red Sox,54,58,238,42,32,7,0,3,2,19,18,28,52,1,4,0,174,2.79,1.19,.200,,11.44,9761,11.44
Tyler Lyons,Cardinals,50,54,220,39,26,10,0,3,4,17,17,22,68,7,1,0,162,2.83,1.09,.202,,11.34,11334,11.34
Drew Pomeranz,Red Sox,32,173.2,740,166,117,27,3,19,24,69,64,69,174,4,6,0,519,3.32,1.35,.249,11.30,,11426,11.30
David Hernandez,- - -,64,55,214,48,36,8,0,4,6,20,19,9,52,1,5,0,165,3.11,1.04,.235,,11.24,4259,11.24
Jose Berrios,Twins,25,144.1,610,129,84,28,2,15,11,71,63,48,138,13,7,1,433,3.93,1.23,.235,11.07,.13,14168,11.21
Bryan Shaw,Indians,79,76.2,312,71,52,12,2,5,13,36,30,25,73,0,3,0,230,3.52,1.21,.245,,11.16,8110,11.16
Scott Alexander,Royals,58,69,283,62,49,9,1,3,13,23,19,28,59,0,3,0,207,2.48,1.30,.243,,11.03,10591,11.03
Kenta Maeda,Dodgers,25,126.1,525,114,66,26,1,21,7,65,61,32,130,4,3,0,379,4.35,1.16,.234,9.39,1.59,18498,10.98
Sam Freeman,Braves,58,60,254,48,39,6,0,3,4,19,17,29,59,3,2,0,180,2.55,1.25,.214,,10.89,6832,10.89
Edwin Diaz,Mariners,66,66,278,44,28,6,0,10,6,28,24,34,89,3,3,1,198,3.27,1.15,.181,,10.88,14710,10.88
Joakim Soria,Royals,59,56,232,49,40,7,1,1,3,24,23,22,64,1,4,0,168,3.70,1.23,.232,,10.88,6941,10.88
Brandon Kintzler,- - -,72,71.1,288,66,52,8,1,5,10,25,24,18,39,3,1,0,214,3.03,1.15,.245,,10.81,9939,10.81
Matt Barnes,Red Sox,70,69.2,287,57,39,10,1,7,5,31,30,28,83,1,3,0,209,3.88,1.22,.221,,10.73,12863,10.73
Dominic Leone,Blue Jays,65,70.1,279,51,26,16,3,6,4,22,20,26,81,0,8,0,211,2.56,1.05,.199,,10.70,13763,10.70
J.A. Happ,Blue Jays,25,145.1,626,145,102,22,3,18,24,64,57,45,142,0,4,0,436,3.53,1.31,.250,10.70,,7410,10.70
Brandon McCarthy,Dodgers,16,86.2,358,82,63,13,1,5,5,39,37,25,66,3,4,0,258,3.84,1.23,.248,10.79,-.22,4662,10.57
Alex Cobb,Rays,29,179.1,742,175,116,36,1,22,14,78,73,42,128,6,8,1,538,3.66,1.22,.253,10.46,,6562,10.46
Addison Reed,- - -,77,76,306,65,41,12,1,11,4,24,24,18,76,1,2,0,228,2.84,1.05,.224,,10.46,10586,10.46
Ryan Tepera,Blue Jays,73,77.2,319,57,37,12,1,7,3,35,31,35,81,8,5,0,233,3.59,1.13,.204,,10.38,10291,10.38
Josh Fields,Dodgers,57,57,223,40,22,8,0,10,2,19,18,16,60,1,1,1,171,2.84,0.96,.193,,10.37,5070,10.37
Cole Hamels,Rangers,24,148.0,614,125,77,28,2,18,8,74,69,52,105,11,6,0,444,4.20,1.20,.227,10.20,,4972,10.20
Ryan Buchter,- - -,71,65.1,268,44,23,10,1,10,10,25,21,27,65,4,0,1,196,2.89,1.07,.185,,10.19,9456,10.19
Trevor Williams,Pirates,25,138.2,589,133,89,30,2,12,16,65,61,41,107,9,2,0,414,3.96,1.28,.249,10.39,-.26,16977,10.13
Wade Davis,Cubs,59,58.2,242,39,25,8,0,6,3,16,15,29,79,3,7,0,176,2.30,1.14,.185,,10.09,7441,10.09
Will Harris,Astros,46,45.1,177,37,26,4,0,7,3,15,15,7,52,0,1,0,136,2.98,0.97,.218,,10.07,3192,10.07
Luis Garcia,Phillies,66,71.1,295,61,49,9,0,3,5,22,21,31,60,0,9,0,214,2.65,1.22,.227,,9.99,6984,9.99
Shane Greene,Tigers,71,67.2,283,50,35,8,1,6,6,21,20,38,73,4,1,0,203,2.66,1.24,.204,,9.94,10756,9.94
Nick Vincent,Mariners,69,64.2,262,62,45,14,0,3,4,23,23,18,50,0,0,0,194,3.20,1.16,.249,,9.92,7555,9.92
Aroldis Chapman,Yankees,52,50.1,210,37,25,9,0,3,7,20,18,22,69,3,5,0,151,3.22,1.13,.198,,9.87,10233,9.87
Jake McGee,Rockies,62,57.1,229,47,31,11,1,4,2,23,23,16,58,1,5,0,172,3.61,1.10,.222,,9.79,7550,9.79
Danny Barnes,Blue Jays,60,66,265,48,29,8,0,11,1,26,26,25,62,1,1,0,198,3.55,1.09,.200,,9.69,11388,9.69
Fernando Rodney,Diamondbacks,61,55.1,231,40,30,6,1,3,4,29,26,29,65,2,7,0,166,4.23,1.19,.197,,9.39,494,9.39
David Price,Red Sox,11,66.0,285,62,40,14,0,8,6,30,28,22,63,4,2,0,198,3.82,1.27,.239,3.92,5.44,3184,9.36
Tanner Roark,Nationals,30,175.1,750,171,116,29,4,22,19,100,89,58,162,6,3,1,526,4.57,1.33,.251,9.51,-.42,8753,9.09
Nick Goody,Indians,56,54.2,221,39,24,7,1,7,3,20,17,22,72,3,4,0,164,2.80,1.08,.197,,8.92,13685,8.92
Jon Gray,Rockies,20,110.1,461,113,81,17,5,10,9,47,45,30,112,2,3,1,331,3.67,1.30,.263,8.85,,14916,8.85
Zach McAllister,Indians,50,62,249,53,40,4,1,8,0,18,18,21,66,1,3,0,186,2.61,1.19,.233,,8.65,2895,8.65
Pedro Strop,Cubs,69,60.1,250,45,29,11,1,4,6,22,19,27,65,3,7,1,181,2.83,1.18,.204,,8.52,4070,8.52
Jacob Faria,Rays,14,81.2,340,69,45,13,1,10,7,33,31,31,79,5,6,0,243,3.42,1.22,.227,6.15,2.25,13699,8.40
Greg Holland,Rockies,61,57.1,235,40,25,7,1,7,5,24,23,27,70,1,7,0,172,3.61,1.15,.192,,8.26,7196,8.26
Arodys Vizcaino,Braves,62,57.1,235,42,27,5,3,7,5,19,18,22,64,2,6,0,172,2.83,1.10,.198,,8.16,5498,8.16
Garrett Richards,Angels,6,27.2,108,18,12,5,0,1,1,8,7,7,27,0,2,0,81,2.28,0.90,.178,8.15,,9784,8.15
Cody Allen,Indians,69,67.1,282,57,39,8,1,9,6,24,22,21,92,2,9,0,202,2.94,1.16,.220,,8.11,12183,8.11
Craig Stammen,Padres,60,80.1,329,68,46,10,0,12,8,29,28,31,74,2,2,0,241,3.14,1.20,.227,,8.07,7274,8.07
Lance McCullers,Astros,22,118.2,512,114,76,28,2,8,17,61,56,39,132,11,8,1,354,4.25,1.30,.247,8.07,,14120,8.07
Justin Wilson,- - -,65,58,248,40,23,10,2,5,4,23,22,36,80,1,4,0,174,3.41,1.29,.189,,7.96,4301,7.96
Gerrit Cole,Pirates,33,203.0,849,199,126,36,6,31,12,98,96,54,196,4,7,0,609,4.26,1.25,.252,7.89,,13125,7.89
CC Sabathia,Yankees,27,148.2,623,139,95,20,3,21,14,64,61,49,120,5,5,0,444,3.69,1.27,.245,7.77,,404,7.77
Jake Arrieta,Cubs,30,168.1,707,150,89,33,5,23,16,82,66,52,163,10,14,0,505,3.53,1.22,.234,7.67,,4153,7.67
Cory Gearrin,Giants,68,68,285,50,33,11,2,4,4,16,15,39,64,7,3,0,204,1.99,1.25,.206,,7.62,7947,7.62
Chase Whitley,Rays,41,57.1,238,48,29,15,0,4,5,29,26,18,43,3,2,0,172,4.08,1.12,.219,,7.51,10982,7.51
Michael Wacha,Cardinals,30,165.2,701,170,117,33,3,17,9,82,76,52,158,3,5,0,495,4.13,1.36,.264,7.49,,14078,7.49
Noah Syndergaard,Mets,7,30.1,124,29,23,5,1,0,4,14,10,2,34,1,3,0,91,2.97,1.05,.242,7.49,,11762,7.49
Luke Weaver,Cardinals,10,55.1,233,55,37,11,0,7,7,27,26,13,69,1,0,0,166,4.23,1.25,.252,6.38,1.10,16918,7.48
Brian Duensing,Cubs,68,62.1,257,58,42,9,1,6,5,19,19,19,61,2,2,0,187,2.74,1.22,.245,,7.45,4064,7.45
Tyler Olson,Indians,30,20,77,13,11,2,0,0,3,0,0,6,18,1,0,0,60,0.00,0.95,.186,,7.43,14741,7.43
Erasmo Ramirez,- - -,19,100.2,426,103,57,27,0,19,7,59,53,23,86,2,1,0,300,4.74,1.27,.258,-1.90,9.32,10314,7.42
Kirby Yates,- - -,62,56.2,231,44,25,7,0,12,5,28,25,21,88,2,0,1,170,3.97,1.11,.210,,7.36,9073,7.36
Dinelson Lamet,Padres,21,114.1,485,88,46,22,2,18,9,63,58,52,139,6,9,0,343,4.57,1.24,.207,7.33,,17186,7.33
Andrew Cashner,Rangers,28,166.2,704,156,115,25,1,15,12,75,63,64,86,9,10,1,498,3.40,1.32,.247,7.30,,8782,7.30
Kyle Barraclough,Marlins,66,66,286,53,42,6,0,5,5,25,22,41,76,2,6,1,198,3.00,1.38,.215,,7.12,13713,7.12
Blake Snell,Rays,24,129.1,547,113,70,26,2,15,7,65,58,58,119,0,8,0,388,4.04,1.33,.232,7.10,,13543,7.10
Matt Bowman,Cardinals,75,58.2,247,52,37,9,2,4,9,29,26,20,46,5,1,0,176,3.99,1.19,.232,,7.07,13528,7.07
Eduardo Rodriguez,Red Sox,24,136.1,579,126,71,33,3,19,14,66,64,49,148,5,1,1,409,4.22,1.29,.240,6.17,.90,13164,7.06
Alex Colome,Rays,65,66.2,281,57,40,12,1,4,4,27,24,30,58,3,4,0,200,3.24,1.20,.224,,7.00,6661,7.00
Randall Delgado,Diamondbacks,5,25.0,99,25,16,6,1,2,2,8,7,5,24,0,0,0,75,2.52,1.20,.266,2.84,4.15,5985,6.99
Sergio Romo,- - -,55,55.2,224,42,24,9,0,9,3,23,22,21,59,1,2,1,167,3.56,1.10,.206,,6.97,9817,6.97
Ross Stripling,Dodgers,2,5.0,19,2,2,0,0,0,0,0,0,2,5,0,0,0,15,0.00,0.80,.118,2.52,4.43,13273,6.95
Danny Salazar,Indians,19,97.1,415,89,57,18,0,14,5,50,48,43,138,3,5,0,292,4.44,1.36,.241,5.45,1.42,5867,6.88
Jon Lester,Cubs,32,180.2,763,179,116,34,3,26,18,101,87,57,180,4,3,0,540,4.33,1.32,.256,6.81,,4930,6.81
Brent Suter,Brewers,14,70.1,290,70,51,9,2,8,4,28,27,15,54,1,0,0,211,3.45,1.22,.256,7.26,-.51,13942,6.75
Gregory Infante,White Sox,52,54.2,227,45,30,10,1,4,3,20,19,24,49,3,1,0,164,3.13,1.19,.221,,6.75,9119,6.75
Al Alburquerque,- - -,21,18,71,10,8,2,0,0,2,5,5,8,14,0,0,0,54,2.50,1.00,.159,,6.65,6324,6.65
Wandy Peralta,Reds,69,64.2,263,53,33,12,0,8,7,28,27,25,57,1,4,0,194,3.76,1.19,.223,,6.65,14295,6.65
Alex Meyer,Angels,13,67.1,292,48,29,13,0,6,6,30,28,42,75,4,5,1,202,3.74,1.34,.195,6.63,,12833,6.63
John Brebbia,Cardinals,50,51.2,209,37,17,11,1,8,2,15,14,14,51,5,2,0,155,2.44,0.93,.192,,6.53,12777,6.53
Alan Busenitz,Twins,28,31.2,121,22,15,2,1,4,2,9,7,9,23,0,2,0,95,1.99,0.98,.196,,6.53,15239,6.53
Mike Leake,- - -,31,186.0,782,201,137,42,2,20,14,93,81,34,130,9,3,0,558,3.92,1.28,.273,6.50,,10130,6.50
Jose Alvarado,Rays,35,29.2,123,24,18,4,1,1,4,12,12,10,29,0,2,0,89,3.64,1.11,.211,,6.46,17780,6.46
Liam Hendriks,Athletics,70,64,273,57,37,12,1,7,8,34,30,23,78,0,6,0,192,4.22,1.25,.228,,6.44,3548,6.44
Lucas Giolito,White Sox,7,45.1,179,31,17,4,2,8,2,14,12,12,34,3,2,0,136,2.38,0.95,.189,6.44,,15474,6.44
Daniel Mengden,Athletics,7,43.0,169,36,24,6,0,6,1,16,15,9,29,0,2,0,129,3.14,1.05,.225,6.19,,16980,6.19
Jose Leclerc,Rangers,47,45.2,200,23,14,5,0,4,3,21,20,41,60,3,5,0,137,3.94,1.38,.146,,6.15,14524,6.15
Jacob Barnes,Brewers,73,72,304,57,35,14,0,8,11,35,32,37,80,3,6,0,216,4.00,1.25,.213,,6.14,12323,6.14
Austin Maddox,Red Sox,13,17.1,67,13,11,1,0,1,2,1,1,2,14,0,0,0,52,0.52,0.87,.200,,6.12,14241,6.12
Parker Bridwell,Angels,20,117.1,477,108,72,16,1,19,3,51,49,30,72,4,4,0,352,3.76,1.18,.244,6.39,-.27,11502,6.12
Jose A Ramirez,Braves,68,62,258,45,26,10,0,9,4,26,22,30,56,5,1,0,186,3.19,1.19,.201,,6.08,10171,6.08
Wei-Yin Chen,Marlins,5,27.0,112,23,16,3,1,3,1,13,13,9,20,1,1,0,81,4.33,1.19,.225,2.94,3.05,13071,5.99
Sam Tuivailala,Cardinals,37,42.1,171,35,24,7,0,4,4,12,12,14,34,2,2,0,127,2.55,1.09,.222,,5.94,13485,5.94
Carlos Ramirez,Blue Jays,12,16.2,58,6,1,2,0,3,0,5,5,3,14,1,0,0,50,2.70,0.54,.111,,5.93,11743,5.93
Hector Neris,Phillies,74,74.2,320,68,48,10,1,9,4,26,25,29,86,6,2,1,224,3.01,1.26,.236,,5.87,11804,5.87
Jake Odorizzi,Rays,28,143.1,604,117,64,21,2,30,11,80,66,60,127,2,1,0,430,4.14,1.24,.216,5.71,,6397,5.71
Matt Belisle,Twins,62,60.1,247,48,30,10,1,7,4,31,27,28,54,2,2,1,181,4.03,1.16,.215,,5.69,1837,5.69
Taijuan Walker,Diamondbacks,28,157.1,684,148,89,37,5,17,16,76,61,54,146,9,7,1,472,3.49,1.33,.241,5.66,,11836,5.66
Trevor Hildenberger,Twins,37,42,170,38,25,8,1,4,0,15,15,8,44,4,1,0,126,3.21,1.05,.238,,5.59,17002,5.59
Jerry Blevins,Mets,75,49,217,43,33,6,0,4,6,16,16,26,69,4,2,0,147,2.94,1.37,.228,,5.58,7841,5.58
Dan Otero,Indians,52,60,242,63,48,8,1,6,7,23,19,13,38,0,0,0,180,2.85,1.20,.270,,5.56,7385,5.56
Daniel Winkler,Braves,16,14.1,53,7,4,2,0,1,1,4,4,6,18,0,0,0,43,2.51,0.91,.149,,5.27,12237,5.27
David Phelps,- - -,54,55.2,238,51,38,7,1,5,3,23,21,29,62,1,0,0,167,3.40,1.38,.242,,5.09,6316,5.09
Edinson Volquez,Marlins,17,92.1,397,78,49,19,2,8,7,46,43,50,81,3,4,0,277,4.19,1.42,.229,5.08,,3990,5.08
Tony Zych,Mariners,45,40.2,173,30,22,6,0,2,1,12,12,24,35,5,1,1,122,2.66,1.25,.204,,5.07,12876,5.07
George Kontos,- - -,65,66.1,278,61,36,16,0,9,6,27,25,22,70,0,2,0,199,3.39,1.22,.236,,4.88,9486,4.88
Koji Uehara,Cubs,49,43,178,38,26,4,1,7,2,21,19,15,50,0,0,0,129,3.98,1.16,.229,,4.84,9227,4.84
Fernando Abad,Red Sox,48,43.2,182,40,27,9,0,4,4,18,16,15,37,1,0,1,131,3.30,1.24,.240,,4.79,4994,4.79
Zach Putnam,White Sox,7,8.2,28,2,1,1,0,0,0,1,1,1,9,0,2,0,26,1.04,0.35,.074,,4.77,9080,4.77
Miguel Castro,Orioles,1,3.1,17,6,4,1,0,1,0,3,3,1,3,0,1,0,10,8.10,2.10,.375,-2.09,6.81,15684,4.72
Jimmie Sherfy,Diamondbacks,11,10.2,37,5,2,3,0,0,1,0,0,2,9,0,0,0,32,0.00,0.66,.143,,4.72,15118,4.72
Paul Blackburn,Athletics,10,58.2,238,58,44,9,0,5,2,22,21,16,22,1,1,0,174,3.22,1.26,.262,4.35,,14739,4.35
A.J. Minter,Braves,16,15,60,13,9,2,1,1,0,5,5,2,26,0,0,0,45,3.00,1.00,.224,,4.24,18655,4.24
Drew Steckenrider,Marlins,37,34.2,151,30,21,5,0,4,6,13,9,19,54,0,1,0,104,2.34,1.38,.226,,4.20,18806,4.20
Noe Ramirez,- - -,12,13,49,6,3,1,0,2,1,5,4,5,14,0,0,0,39,2.77,0.85,.136,,4.18,12800,4.18
Hector Rondon,Cubs,61,57.1,237,50,30,9,1,10,8,30,27,20,69,1,3,0,172,4.24,1.22,.231,,4.12,2391,4.12
Paul Sewald,Mets,57,65.1,275,58,34,15,1,8,3,36,33,23,69,3,3,1,196,4.55,1.21,.231,,4.12,13892,4.12
Brett Cecil,Cardinals,73,67.1,277,67,42,18,0,7,2,31,29,19,66,0,3,0,202,3.88,1.23,.257,,4.05,2660,4.05
Danny Farquhar,- - -,52,49.1,215,39,30,6,0,3,5,23,23,32,45,4,4,0,148,4.20,1.36,.213,,4.05,8501,4.05
Victor Arano,Phillies,10,10.2,42,6,4,1,1,0,1,2,2,4,13,0,0,0,32,1.69,0.94,.158,,3.99,15915,3.99
Richard Bleier,Orioles,57,63.1,265,62,47,9,0,6,13,23,14,16,26,4,5,0,190,1.99,1.18,.250,,3.98,7803,3.98
Robby Scott,Red Sox,57,35.2,141,22,11,3,1,7,2,16,15,14,31,3,3,0,107,3.79,0.98,.176,,3.96,13042,3.96
Deck McGuire,Reds,2,8.0,36,8,5,2,0,1,1,6,4,2,7,0,0,0,24,4.50,1.25,.235,.57,3.27,11596,3.84
Kyle Crick,Giants,30,32.1,134,22,16,2,2,2,2,13,11,18,28,1,6,0,97,3.06,1.21,.190,,3.82,13182,3.82
Andrew Chafin,Diamondbacks,71,51.1,221,48,34,8,1,5,5,21,20,24,61,2,1,1,154,3.51,1.34,.242,,3.75,12988,3.75
Ben Heller,Yankees,9,11,43,5,4,0,1,0,1,1,1,6,9,0,1,0,33,0.82,1.00,.135,,3.70,15100,3.70
Doug Fister,Red Sox,15,84.0,362,80,52,17,2,9,4,50,44,32,79,3,1,1,252,4.71,1.36,.246,4.25,-.56,9425,3.69
Odrisamer Despaigne,Marlins,8,44.1,194,42,31,8,1,2,4,25,20,17,23,2,1,0,133,4.06,1.35,.241,3.73,-.07,16017,3.67
Brad Boxberger,Rays,30,29.1,121,23,15,3,1,4,2,11,11,14,40,1,1,0,88,3.38,1.16,.211,,3.64,10133,3.64
Kyle McGrath,Padres,17,19,75,14,10,2,0,2,0,6,6,7,16,0,1,0,57,2.84,1.05,.203,,3.61,16793,3.61
Dan Jennings,- - -,77,62.2,267,53,41,4,0,8,6,27,24,38,51,1,3,0,188,3.45,1.34,.226,,3.39,8073,3.39
Chase Bradford,Mets,28,33.2,143,30,20,7,0,3,4,17,14,14,27,0,1,0,101,3.74,1.28,.231,,3.27,12452,3.27
Luis Avilan,Dodgers,61,46,194,42,27,11,2,2,4,16,15,25,52,1,1,0,138,2.93,1.39,.246,,3.25,2882,3.25
Jose Urena,Marlins,28,154.1,659,134,82,25,3,24,13,73,68,57,105,14,4,1,463,3.97,1.26,.229,3.90,-.66,11589,3.24
Bud Norris,Angels,3,8.1,33,6,5,1,0,0,0,1,1,2,7,0,0,0,25,1.08,1.08,.200,2.95,.26,9492,3.21
Ryan Pressly,Twins,57,61.1,252,52,33,9,0,10,4,34,32,24,61,3,5,0,184,4.70,1.16,.226,,3.12,7005,3.12
Jason Motte,Braves,46,40.2,166,28,14,8,0,6,4,16,16,21,27,3,1,0,122,3.54,1.18,.196,,3.04,5861,3.04
Zach Davies,Brewers,33,191.1,817,204,141,36,7,20,24,90,83,52,124,9,2,0,574,3.90,1.35,.271,2.98,,13183,2.98
Aaron Wilkerson,Brewers,2,9.1,34,6,2,2,1,1,0,4,4,1,5,0,0,0,28,3.86,0.75,.182,2.08,.90,16904,2.97
Brock Stewart,Dodgers,4,13.2,67,14,10,2,0,2,1,13,8,11,10,0,0,0,39,5.27,1.90,.255,-2.19,5.15,16727,2.96
Antonio Senzatela,Rockies,20,111.0,472,115,70,23,4,18,7,64,62,38,79,4,1,2,333,5.03,1.39,.268,-5.66,8.61,15488,2.95
Taylor Rogers,Twins,69,55.2,237,52,38,8,0,6,2,20,19,26,49,3,1,0,167,3.07,1.31,.244,,2.83,13449,2.83
Wade LeBlanc,Pirates,50,68,283,64,37,16,1,10,2,35,34,18,54,1,2,0,204,4.50,1.19,.242,,2.80,5221,2.80
Hector Velazquez,Red Sox,3,14.1,60,17,10,3,0,4,2,8,8,4,11,0,0,0,43,5.02,1.47,.304,-2.34,5.13,19341,2.80
Koda Glover,Nationals,23,19.1,80,20,16,3,0,1,1,11,11,4,17,0,1,0,58,5.12,1.24,.263,,2.77,17695,2.77
Andrew Bailey,Angels,4,4,13,1,1,0,0,0,0,0,0,0,2,0,0,0,12,0.00,0.25,.077,,2.68,1368,2.68
Boone Logan,Indians,38,21,91,20,16,2,0,2,1,13,11,9,28,1,0,0,63,4.71,1.38,.247,,2.64,5525,2.64
Jarlin Garcia,Marlins,68,53.1,225,47,30,9,2,6,3,29,28,17,42,4,5,0,160,4.73,1.20,.230,,2.62,18282,2.62
Jake Diekman,Rangers,11,10.2,45,4,3,0,0,1,1,3,3,11,13,0,0,0,32,2.53,1.31,.114,,2.57,5003,2.57
Edward Paredes,Dodgers,10,8.1,31,8,7,0,0,1,1,3,3,0,11,0,0,0,25,3.24,0.96,.258,,2.43,4168,2.43
Chih-Wei Hu,Rays,6,10,40,5,2,1,0,2,2,4,3,4,9,0,0,0,30,2.70,0.90,.139,,2.43,16419,2.43
Brandon Woodruff,Brewers,8,43.0,184,43,31,7,0,5,2,23,23,13,32,3,0,0,129,4.81,1.33,.257,2.27,,16162,2.27
Joaquin Benoit,- - -,52,50.1,213,43,25,9,2,7,4,28,26,23,46,1,1,0,151,4.65,1.29,.226,,2.26,1437,2.26
Adam Morgan,Phillies,37,54.2,229,51,32,7,2,10,5,25,25,20,63,0,1,0,164,4.12,1.26,.242,,2.25,12580,2.25
Edubray Ramos,Phillies,59,57.2,256,57,43,7,3,4,5,29,27,31,75,0,5,1,173,4.21,1.47,.250,,2.23,16086,2.23
Jeurys Familia,Mets,26,24.2,111,21,17,3,0,1,4,14,12,18,25,1,1,0,74,4.38,1.46,.221,,2.13,5114,2.13
Chaz Roe,- - -,12,10.2,44,7,5,1,0,1,1,5,3,5,13,1,1,0,32,2.53,1.13,.184,,2.09,9866,2.09
Carson Fulmer,White Sox,5,18.2,82,14,11,0,0,3,1,9,9,11,16,1,0,2,54,4.34,1.34,.200,1.10,.92,18311,2.03
A.J. Ramos,- - -,61,58.2,258,49,34,6,2,7,5,27,26,35,72,2,7,0,176,3.99,1.41,.221,,1.99,8350,1.99
Hunter Strickland,Giants,68,61.1,268,59,45,6,4,4,4,20,18,33,58,2,3,1,184,2.64,1.43,.249,,1.98,7836,1.98
Kevin McCarthy,Royals,33,45,196,50,39,7,0,4,6,23,16,13,27,0,1,0,135,3.20,1.40,.273,,1.90,15240,1.90
Nate Karns,Royals,8,44.2,182,39,24,5,1,9,5,17,17,10,49,2,2,0,132,3.43,1.12,.231,3.25,-1.50,12638,1.75
Carson Smith,Red Sox,8,6.2,27,7,7,0,0,0,2,1,1,2,7,0,0,0,20,1.35,1.35,.280,,1.69,13172,1.69
Zach Britton,Orioles,38,37.1,161,39,33,5,0,1,5,12,12,19,29,0,4,0,112,2.89,1.53,.273,,1.68,3240,1.68
Matt Grace,Nationals,1,4.1,15,2,2,0,0,0,0,0,0,1,1,0,0,0,13,0.00,0.69,.143,2.05,-.42,11449,1.63
Ryan Sherriff,Cardinals,13,14.1,60,13,9,2,0,2,1,5,5,4,15,1,0,0,43,3.14,1.19,.236,,1.63,12249,1.63
Huston Street,Angels,4,4,15,2,1,1,0,0,0,0,0,1,3,0,0,0,12,0.00,0.75,.143,,1.62,8258,1.62
Shae Simmons,Mariners,9,7.2,30,4,2,1,0,1,2,6,6,4,8,0,1,0,23,7.04,1.04,.154,,1.61,14200,1.61
Jose Torres,Padres,62,68.1,284,63,35,14,1,13,7,34,32,16,63,4,2,3,205,4.21,1.16,.239,,1.59,14957,1.59
Daniel Descalso,Diamondbacks,2,2,6,0,0,0,0,0,0,0,0,0,0,0,0,0,6,0.00,0.00,.000,,1.50,8392,1.50
Albert Suarez,Giants,18,31.2,135,28,16,7,1,4,0,18,18,13,34,1,1,0,95,5.12,1.23,.228,,1.48,6175,1.48
Ryan Garton,- - -,20,22,90,18,10,4,0,4,1,12,12,6,16,0,2,0,66,4.91,1.09,.214,,1.46,14016,1.46
Blake Treinen,- - -,72,75.2,325,80,58,14,2,6,10,35,33,28,74,5,4,0,227,3.93,1.39,.271,,1.43,12572,1.43
Buddy Baumann,Padres,23,17.2,72,11,5,2,0,4,2,5,5,9,21,3,0,0,53,2.55,1.02,.177,,1.40,9309,1.40
Eduardo Paredes,Angels,18,22.1,92,21,14,5,0,2,1,11,11,7,17,3,0,0,67,4.43,1.21,.253,,1.38,16344,1.38
Chris Volstad,White Sox,2,11.0,46,9,4,2,0,3,0,9,9,5,5,0,0,0,33,7.36,1.27,.220,-.72,2.07,9901,1.35
Cam Bedrosian,Angels,48,44.2,190,41,26,8,2,5,5,26,22,18,53,0,7,0,134,4.43,1.30,.237,,1.33,13360,1.33
Aaron Bummer,White Sox,30,22,91,13,7,2,0,4,1,11,11,16,17,1,1,0,66,4.50,1.27,.173,,1.31,16258,1.31
Andrew Albers,Mariners,6,31.1,137,34,23,7,0,4,4,17,11,7,25,1,1,0,94,3.16,1.31,.264,.54,.72,7853,1.26
Shelby Miller,Diamondbacks,4,22.0,99,20,12,7,0,1,0,10,10,11,20,0,1,1,66,4.09,1.45,.230,1.15,,10197,1.15
Zach Duke,Cardinals,27,18.1,74,13,8,2,0,3,2,8,8,8,12,2,2,0,55,3.93,1.04,.197,,1.11,3840,1.11
Chris Stratton,Giants,10,51.1,222,49,34,9,1,5,4,18,17,25,44,1,2,0,154,2.98,1.44,.250,1.40,-.34,13761,1.06
Andrew Kittredge,Rays,15,15.1,66,13,8,3,0,2,3,4,3,7,14,0,1,0,46,1.76,1.24,.217,,1.05,12828,1.05
Silvino Bracho,Diamondbacks,21,20.2,87,18,11,2,0,5,3,14,13,7,25,0,1,0,62,5.66,1.21,.225,,1.05,15051,1.05
James Pazos,Mariners,59,53.2,240,51,36,8,0,7,7,30,23,24,65,5,4,1,161,3.86,1.40,.242,,1.03,13323,1.03
Akeel Morris,Braves,8,7.1,32,6,3,3,0,0,0,1,1,4,9,0,0,0,22,1.23,1.36,.214,,1.03,12185,1.03
Nate Jones,White Sox,11,11.2,49,9,6,2,0,1,0,3,3,7,15,1,1,0,35,2.31,1.29,.214,,.99,4696,.99
Chris Hatcher,- - -,49,59.2,257,58,37,11,0,10,5,29,28,23,63,0,2,1,179,4.22,1.32,.246,,.95,3299,.95
Domingo German,Yankees,7,14.1,62,11,7,3,0,1,2,6,5,9,18,0,3,0,43,3.14,1.40,.208,,.95,17149,.95
Jamie Callahan,Mets,9,6.2,30,7,5,1,1,0,1,4,3,1,5,0,0,0,20,4.05,1.20,.241,,.93,14711,.93
Eddie Butler,Cubs,11,51.1,223,47,30,13,1,3,3,22,22,25,29,2,2,0,154,3.86,1.44,.242,1.39,-.49,13453,.90
James Hoyt,Astros,43,49.1,211,51,33,10,1,7,4,24,24,14,66,2,4,0,148,4.38,1.32,.262,,.89,14605,.89
Tyler Mahle,Reds,4,20.0,92,19,15,4,0,0,2,6,6,10,14,4,1,0,60,2.70,1.50,.247,.89,,16358,.89
Austin Brice,Reds,22,32.2,137,33,23,4,0,6,3,18,18,7,26,3,0,0,98,4.96,1.22,.260,,.88,17237,.88
Carter Capps,Padres,11,12.1,49,12,9,1,0,2,0,9,9,2,7,0,1,0,37,6.57,1.14,.255,,.88,12803,.88
Thyago Vieira,Mariners,1,1,3,0,0,0,0,0,0,0,0,0,1,0,0,0,3,0.00,0.00,.000,,.82,14510,.82
Adam Liberatore,Dodgers,4,3.1,15,3,3,0,0,0,0,1,1,2,5,0,0,0,10,2.70,1.50,.231,,.80,10637,.80
Daniel Slania,Giants,1,1,3,0,0,0,0,0,0,0,0,0,0,0,0,0,3,0.00,0.00,.000,,.75,15639,.75
Reyes Moronta,Giants,7,6.2,29,6,5,0,0,1,0,2,2,4,11,0,0,0,20,2.70,1.35,.231,,.73,14966,.73
Simon Castro,Athletics,26,37,153,32,17,8,0,7,4,20,18,14,35,2,1,0,111,4.38,1.24,.234,,.70,9243,.70
Erick Aybar,Padres,2,1.1,4,0,0,0,0,0,0,0,0,1,0,0,0,0,4,0.00,0.75,.000,,.67,4082,.67
J.D. Davis,Astros,2,1.2,7,1,1,0,0,0,0,0,0,1,3,0,0,0,5,0.00,1.20,.167,,.67,16219,.67
Taylor Williams,Brewers,5,4.2,20,4,2,2,0,0,1,1,1,2,4,0,0,0,14,1.93,1.29,.222,,.66,14899,.66
Jackson Stephens,Reds,4,18.2,78,17,9,2,0,6,1,13,13,7,18,0,1,0,54,6.27,1.29,.239,-2.06,2.71,14420,.65
Jose Alvarez,Angels,64,48.2,203,50,34,8,1,7,1,23,21,17,45,0,1,0,146,3.88,1.27,.262,,.65,5358,.65
Daniel Coulombe,Athletics,72,51.2,219,46,28,12,2,4,5,22,20,23,39,4,5,0,155,3.48,1.32,.238,,.64,13293,.64
Trevor Bauer,Indians,31,175.2,746,180,112,40,3,25,13,84,82,60,195,5,3,1,525,4.20,1.37,.264,.85,-.23,12703,.62
Aaron Slegers,Twins,3,14.2,58,10,7,0,0,3,0,10,9,5,9,0,0,0,42,5.52,1.02,.189,2.02,-1.43,15231,.59
Pedro Beato,Phillies,1,0.2,2,0,0,0,0,0,0,0,0,0,1,0,0,0,2,0.00,0.00,.000,,.57,1330,.57
Jared Hughes,Brewers,67,59.2,244,49,24,19,2,4,5,21,20,29,48,6,6,0,179,3.02,1.22,.229,,.54,9325,.54
Daniel Wright,Angels,2,9.1,38,9,8,1,0,0,2,4,2,3,7,1,0,0,28,1.93,1.29,.265,1.76,-1.23,15179,.53
Ryan Weber,Mariners,1,3.2,14,3,2,1,0,0,0,1,1,0,0,0,0,0,9,2.45,0.82,.214,.51,,10160,.51
Jose Ruiz,Padres,1,1,4,0,0,0,0,0,0,0,0,1,1,0,0,0,3,0.00,1.00,.000,,.49,14552,.49
Tyler Danish,White Sox,1,5.0,23,3,2,1,0,0,0,0,0,6,6,0,0,0,15,0.00,1.80,.176,.47,,15126,.47
Ryan Merritt,Indians,4,19.2,85,25,21,4,0,0,2,6,4,4,7,0,0,0,57,1.83,1.47,.309,.50,-.05,13688,.45
Tyler Duffey,Twins,56,71,310,79,60,10,0,9,9,41,39,23,67,1,4,0,213,4.94,1.37,.271,,.43,13758,.43
David Goforth,Brewers,1,1,4,0,0,0,0,0,0,0,0,1,0,0,0,0,3,0.00,1.00,.000,,.42,12166,.42
Phil Maton,Padres,46,43,180,41,26,4,1,10,3,23,20,14,46,1,0,0,129,4.19,1.28,.248,,.41,18064,.41
Brandon Finnegan,Reds,4,13.0,59,9,6,2,0,1,0,6,6,13,16,0,1,0,39,4.15,1.69,.196,.41,,16208,.41
Juan Minaya,White Sox,40,43.2,184,38,23,7,1,7,0,22,22,20,51,4,2,1,131,4.53,1.33,.238,,.38,10341,.38
Sammy Solis,Nationals,30,26,112,22,13,5,0,4,0,17,17,13,28,0,3,0,78,5.88,1.35,.222,,.36,11457,.36
A.J. Schugel,Pirates,32,32,136,31,22,5,1,3,0,8,7,16,27,0,2,0,96,1.97,1.41,.254,,.34,11432,.34
Pedro Baez,Dodgers,66,64,280,56,30,13,4,9,4,24,21,31,64,2,1,1,192,2.95,1.33,.225,,.32,5420,.32
Mike Dunn,Rockies,68,50.1,220,43,26,8,1,8,1,25,25,28,57,0,4,0,151,4.47,1.41,.224,,.32,9948,.32
Deolis Guerra,Angels,19,25,105,20,9,7,0,4,2,13,13,12,22,0,2,0,75,4.68,1.28,.215,,.31,8410,.31
Enny Romero,Nationals,53,55.2,245,55,37,10,1,7,5,26,22,25,65,3,2,2,167,3.56,1.40,.251,,.28,4001,.28
Jon Jay,Cubs,1,1,4,1,1,0,0,0,0,0,0,0,0,0,0,0,3,0.00,1.00,.250,,.28,5227,.28
Luis Sardinas,Padres,1,1,4,1,1,0,0,0,0,0,0,0,0,0,0,0,3,0.00,1.00,.250,,.28,13153,.28
Hunter Wood,Rays,1,0.1,1,0,0,0,0,0,0,0,0,0,0,0,0,0,1,0.00,0.00,.000,,.25,15091,.25
Andrew Triggs,Athletics,12,65.1,283,68,50,8,1,9,10,42,31,19,50,4,5,0,196,4.27,1.33,.262,.21,,13533,.21
Zac Rosscup,- - -,10,7.2,32,9,6,1,0,2,2,4,4,0,10,0,0,0,23,4.70,1.17,.281,,.19,9419,.19
Jean Machi,Mariners,5,7.2,31,7,5,1,0,1,0,2,1,4,4,0,0,0,23,1.17,1.43,.259,,.17,3220,.17
Gabriel Moya,Twins,7,6.1,26,5,3,0,0,2,1,3,3,2,5,0,0,1,19,4.26,1.11,.208,,.16,16348,.16
Chasen Shreve,Yankees,44,45.1,198,35,16,11,0,8,4,20,19,28,58,0,4,0,136,3.77,1.32,.202,,.15,10855,.15
Giovanny Gallegos,Yankees,16,20.1,88,21,13,5,0,3,2,12,11,6,22,0,1,1,61,4.87,1.28,.253,,.15,14986,.15
Grant Dayton,Dodgers,29,23.2,102,19,10,4,0,5,2,13,13,13,20,0,0,0,71,4.94,1.31,.211,,.15,11203,.15
Ryan Dull,Athletics,49,42,177,37,24,6,0,7,3,30,24,17,45,3,6,0,126,5.14,1.26,.234,,.13,13974,.13
Brandon Workman,Red Sox,33,39.2,162,37,20,8,2,7,5,17,14,13,37,1,1,0,119,3.18,1.21,.247,,.12,11428,.12
Robert Whalen,Mariners,1,5.1,25,7,6,0,0,1,0,5,5,2,0,2,0,0,16,8.44,1.69,.333,-1.54,1.65,14165,.11
Javy Guerra,Marlins,16,21,88,23,17,4,0,2,1,8,7,8,12,0,0,0,63,3.00,1.43,.284,,.06,7407,.06
Michael Lorenzen,Reds,70,83,361,78,56,12,1,9,9,43,41,39,80,4,12,1,249,4.45,1.35,.241,,.05,14843,.05
Justin Grimm,Cubs,50,55.1,232,47,30,5,0,12,1,34,34,27,59,1,4,1,166,5.53,1.34,.230,,.00,11720,.00
Roenis Elias,Red Sox,1,0.1,2,0,0,0,0,0,0,0,0,1,1,0,0,0,1,0.00,3.00,.000,,-.01,12673,-.01
Hernan Perez,Brewers,1,1,5,1,1,0,0,0,0,0,0,1,0,0,0,0,3,0.00,2.00,.250,,-.05,5751,-.05
Michael Martinez,Indians,1,1,4,1,0,1,0,0,0,0,0,0,0,0,0,0,3,0.00,1.00,.250,,-.05,7358,-.05
Collin McHugh,Astros,12,63.1,271,62,34,21,0,7,5,27,25,20,62,5,4,0,190,3.55,1.29,.252,-.06,,7531,-.06
Dovydas Neverauskas,Pirates,24,25.1,105,24,16,3,1,4,0,11,11,8,17,1,2,0,76,3.91,1.26,.250,,-.06,11604,-.06
Hansel Robles,Mets,46,56.2,247,47,29,6,2,10,3,31,31,31,60,5,2,0,170,4.92,1.34,.221,,-.06,11801,-.06
Ashur Tolliver,Astros,3,5,22,4,3,1,0,0,1,2,2,4,5,1,1,0,15,3.60,1.60,.235,,-.07,10044,-.07
Zac Curtis,- - -,6,8.1,36,6,3,2,0,1,1,4,1,3,6,2,2,0,25,1.08,1.08,.194,,-.10,16684,-.10
Kevin Shackelford,Reds,26,30.2,135,30,22,2,0,6,2,16,16,13,38,3,1,0,92,4.70,1.40,.252,,-.11,11012,-.11
Mitch Moreland,Red Sox,1,1,5,2,2,0,0,0,0,0,0,0,1,0,0,0,3,0.00,2.00,.400,,-.12,3086,-.12
Ernesto Frieri,Rangers,6,7,31,6,5,1,0,0,0,4,4,8,5,0,0,0,21,5.14,1.71,.240,,-.17,5178,-.17
Steven Okert,Giants,44,27,118,24,13,7,1,3,2,18,17,13,22,3,0,0,81,5.67,1.30,.231,,-.22,13580,-.22
Hunter Cervenka,Marlins,5,4.2,24,1,1,0,0,0,0,8,8,8,6,2,1,0,14,15.43,1.93,.071,,-.23,10510,-.23
Luiz Gohara,Braves,5,29.1,123,32,16,13,1,2,4,17,16,8,31,0,1,0,88,4.91,1.36,.278,-.25,,15166,-.25
Jack Leathersich,- - -,7,5,25,4,2,2,0,0,0,2,2,6,7,0,0,0,15,3.60,2.00,.211,,-.26,12562,-.26
Dan Straily,Marlins,33,181.2,769,176,99,41,5,31,5,90,86,56,170,5,2,0,543,4.26,1.30,.250,-.27,,9460,-.27
Jimmy Yacabonis,Orioles,14,20.2,90,18,14,1,1,2,3,10,10,15,8,0,1,0,62,4.35,1.55,.237,,-.27,15157,-.27
Luis Santos,Blue Jays,10,16.2,68,15,6,5,0,4,3,5,5,4,16,0,1,0,50,2.70,1.14,.234,,-.27,15006,-.27
Daniel Stumpf,Tigers,55,37.2,160,37,27,3,2,5,1,16,16,16,33,2,2,1,113,3.82,1.38,.259,,-.29,13780,-.29
Miguel Montero,Cubs,1,1,5,0,0,0,0,0,0,0,0,2,0,0,1,0,3,0.00,2.00,.000,,-.31,3364,-.31
Shawn Armstrong,Indians,21,24.2,108,23,15,3,0,5,3,12,12,10,20,1,1,0,74,4.38,1.34,.237,,-.32,12857,-.32
Masahiro Tanaka,Yankees,30,178.1,752,180,103,42,0,35,16,100,94,40,194,7,7,0,535,4.74,1.24,.256,-.33,,15764,-.33
Jorge de la Rosa,Diamondbacks,65,51.1,219,46,30,9,0,7,3,24,24,25,45,3,5,0,154,4.21,1.31,.236,,-.34,2047,-.34
Damien Magnifico,Angels,1,0.1,3,0,0,0,0,0,0,0,0,2,1,0,0,0,1,0.00,6.00,.000,,-.34,13395,-.34
Pierce Johnson,Cubs,1,1,7,2,2,0,0,0,0,2,0,1,2,0,0,0,3,0.00,3.00,.333,,-.37,13435,-.37
Andrew Romine,Tigers,2,1,6,1,1,0,0,0,0,0,0,1,0,1,0,0,3,0.00,2.00,.250,,-.38,1159,-.38
Jen-Ho Tseng,Cubs,1,3.0,17,5,2,1,0,2,1,5,5,1,6,1,0,0,9,15.00,2.00,.333,-2.45,2.07,15524,-.38
Tyler Cloyd,Mariners,1,1,4,2,1,1,0,0,0,0,0,0,1,0,0,0,3,0.00,2.00,.500,,-.45,8536,-.45
Ronald Herrera,Yankees,2,3,14,3,2,0,0,1,1,2,2,1,3,1,0,0,9,6.00,1.33,.250,,-.47,15688,-.47
T.J. House,Blue Jays,2,2,10,3,2,1,0,0,0,1,1,1,1,0,0,0,6,4.50,2.00,.333,,-.50,9121,-.50
Tyler Clippard,- - -,67,60.1,264,47,24,12,1,10,7,33,32,32,72,2,11,0,181,4.77,1.29,.203,,-.50,5640,-.50
Tanner Scott,Orioles,2,1.2,9,2,1,1,0,0,0,2,2,2,2,0,0,0,5,10.80,2.40,.286,,-.53,17586,-.53
Chad Qualls,Rockies,19,16.2,72,17,10,3,1,3,2,11,10,5,11,0,0,0,50,5.40,1.32,.254,,-.54,2170,-.54
Hoby Milner,Phillies,37,31.1,139,30,21,7,0,2,3,7,7,19,22,4,0,0,94,2.01,1.47,.252,,-.56,13346,-.56
J.C. Ramirez,Angels,24,142.1,596,142,97,24,1,20,7,69,65,47,102,6,5,0,427,4.11,1.33,.262,1.38,-1.99,8302,-.61
Aaron Loup,Blue Jays,70,57.2,265,59,45,10,0,4,9,27,24,34,64,6,3,0,173,3.75,1.53,.257,,-.63,10343,-.63
Leonel Campos,Blue Jays,13,13.2,60,11,4,5,0,2,1,6,4,8,15,1,1,0,41,2.63,1.39,.216,,-.63,12277,-.63
Diego Moreno,Rays,5,5.2,26,6,3,2,0,1,1,4,3,2,6,1,0,0,17,4.76,1.41,.261,,-.65,6238,-.65
Rob Brantly,White Sox,1,1,4,1,0,0,0,1,0,1,1,0,0,0,0,0,3,9.00,1.00,.250,,-.65,10655,-.65
Michael Freeman,Mariners,1,1,6,3,3,0,0,0,0,1,1,0,0,0,0,0,3,9.00,3.00,.500,,-.66,11241,-.66
Jake Esch,Padres,1,0,2,0,0,0,0,0,0,0,0,2,0,0,0,0,0,0.00,2.00,.000,,-.66,12756,-.66
Julio Urias,Dodgers,5,23.1,102,23,16,5,1,1,2,15,14,13,11,1,1,1,70,5.40,1.59,.264,-.67,,14765,-.67
Seth Lugo,Mets,18,98.1,424,112,76,22,2,12,10,56,52,23,82,2,2,1,295,4.76,1.38,.281,-.96,.27,12447,-.69
Kyle Martin,Red Sox,2,2.1,11,2,1,0,0,1,0,1,1,2,1,0,0,0,7,3.86,1.71,.222,,-.71,14860,-.71
Nori Aoki,Astros,1,1,6,1,0,1,0,0,0,3,3,2,0,0,0,0,3,27.00,3.00,.250,,-.71,13075,-.71
Brian Flynn,Royals,1,2.1,8,3,1,0,2,0,0,1,1,0,0,0,0,0,7,3.86,1.29,.375,,-.76,12027,-.76
Carlos Rodon,White Sox,12,69.1,297,64,38,14,0,12,5,35,32,31,76,3,4,0,208,4.15,1.37,.243,-.79,,16137,-.79
Bobby Wahl,Athletics,7,7.2,36,8,5,3,0,0,1,4,4,4,8,1,2,0,23,4.70,1.57,.258,,-.79,14832,-.79
Oliver Perez,Nationals,50,33,143,32,20,5,3,4,2,17,17,14,39,4,1,1,99,4.64,1.33,.252,,-.82,1514,-.82
Jaime Garcia,- - -,27,157.0,673,157,94,43,2,18,19,86,77,59,129,1,8,3,471,4.41,1.41,.258,-.83,,8137,-.83
Tyler Pill,Mets,3,16.1,75,19,11,5,1,2,2,12,9,4,14,1,0,0,49,4.96,1.53,.279,-1.24,.41,12751,-.83
Santiago Casilla,Athletics,63,59,259,58,38,11,1,8,6,29,28,23,57,6,3,0,177,4.27,1.36,.251,,-.83,2873,-.83
Jason Vargas,Royals,32,179.2,756,181,117,33,4,27,16,84,83,56,134,5,6,1,537,4.16,1.33,.261,-.85,,8044,-.85
Marc Rzepczynski,Mariners,64,31.1,137,29,23,4,0,2,6,16,14,25,25,1,3,0,94,4.02,1.56,.250,,-.86,6612,-.86
Donnie Hart,Orioles,51,43.2,190,48,35,8,0,5,4,19,18,13,29,4,1,1,131,3.71,1.40,.277,,-.88,15306,-.88
Tony Cingrani,- - -,47,42.2,176,40,21,9,0,10,4,22,20,12,52,1,4,0,128,4.22,1.22,.245,,-.88,12555,-.88
Edgar Santana,Pirates,19,18,81,16,8,6,0,2,2,8,7,13,20,1,0,0,54,3.50,1.56,.235,,-.89,17355,-.89
Fabio Castillo,Dodgers,2,1.1,8,3,3,0,0,0,1,2,2,1,2,0,1,0,4,13.50,3.00,.429,,-.92,2826,-.92
Jonathan Holder,Yankees,37,39.1,171,45,31,8,1,5,6,17,17,9,40,3,2,0,118,3.89,1.35,.281,,-.93,16588,-.93
Josh Ravin,Dodgers,14,16.2,71,12,4,1,3,4,2,12,12,10,19,1,0,0,50,6.48,1.26,.197,,-.95,2951,-.95
Jandel Gustave,Astros,6,5,25,5,4,1,0,0,2,4,3,7,2,0,0,0,15,5.40,2.40,.278,,-.96,14665,-.96
Tanner Scheppers,Rangers,5,4,21,5,3,2,0,0,0,3,3,3,5,1,0,0,12,6.75,2.00,.294,,-.97,10267,-.97
Austin Adams,Nationals,6,5,29,4,3,1,0,0,1,4,2,8,10,1,1,0,15,3.60,2.40,.200,,-1.03,13801,-1.03
Jorge Lopez,Brewers,1,2,10,4,3,1,0,0,0,1,1,1,0,0,0,0,6,4.50,2.50,.444,,-1.04,14527,-1.04
Arcenio Leon,Tigers,6,6.2,31,7,5,2,0,0,1,9,9,7,2,0,0,0,20,12.15,1.95,.280,,-1.05,8846,-1.05
Dillon Maples,Cubs,6,5.1,27,6,4,2,0,0,0,6,6,6,11,0,1,0,16,10.13,2.25,.286,,-1.05,14672,-1.05
Seth Frankoff,Cubs,1,2,9,4,3,0,0,1,1,2,2,0,2,0,0,0,6,9.00,2.00,.444,,-1.10,11346,-1.10
Jason Gurka,Angels,3,0.2,5,2,1,1,0,0,0,0,0,1,0,0,0,0,2,0.00,4.50,.500,,-1.10,8007,-1.10
Kevin McGowan,Mets,8,8.2,40,8,4,2,0,2,1,5,5,6,8,0,0,0,26,5.19,1.62,.235,,-1.11,15215,-1.11
Tyler White,Astros,1,1,5,2,1,0,0,1,0,2,2,0,0,0,0,0,3,18.00,2.00,.400,,-1.12,15564,-1.12
Jesse Hahn,Athletics,13,63.2,290,71,52,12,3,4,11,44,39,26,52,3,2,0,189,5.51,1.52,.272,-1.30,.17,13287,-1.13
Justin Marks,Rays,1,1.1,7,2,1,0,0,1,0,1,1,1,1,0,0,0,4,6.75,2.25,.333,,-1.13,10265,-1.13
Chris Gimenez,Twins,6,5,22,7,4,2,0,1,0,4,4,0,0,0,0,0,15,7.20,1.40,.318,,-1.13,7324,-1.13
Kyle Crockett,Indians,4,1.2,11,4,4,0,0,0,0,2,2,1,2,1,0,0,5,10.80,3.00,.444,,-1.14,15033,-1.14
Andres Blanco,Phillies,1,0.1,2,1,0,0,0,1,0,1,1,0,0,0,0,0,1,27.00,3.00,.500,,-1.15,1907,-1.15
Ariel Hernandez,Reds,19,24.1,108,14,5,3,0,6,0,14,14,23,29,0,2,0,73,5.18,1.48,.163,,-1.16,15603,-1.16
Jake Junis,Royals,16,93.0,395,95,62,17,2,14,9,48,43,20,73,8,3,1,279,4.16,1.24,.259,.71,-1.88,13619,-1.17
Shane Carle,Rockies,3,4,19,6,4,1,0,1,0,3,3,0,4,0,1,0,12,6.75,1.50,.316,,-1.18,15258,-1.18
Gabriel Ynoa,Orioles,4,20.0,84,22,14,6,0,2,3,11,10,5,13,1,0,0,60,4.50,1.35,.282,-.02,-1.19,12938,-1.20
Rubby de la Rosa,Diamondbacks,9,7.2,34,7,3,1,1,2,0,4,4,5,12,0,0,1,23,4.70,1.43,.233,,-1.20,3862,-1.20
John Curtiss,Twins,9,8.2,38,9,5,2,0,2,0,8,8,2,10,1,2,0,26,8.31,1.27,.257,,-1.30,16128,-1.30
Sandy Alcantara,Cardinals,8,8.1,39,9,6,1,0,2,1,6,4,6,10,0,0,0,25,4.32,1.80,.273,,-1.36,18684,-1.36
Taylor Jungmann,Brewers,1,0.2,6,2,1,1,0,0,0,1,1,1,1,1,0,0,2,13.50,4.50,.500,,-1.36,13119,-1.36
Troy Scribner,Angels,4,16.2,70,11,3,2,0,6,1,11,8,7,15,2,0,0,48,4.32,1.08,.180,-1.22,-.15,15570,-1.37
Joe Biagini,Blue Jays,18,88.0,391,100,66,18,4,12,9,63,56,30,70,0,3,0,264,5.73,1.48,.277,-5.69,4.32,13194,-1.37
Daniel Hudson,Pirates,71,61.2,271,57,36,12,2,7,5,34,30,34,66,5,4,0,185,4.38,1.46,.245,,-1.42,7146,-1.42
Luke Farrell,Royals,1,2.2,18,7,5,1,0,1,1,5,5,3,2,0,0,0,6,16.88,3.75,.467,-3.83,2.34,15101,-1.49
Jason Hursh,Braves,9,10.2,47,13,10,2,0,1,1,6,6,5,7,1,1,0,32,5.06,1.59,.310,,-1.50,14914,-1.50
Jack Flaherty,Cardinals,5,20.1,91,23,16,2,1,4,1,15,15,9,20,1,0,0,61,6.64,1.62,.288,-2.27,.75,17479,-1.52
Chris O'Grady,Marlins,6,26.1,117,26,14,6,2,4,2,16,16,14,26,1,0,1,79,5.47,1.56,.257,-2.34,.81,13818,-1.53
Matt Bush,Rangers,57,52.1,240,57,40,8,2,7,6,30,22,19,58,4,2,0,157,3.78,1.45,.263,,-1.55,1246,-1.55
Bryan Morris,Giants,20,21,94,24,19,3,1,1,0,16,15,13,15,0,1,0,63,6.43,1.67,.289,,-1.59,10234,-1.59
Keynan Middleton,Angels,64,58.1,246,60,36,12,1,11,6,25,25,20,63,0,2,0,175,3.86,1.34,.263,,-1.59,15264,-1.59
Mark Melancon,Giants,32,30,130,37,25,8,1,3,4,16,15,6,29,1,2,0,90,4.50,1.43,.301,,-1.59,4264,-1.59
Matthew Koch,Diamondbacks,1,0,3,2,1,1,0,0,0,3,3,1,0,0,0,0,0,27.00,3.00,1.000,,-1.60,13420,-1.60
Rex Brothers,Braves,27,23.2,105,23,14,5,1,3,1,19,19,15,33,1,2,0,71,7.23,1.48,.250,,-1.65,9794,-1.65
Jesus Sucre,Rays,1,1,7,2,0,2,0,0,0,3,3,2,0,0,0,1,3,27.00,4.00,.400,,-1.66,5942,-1.66
Michael Pineda,Yankees,17,96.1,410,103,69,14,0,20,11,55,47,21,92,2,5,1,289,4.39,1.29,.266,-1.66,,5372,-1.66
Joshua Lucas,Cardinals,5,7.1,32,7,4,0,1,2,1,3,3,4,7,1,1,0,22,3.68,1.50,.259,,-1.67,11686,-1.67
Jim Johnson,Braves,61,56.2,256,59,42,9,0,8,4,39,35,28,61,1,3,0,170,5.56,1.48,.257,,-1.68,3656,-1.68
Anthony Banda,Diamondbacks,4,19.2,90,23,10,9,3,1,1,16,16,7,19,3,2,0,57,7.32,1.58,.291,-4.75,3.06,14706,-1.69
Yohander Mendez,Rangers,7,12.1,52,13,6,4,0,3,1,9,7,3,7,1,0,0,37,5.11,1.30,.271,,-1.71,14391,-1.71
Dillon Peters,Marlins,6,31.1,139,32,24,5,0,3,1,18,18,18,27,2,3,0,94,5.17,1.63,.271,-1.73,,18790,-1.73
Reynaldo Lopez,White Sox,8,47.2,207,49,33,6,3,7,2,29,25,14,30,1,3,0,141,4.72,1.32,.255,-1.74,,16400,-1.74
William Cuevas,Tigers,1,0.1,5,3,2,1,0,0,0,4,4,0,1,1,0,0,1,108.00,9.00,.750,,-1.75,13331,-1.75
Tyler Webb,- - -,9,8,36,9,6,1,0,2,1,5,5,6,8,0,0,0,24,5.63,1.75,.290,,-1.75,14974,-1.75
Roberto Gomez,Giants,4,5.1,26,9,6,0,3,0,0,5,5,1,6,0,0,0,16,8.44,1.88,.360,,-1.77,12963,-1.77
Cody Martin,Mariners,1,2,13,5,4,1,0,0,1,4,3,2,0,0,0,0,6,13.50,3.50,.455,,-1.78,12182,-1.78
Leonys Martin,Cubs,1,0.2,5,3,2,0,0,1,1,2,2,0,0,0,0,0,2,27.00,4.50,.600,,-1.78,11846,-1.78
Scooter Gennett,Reds,1,1,7,2,1,0,0,1,0,2,2,1,0,1,0,0,3,18.00,3.00,.400,,-1.78,10339,-1.78
Yacksel Rios,Phillies,13,16.1,73,15,8,2,1,4,0,8,8,10,17,0,0,0,49,4.41,1.47,.234,,-1.79,15007,-1.79
Josh Lindblom,Pirates,4,10.1,51,18,15,3,0,0,2,9,9,3,10,0,0,0,31,7.84,2.03,.375,,-1.83,7882,-1.83
Andrew Moore,Mariners,9,51.1,211,53,28,12,0,13,1,31,30,6,23,1,0,0,154,5.26,1.15,.260,-3.03,1.19,17553,-1.84
Keury Mella,Reds,2,4,19,5,2,2,0,1,0,3,3,3,1,0,0,0,12,6.75,1.75,.294,,-1.86,15964,-1.86
Kyle Lloyd,Padres,1,4.0,20,6,3,2,0,1,1,4,4,2,2,0,0,0,12,9.00,2.00,.333,-1.86,,15378,-1.86
John Barbato,Pirates,24,28.2,130,25,13,8,0,4,1,13,13,18,23,2,1,0,86,4.08,1.50,.227,,-1.86,11440,-1.86
Ty Blach,Giants,24,149.2,633,168,111,34,6,17,11,84,80,33,70,0,3,0,447,4.81,1.36,.281,-3.79,1.92,14361,-1.87
Logan Verrett,Orioles,4,10.2,47,11,6,2,0,3,1,6,5,4,9,2,0,0,32,4.22,1.31,.262,,-1.88,12905,-1.88
Tony Watson,- - -,71,66.2,291,72,52,11,0,9,10,26,25,27,53,5,0,0,200,3.38,1.38,.271,,-1.88,3132,-1.88
Drew Anderson,Phillies,2,2.1,14,6,4,2,0,0,0,7,6,1,2,0,0,0,7,23.14,3.00,.462,,-1.91,15130,-1.91
Hisashi Iwakuma,Mariners,6,31.0,128,27,13,7,0,7,2,16,15,12,16,2,1,0,93,4.35,1.26,.237,-1.98,,13048,-1.98
Preston Claiborne,Rangers,1,2,10,5,1,4,0,0,0,3,3,0,2,0,0,0,6,13.50,2.50,.500,,-2.02,10500,-2.02
Jairo Labourt,Tigers,6,6,28,4,3,1,0,0,0,3,3,8,4,0,5,0,18,4.50,1.83,.190,,-2.03,14996,-2.03
Carlos Ruiz,Mariners,1,1,7,2,0,1,0,1,0,1,1,2,1,0,0,0,3,9.00,4.00,.400,,-2.04,2579,-2.04
Matt Shoemaker,Angels,14,77.2,326,73,43,13,2,15,5,41,39,28,69,4,2,1,231,4.52,1.30,.248,-2.04,,4776,-2.04
Cody Reed,Reds,1,2.0,15,4,1,1,0,2,0,7,7,4,3,0,2,0,6,31.50,4.50,.400,-4.46,2.35,15232,-2.11
Wei-Chung Wang,Brewers,8,1.1,9,5,4,0,0,1,0,2,2,0,2,0,0,0,4,13.50,3.75,.556,,-2.13,14382,-2.13
Miguel Almonte,Royals,2,2,12,5,3,2,0,0,0,3,3,2,0,0,0,0,6,13.50,3.50,.500,,-2.17,14139,-2.17
John Gant,Cardinals,2,8.0,37,10,7,1,1,1,2,5,5,4,3,1,0,0,24,5.63,1.88,.323,-1.81,-.41,13684,-2.22
Alex Wimmers,Twins,6,7.1,38,8,6,0,0,2,0,4,4,8,7,0,0,0,22,4.91,2.18,.267,,-2.25,11394,-2.25
Jarred Cosart,Padres,6,23.1,108,25,21,3,1,0,3,13,11,16,15,2,1,1,70,4.24,1.76,.278,-.99,-1.29,10304,-2.28
Mike Wright,Orioles,13,25,109,26,13,8,0,5,2,16,16,7,28,3,1,0,75,5.76,1.32,.263,,-2.28,12586,-2.28
Lucas Harrell,Blue Jays,4,6.1,33,10,8,1,0,1,3,5,5,4,6,0,1,0,19,7.11,2.21,.345,,-2.29,7541,-2.29
Nick Wittgren,Marlins,38,42.1,182,46,25,14,2,5,3,22,22,14,43,0,2,0,127,4.68,1.39,.272,,-2.32,15594,-2.32
Timothy Melville,Twins,1,3.1,18,4,2,1,0,1,0,5,5,3,4,1,0,0,10,13.50,2.10,.286,-1.67,-.76,9149,-2.43
Matthew Dermody,Blue Jays,23,22.1,95,23,14,3,0,6,2,13,11,6,15,2,1,0,67,4.43,1.25,.261,,-2.44,14844,-2.44
Nick Gardewine,Rangers,12,8,40,10,8,1,0,1,0,8,5,7,3,0,1,0,24,5.63,2.13,.303,,-2.45,16513,-2.45
Tim Mayza,Blue Jays,19,17,79,24,15,6,0,3,3,15,13,4,27,0,0,0,51,6.88,1.65,.320,,-2.45,15042,-2.45
Henderson Alvarez,Phillies,3,14.2,67,14,8,3,1,2,0,7,7,10,6,0,0,1,42,4.30,1.70,.250,-2.49,,5669,-2.49
Brett Nicholas,Rangers,1,1,8,5,2,3,0,0,1,4,4,0,0,0,0,0,3,36.00,5.00,.625,,-2.53,11192,-2.53
Brian Johnson,Red Sox,5,27.0,121,32,19,8,0,5,5,13,13,7,21,0,0,0,81,4.33,1.48,.283,-2.53,,14272,-2.53
Tommy Layne,Yankees,19,13,63,16,11,3,1,1,0,12,11,8,9,1,0,0,39,7.62,1.85,.296,,-2.55,7501,-2.55
Junichi Tazawa,Marlins,55,55.1,238,55,36,10,1,8,5,35,35,26,38,2,2,0,166,5.69,1.39,.257,,-2.57,4079,-2.57
Dietrich Enns,Twins,1,2.1,14,5,4,0,0,1,1,2,1,1,0,0,0,0,7,3.86,2.57,.385,-1.80,-.80,13932,-2.60
Blaine Boyer,Red Sox,32,41.1,178,50,37,8,2,3,5,20,20,17,33,1,1,0,124,4.35,1.55,.307,,-2.63,2237,-2.63
Ben Taylor,Red Sox,14,17.1,80,20,13,3,1,3,2,10,10,9,18,0,1,0,52,5.19,1.67,.282,,-2.65,18114,-2.65
Jeff Beliveau,Blue Jays,19,15.2,70,17,9,4,0,4,0,14,13,7,17,1,0,0,47,7.47,1.47,.270,,-2.68,8504,-2.68
Sean Newcomb,Braves,19,100.0,456,100,64,21,5,10,6,51,48,51,108,6,3,0,300,4.32,1.57,.254,-2.70,,16943,-2.70
Buddy Boshers,Twins,38,35,153,37,23,6,1,7,7,20,19,11,28,2,2,0,105,4.89,1.34,.262,,-2.76,8490,-2.76
Justin Haley,Twins,10,18,81,22,15,1,3,3,2,12,12,6,14,1,0,0,54,6.00,1.56,.297,,-2.77,13572,-2.77
Josh Edgin,Mets,46,37,166,39,27,9,0,3,1,16,15,19,27,5,1,1,111,3.65,1.54,.273,,-2.77,10796,-2.77
Jose De Leon,Rays,1,2.2,15,4,2,1,0,1,0,3,3,3,2,0,2,0,8,10.13,2.63,.333,,-2.77,15463,-2.77
Julio Teheran,Braves,32,188.1,812,186,119,31,5,31,25,103,94,69,151,7,6,0,565,4.49,1.37,.254,-2.78,,6797,-2.78
Walker Buehler,Dodgers,8,9.1,44,11,8,1,0,2,1,8,8,9,12,0,1,0,28,7.71,2.04,.306,,-2.78,19374,-2.78
Ricardo Rodriguez,Rangers,16,13,60,17,11,3,0,3,1,9,9,4,11,1,0,0,39,6.23,1.62,.309,,-2.80,15458,-2.80
Kyle Ryan,Tigers,8,5.2,29,9,8,1,0,0,1,5,5,8,1,0,0,0,17,7.94,2.82,.409,,-2.81,11753,-2.81
Heath Hembree,Red Sox,62,62,271,72,48,14,0,10,6,29,25,18,70,1,2,0,186,3.63,1.45,.286,,-2.82,11632,-2.82
Robbie Ross,Red Sox,8,9,45,12,10,1,1,0,0,7,7,6,9,3,2,0,27,7.00,1.89,.324,,-2.87,6819,-2.87
Tom Wilhelmsen,Diamondbacks,27,26.1,113,25,17,3,1,4,3,13,13,12,17,1,7,0,79,4.44,1.41,.250,,-2.88,9975,-2.88
Carlos Estevez,Rockies,35,32.1,149,39,30,5,1,3,1,21,20,16,31,1,1,1,97,5.57,1.64,.291,,-2.90,14542,-2.90
Kendall Graveman,Athletics,19,105.1,444,114,76,22,4,12,11,50,49,31,70,4,5,0,316,4.19,1.39,.279,-2.90,,15514,-2.90
Taylor Cole,Blue Jays,1,1,10,6,5,1,0,0,1,4,4,1,1,1,0,0,3,36.00,7.00,.750,,-2.92,11964,-2.92
Rob Scahill,Brewers,18,22.1,97,21,13,5,0,3,3,14,11,14,10,3,2,0,67,4.43,1.39,.250,,-3.04,9286,-3.04
Neftali Feliz,- - -,49,46,196,40,19,11,1,9,1,33,28,25,37,1,1,0,138,5.48,1.37,.233,,-3.06,18,-3.06
Dillon Gee,- - -,4,16.0,77,23,11,5,0,7,1,14,14,8,13,0,0,0,48,7.88,1.94,.333,-8.60,5.51,7396,-3.08
Jason Wheeler,Twins,2,3,18,6,4,1,0,1,1,5,3,4,0,0,0,0,9,9.00,3.33,.429,,-3.09,13128,-3.09
Matt Strahm,Royals,3,11.2,53,16,11,3,0,2,1,11,10,2,11,1,1,0,33,7.71,1.54,.320,-2.64,-.46,13799,-3.09
Dan Runzler,Pirates,8,4,20,7,3,2,0,2,1,4,2,2,4,0,0,0,12,4.50,2.25,.389,,-3.11,4080,-3.11
Dario Alvarez,Rangers,20,16.1,82,19,15,3,0,1,2,8,5,14,17,1,2,1,49,2.76,2.02,.284,,-3.12,14239,-3.12
Chris Smith,Blue Jays,4,5,23,10,6,3,0,1,0,3,3,1,1,0,0,0,15,5.40,1.60,.318,,-3.13,14449,-3.13
Dylan Floro,Cubs,3,9.2,45,15,10,3,0,2,1,7,7,2,6,1,0,0,29,6.52,1.76,.357,,-3.14,13394,-3.14
Josh Smith,Athletics,26,35,151,35,14,16,2,3,1,20,19,16,25,0,1,0,105,4.89,1.43,.257,,-3.16,10946,-3.16
Kevin Plawecki,Mets,2,3,14,5,1,1,0,3,1,4,4,0,0,0,0,0,9,12.00,1.67,.357,,-3.16,13807,-3.16
Max Fried,Braves,4,18.1,85,23,17,3,1,2,5,11,7,6,16,3,0,0,55,3.44,1.58,.303,-1.94,-1.27,13743,-3.20
Kelvin Herrera,Royals,64,59.1,259,60,33,12,6,9,6,33,28,22,56,1,2,0,178,4.25,1.35,.252,,-3.23,6033,-3.23
A.J. Cole,Nationals,8,44.1,198,45,31,6,1,7,5,20,19,24,41,3,0,0,133,3.86,1.56,.263,-2.53,-.70,11467,-3.23
Brad Ziegler,Marlins,53,47,211,57,46,10,0,1,4,29,25,22,26,6,1,0,141,4.79,1.55,.302,,-3.25,7293,-3.25
Max Povse,Mariners,3,3.2,21,9,6,2,0,1,0,5,3,1,2,0,0,0,11,7.36,2.73,.450,,-3.25,16165,-3.25
Randy Rosario,Twins,2,2.1,15,7,4,2,0,1,0,8,8,0,2,1,0,0,7,30.86,3.00,.500,,-3.31,14508,-3.31
Artie Lewicki,Tigers,1,5.0,26,11,9,1,0,1,0,5,5,1,1,0,0,0,15,9.00,2.40,.440,-2.94,-.39,16731,-3.32
Ian Krol,Braves,51,49,214,50,32,9,1,8,3,34,29,21,44,4,2,0,147,5.33,1.45,.265,,-3.34,10066,-3.34
Victor Alcantara,Tigers,6,7.1,39,12,10,1,0,1,1,7,7,4,5,2,1,0,22,8.59,2.18,.364,,-3.35,15028,-3.35
Glen Perkins,Twins,8,5.2,34,8,5,1,2,0,1,6,6,5,2,3,0,0,17,9.53,2.29,.308,,-3.37,8041,-3.37
Joe Musgrove,Astros,15,78.0,342,95,62,14,3,16,5,54,53,23,67,2,2,0,234,6.12,1.51,.300,-11.12,7.75,12970,-3.37
Erik Goeddel,Mets,33,29,122,28,12,8,0,8,2,17,17,11,33,0,2,0,87,5.28,1.34,.252,,-3.37,11712,-3.37
Jayson Aquino,Orioles,2,11.1,49,11,6,3,0,2,2,6,5,3,9,0,1,0,34,3.97,1.24,.239,-.12,-3.27,13150,-3.39
Kevin Siegrist,- - -,46,39.1,172,39,23,10,1,5,3,21,21,24,43,1,3,0,118,4.81,1.55,.262,,-3.43,8180,-3.43
Evan Marshall,Mariners,6,7.2,38,12,8,3,0,1,1,8,8,6,4,0,0,0,23,9.39,2.22,.364,,-3.43,12297,-3.43
Raul Alcantara,Athletics,4,15.0,66,13,7,3,0,3,4,12,12,7,10,1,0,0,45,7.20,1.33,.224,-.29,-3.24,12790,-3.53
Sean Gilmartin,Mets,2,3.1,19,8,6,0,0,2,0,5,5,1,4,0,1,0,10,13.50,2.70,.444,,-3.55,12781,-3.55
Caleb Smith,Yankees,2,7.0,33,8,5,2,0,1,0,6,6,4,6,0,0,0,21,7.71,1.71,.276,-.98,-2.64,14875,-3.62
Barrett Astin,Reds,6,8,41,9,5,1,1,2,2,6,6,7,2,2,0,0,24,6.75,2.00,.281,,-3.66,14812,-3.66
Dan Altavilla,Mariners,41,46.2,203,43,24,10,0,9,3,27,22,21,52,1,9,0,140,4.24,1.35,.236,,-3.70,16507,-3.70
Aaron Blair,Braves,1,3.0,19,5,2,1,1,1,0,5,5,5,3,0,1,0,9,15.00,3.33,.357,-3.74,,14934,-3.74
T.J. McFarland,Diamondbacks,1,0.1,8,5,4,1,0,0,0,7,7,2,0,0,0,0,1,189.00,21.00,.833,-3.09,-.65,3237,-3.74
Seth Maness,Royals,8,9.2,45,16,12,1,0,3,0,5,4,2,4,0,0,0,29,3.72,1.86,.372,,-3.76,12235,-3.76
Luke Jackson,Braves,43,50.2,224,55,38,12,1,4,6,26,26,23,33,4,4,0,152,4.62,1.46,.274,,-3.77,11752,-3.77
Steven Brault,Pirates,4,18.0,81,19,13,3,0,3,0,9,9,8,13,1,0,0,54,4.50,1.50,.264,-1.23,-2.59,15291,-3.82
Adam Kolarek,Rays,12,8.1,40,9,5,2,0,2,1,6,6,6,4,4,1,0,25,6.48,1.56,.281,,-3.84,10843,-3.84
Hyun-Jin Ryu,Dodgers,24,122.2,527,126,75,27,2,22,11,58,53,41,114,4,4,1,366,3.89,1.39,.263,-5.73,1.88,14444,-3.86
Alex Wilson,Tigers,66,60,260,67,46,11,3,7,8,34,30,20,42,3,4,0,180,4.50,1.37,.277,,-3.86,9239,-3.86
Chase DeJong,Mariners,4,19.2,92,27,18,4,1,4,2,17,17,8,9,0,0,0,57,7.78,1.78,.321,-5.88,2.00,15036,-3.88
Evan Scribner,Mariners,8,7.1,34,13,7,3,0,3,1,9,9,0,6,0,0,0,22,11.05,1.77,.382,,-3.89,7525,-3.89
Jake Barrett,Diamondbacks,28,27,121,27,17,2,1,7,5,18,15,17,26,0,1,0,81,5.00,1.56,.255,,-3.94,13322,-3.94
J.P. Howell,Blue Jays,16,11,52,13,5,6,0,2,0,9,9,7,6,0,1,0,33,7.36,1.82,.289,,-3.97,8245,-3.97
Dustin McGowan,Marlins,63,77.2,330,77,47,16,1,13,6,42,41,32,64,2,5,0,233,4.75,1.34,.256,,-3.99,8600,-3.99
Rob Zastryzny,Cubs,4,13,62,19,13,4,0,2,3,13,12,7,11,1,0,0,39,8.31,2.00,.352,,-4.00,15094,-4.00
Jordan Jankowski,Astros,3,4.1,22,7,2,1,1,3,0,6,6,2,5,0,0,0,13,12.46,2.08,.350,,-4.01,13313,-4.01
Bruce Rondon,Tigers,21,15.2,76,21,15,4,1,1,2,19,19,12,22,1,1,1,47,10.91,1.98,.323,,-4.02,5766,-4.02
Alejandro Chacin,Reds,6,6,32,11,7,2,0,2,0,7,7,4,6,0,0,0,18,10.50,2.50,.393,,-4.07,13530,-4.07
Drew Rucinski,Twins,2,4.1,23,10,6,2,0,2,2,5,5,2,5,0,0,0,13,10.38,2.77,.476,,-4.14,12499,-4.14
Jacob Rhame,Mets,9,9,45,12,5,5,0,2,0,9,9,7,7,0,0,0,27,9.00,2.11,.316,,-4.20,15267,-4.20
Zachary Neal,Athletics,6,14.2,65,19,10,2,2,5,2,13,13,1,10,0,1,0,44,7.98,1.36,.297,,-4.21,11294,-4.21
Eric O'Flaherty,Braves,22,18.1,83,20,8,8,0,4,1,16,16,9,15,0,1,0,55,7.85,1.58,.270,,-4.22,5746,-4.22
Angel Sanchez,Pirates,8,12.1,54,16,8,3,0,5,1,12,12,1,10,0,2,0,37,8.76,1.38,.302,,-4.24,11776,-4.24
Fernando Salas,- - -,61,58.2,263,67,47,13,0,7,11,39,34,28,56,0,4,0,176,5.22,1.52,.278,,-4.31,4971,-4.31
Sean Manaea,Athletics,29,158.2,692,167,109,35,5,18,12,88,77,54,140,10,8,0,474,4.37,1.40,.266,-4.31,,15873,-4.31
Hector Santiago,Twins,14,69.1,305,68,49,6,0,13,1,42,42,30,50,5,0,1,208,5.45,1.41,.252,-2.02,-2.31,4026,-4.32
Paolo Espino,Brewers,2,8.0,38,10,6,2,0,2,0,6,5,2,6,1,0,0,24,5.63,1.50,.286,-1.77,-2.62,8246,-4.40
Tyler Skaggs,Angels,16,85.0,365,90,58,19,0,13,7,46,43,28,76,6,5,2,255,4.55,1.39,.272,-4.40,,10190,-4.40
Tony Sipp,Astros,46,37.1,165,36,16,10,2,8,2,25,24,18,39,1,1,0,112,5.79,1.39,.243,,-4.45,8280,-4.45
Jumbo Diaz,Rays,31,30,136,32,19,8,1,4,2,20,19,17,28,0,4,0,90,5.70,1.57,.264,,-4.47,3397,-4.47
Craig Breslow,- - -,37,35.1,159,41,27,9,1,4,3,21,20,16,23,2,1,0,106,5.09,1.56,.287,,-4.47,4363,-4.47
Wilmer Font,Dodgers,3,3.2,22,7,2,3,0,2,0,7,7,4,3,0,0,0,11,17.18,3.00,.389,,-4.49,5257,-4.49
Bryan Mitchell,Yankees,1,5.0,23,6,4,2,0,0,2,2,1,2,2,0,0,0,15,1.80,1.60,.286,-.11,-4.40,11479,-4.51
Edward Mujica,Tigers,5,6.1,30,11,4,3,0,4,1,7,7,0,7,0,0,0,19,9.95,1.74,.367,,-4.55,3970,-4.55
Chad Bettis,Rockies,9,46.1,200,52,31,11,2,8,4,27,26,11,30,1,3,0,139,5.05,1.36,.277,-4.56,,10587,-4.56
Ivan Nova,Pirates,31,187.0,785,203,129,40,5,29,10,96,86,34,131,7,8,0,561,4.14,1.28,.274,-4.56,,1994,-4.56
Mike Morin,- - -,16,20,93,29,20,5,1,3,3,16,16,6,16,1,0,0,60,7.20,1.70,.333,,-4.57,13442,-4.57
Oliver Drake,- - -,64,56,251,63,42,10,5,6,6,31,29,27,62,0,3,1,168,4.66,1.57,.279,,-4.57,8823,-4.57
Zac Reininger,Tigers,10,9.2,47,15,10,2,0,3,1,8,8,3,5,0,2,0,29,7.45,1.86,.341,,-4.60,15285,-4.60
Chad Kuhl,Pirates,31,157.1,680,159,96,41,5,17,9,81,76,65,142,6,8,1,472,4.35,1.47,.264,-4.61,,14975,-4.61
Luke Gregerson,Astros,65,61,263,62,35,14,0,13,6,31,31,24,70,0,5,1,183,4.57,1.34,.255,,-4.65,4090,-4.65
Sam Moll,Athletics,11,6.2,35,13,8,2,1,2,0,8,8,3,7,0,0,0,20,10.80,2.40,.406,,-4.66,14874,-4.66
Glenn Sparkman,Blue Jays,2,1,12,9,6,3,0,0,1,7,7,1,1,0,0,0,3,63.00,10.00,.818,,-4.66,15200,-4.66
Drew Storen,Reds,58,54.2,246,57,40,9,1,7,9,32,27,28,48,10,1,0,164,4.45,1.46,.268,,-4.67,6983,-4.67
Jairo Diaz,Rockies,4,5,30,12,9,2,1,0,3,6,5,5,2,1,0,0,15,9.00,3.40,.500,,-4.74,12774,-4.74
Kyle Freeland,Rockies,28,149.2,661,163,112,31,3,17,28,76,69,57,99,8,1,2,447,4.15,1.50,.275,-5.65,.86,16256,-4.78
Carlos Torres,Brewers,67,72.2,322,78,57,10,1,10,3,37,34,34,56,3,4,0,218,4.21,1.53,.273,,-4.82,7624,-4.82
Blake Wood,- - -,72,74.1,332,84,61,14,1,8,5,49,45,35,84,1,7,2,223,5.45,1.57,.282,,-4.83,1345,-4.83
Anthony Bass,Rangers,2,5.2,31,14,9,4,0,1,1,9,9,0,1,0,1,0,17,14.29,2.47,.452,,-4.84,7982,-4.84
Michael Blazek,Brewers,1,2.1,15,7,0,1,0,6,0,8,8,1,4,0,0,0,7,30.86,3.43,.500,-7.49,2.62,9654,-4.87
Mike Mayers,Cardinals,3,4.2,25,8,2,4,0,2,0,8,6,5,3,0,0,0,14,11.57,2.57,.381,,-4.87,15451,-4.87
Jameson Taillon,Pirates,25,133.2,587,152,99,38,4,11,14,69,66,43,125,4,7,0,399,4.44,1.48,.283,-4.90,,11674,-4.90
Tyler Wilson,Orioles,1,6.0,23,6,5,0,0,1,1,3,3,0,1,0,0,1,18,4.50,1.00,.261,.74,-5.65,12691,-4.91
Dayan Diaz,Astros,1,2.2,12,4,2,1,0,1,0,3,3,0,3,0,0,0,6,10.13,1.50,.333,-1.42,-3.53,11543,-4.95
Michael Tonkin,Twins,16,21,97,22,11,5,0,6,3,15,12,12,24,1,2,0,63,5.14,1.62,.262,,-4.95,10315,-4.95
Sal Romano,Reds,16,87.0,384,91,53,27,2,9,7,49,43,35,73,4,5,0,261,4.45,1.47,.265,-4.96,,13690,-4.96
Jeremy Guthrie,Nationals,1,0.2,12,6,4,1,1,0,0,10,10,4,0,0,0,0,0,135.00,15.00,.750,-5.02,,2072,-5.02
Neil Ramirez,- - -,29,31.1,153,35,24,5,0,6,6,30,25,21,44,1,3,0,94,7.18,1.79,.267,,-5.02,7677,-5.02
Kyle Kendrick,Red Sox,2,8.1,45,18,13,4,0,1,3,12,12,3,3,0,0,0,25,12.96,2.52,.429,-5.04,,6230,-5.04
Christian Bethancourt,Padres,4,3.2,25,6,3,1,1,1,1,9,6,8,2,0,2,0,11,14.73,3.82,.353,,-5.10,10028,-5.10
Luis Cessa,Yankees,5,21.2,100,22,9,7,1,5,1,16,14,11,20,3,0,0,63,5.82,1.52,.256,-5.20,.07,13345,-5.13
Andres Machado,Royals,2,3.2,24,10,7,0,1,2,2,9,9,3,1,0,0,0,11,22.09,3.55,.476,,-5.15,14681,-5.15
Felix Hernandez,Mariners,16,86.2,368,86,50,19,0,17,13,46,42,26,78,6,8,0,258,4.36,1.29,.256,-5.18,,4772,-5.18
Clay Buchholz,Phillies,2,7.1,40,16,10,5,0,1,0,10,10,3,5,0,0,0,22,12.27,2.59,.432,-5.23,,3543,-5.23
Jonathan Broxton,Cardinals,20,15.2,78,23,18,3,0,2,3,12,12,13,16,0,1,0,47,6.89,2.17,.343,,-5.23,4759,-5.23
Alec Asher,Orioles,6,29.2,130,31,18,7,1,5,2,23,23,8,22,3,2,0,87,6.98,1.35,.263,-3.01,-2.23,13560,-5.24
Ariel Miranda,Mariners,29,158.0,666,136,71,27,3,35,10,88,86,61,135,5,8,0,474,4.90,1.25,.227,-2.97,-2.36,17526,-5.32
Xavier Cedeno,Rays,9,3,21,7,4,0,0,3,2,5,4,5,0,0,0,0,9,12.00,3.67,.412,,-5.35,36,-5.35
Jeff Ferrell,Tigers,11,9.1,49,17,12,3,0,2,0,7,7,6,6,0,0,0,28,6.75,2.36,.386,,-5.38,11506,-5.38
Jesen Therrien,Phillies,15,18.1,86,24,15,4,0,5,0,17,17,7,10,1,0,0,55,8.35,1.69,.308,,-5.41,15853,-5.41
Tony Barnette,Rangers,50,57.1,252,64,40,17,0,7,6,36,35,26,57,2,4,0,172,5.49,1.50,.281,,-5.47,3555,-5.47
Onelki Garcia,Royals,1,0.1,6,4,1,2,1,0,0,4,4,1,0,0,0,0,1,108.00,15.00,.800,-3.17,-2.35,13674,-5.52
Josh Tomlin,Indians,26,141.0,585,166,101,41,1,23,9,80,78,14,109,4,1,0,423,4.98,1.28,.293,-5.53,,9388,-5.53
Ben Lively,Phillies,15,88.2,372,90,47,27,3,13,6,45,42,23,52,8,1,1,264,4.26,1.29,.265,-5.54,,14932,-5.54
Tyler Anderson,Rockies,15,81.0,344,86,46,22,2,16,8,48,46,25,74,2,4,2,243,5.11,1.37,.271,-7.78,2.20,12880,-5.58
Scott Oberg,Rockies,66,58.1,265,70,47,17,2,4,6,35,32,26,55,2,3,0,175,4.94,1.61,.293,,-5.60,13911,-5.60
Michael Brady,Athletics,16,31.2,136,33,14,10,2,7,0,22,20,8,24,5,1,0,95,5.68,1.23,.264,,-5.60,8461,-5.60
Aaron Sanchez,Blue Jays,8,36.0,167,42,29,7,0,6,9,24,17,20,24,1,1,0,108,4.25,1.72,.288,-5.62,,11490,-5.62
Trevor Gott,Nationals,4,3,23,11,9,1,0,1,0,10,10,4,3,0,1,0,9,30.00,4.67,.550,,-5.68,15046,-5.68
Matt Andriese,Rays,17,83.0,363,89,52,21,0,16,6,48,43,26,76,4,3,2,249,4.66,1.40,.268,-6.84,1.12,12022,-5.72
Jace Fry,White Sox,11,6.2,36,12,8,2,1,1,0,8,8,6,3,0,3,0,20,10.80,2.55,.387,,-5.73,16159,-5.73
Adam Wainwright,Cardinals,23,121.1,537,137,92,27,4,14,10,72,69,40,96,5,2,0,364,5.12,1.49,.281,-5.50,-.24,2233,-5.74
Christian Bergman,Mariners,8,42.2,184,52,36,4,1,11,1,28,27,13,28,1,0,0,126,5.70,1.52,.306,-7.55,1.73,10925,-5.83
Seung Hwan Oh,Cardinals,62,59.1,264,68,46,11,1,10,7,31,27,24,54,3,1,0,178,4.10,1.40,.276,,-5.85,18719,-5.85
Francis Martes,Astros,4,17.2,76,15,8,6,0,1,1,8,8,10,21,2,1,0,51,4.08,1.42,.234,.03,-5.90,17303,-5.87
Scott Feldman,Reds,21,111.1,472,116,72,20,3,21,3,62,59,33,93,6,3,0,334,4.77,1.36,.269,-5.87,,6283,-5.87
Adam Ottavino,Rockies,63,53.1,243,48,32,7,1,8,6,30,30,41,63,4,8,0,160,5.06,1.63,.240,,-5.88,1247,-5.88
John Axford,Athletics,22,21,109,27,20,4,0,3,2,16,15,17,21,2,1,0,63,6.43,2.10,.300,,-6.05,9059,-6.05
Derek Law,Giants,41,37.1,168,45,31,8,1,5,4,21,21,16,35,2,5,0,112,5.06,1.58,.296,,-6.09,13133,-6.09
Reymin Guduan,Astros,22,16,83,24,17,6,0,1,1,14,14,12,16,0,3,0,48,7.88,2.25,.338,,-6.10,13058,-6.10
Jeff Locke,Marlins,7,32.0,152,42,29,6,3,4,3,30,29,12,26,0,3,0,96,8.16,1.78,.307,-6.14,,2929,-6.14
Brad Goldberg,White Sox,11,12,62,14,8,4,0,2,1,11,11,14,3,2,1,0,36,8.25,2.33,.304,,-6.15,14776,-6.15
Marco Estrada,Blue Jays,33,186.0,806,186,102,49,4,31,8,104,103,71,176,2,1,0,558,4.98,1.38,.254,-6.24,,1118,-6.24
Kevin Quackenbush,Padres,20,26.1,125,32,23,4,0,5,2,23,23,16,23,1,3,0,79,7.86,1.82,.296,,-6.25,12360,-6.25
Buck Farmer,Tigers,11,48.0,219,55,35,11,0,9,5,38,36,20,49,4,1,0,144,6.75,1.56,.282,-6.26,,14814,-6.26
Matt Garza,Brewers,22,112.0,495,120,74,25,4,17,7,72,63,41,77,1,4,0,336,5.06,1.47,.267,-8.02,1.68,3340,-6.35
Warwick Saupold,Tigers,45,62.2,280,64,46,9,0,9,4,36,34,36,44,6,4,0,188,4.88,1.52,.263,,-6.39,13211,-6.39
Austin Bibens-Dirkx,Rangers,6,34.1,142,32,15,7,0,10,1,18,18,9,15,1,2,0,103,4.72,1.19,.242,-3.83,-2.62,9559,-6.45
Dillon Overton,- - -,2,8.0,39,13,8,3,0,2,2,6,5,2,5,1,1,0,24,5.63,2.00,.371,-3.85,-2.66,15627,-6.51
Mat Latos,Blue Jays,3,15.0,70,19,8,6,0,5,1,11,11,7,10,1,1,0,45,6.60,1.80,.311,-6.55,,3815,-6.55
Felix Jorge,Twins,2,7.2,36,14,7,2,1,4,0,9,9,2,4,0,0,0,21,10.57,2.09,.412,-6.63,,14532,-6.63
Robert Stephenson,Reds,11,58.0,254,48,29,13,1,5,7,28,22,34,56,1,4,0,174,3.41,1.45,.221,2.86,-9.51,13594,-6.64
Erick Fedde,Nationals,3,15.1,76,25,18,2,0,5,2,16,16,6,15,1,0,0,46,9.39,2.15,.373,-6.65,,17425,-6.65
Jake Buchanan,Reds,5,14.1,77,24,18,5,0,1,2,13,13,9,4,3,0,0,43,8.16,2.16,.358,,-6.65,10962,-6.65
Felix Pena,Cubs,25,34.1,155,35,17,10,0,8,3,21,20,19,37,2,3,0,103,5.24,1.54,.259,,-6.66,13403,-6.66
Zach Lee,Padres,1,5.1,22,2,5,2,0,1,0,0,0,4,3,0,0,0,16,0.00,1.13,.111,-2.45,-4.26,11468,-6.71
J.J. Hoover,Diamondbacks,52,41.1,197,47,30,8,2,7,5,20,18,27,54,1,1,0,124,3.92,1.77,.276,,-6.71,9037,-6.71
Lucas Sims,Braves,10,51.1,231,59,34,14,2,9,3,34,33,19,39,4,0,0,154,5.79,1.56,.286,-7.87,1.12,13470,-6.75
Mike Hauschild,Rangers,4,8,39,14,7,2,0,5,0,10,10,2,7,1,1,0,24,11.25,2.00,.389,,-6.76,14033,-6.76
Chris Rowley,Blue Jays,3,13.2,64,14,8,1,3,2,0,7,7,9,7,0,1,1,39,4.61,1.68,.255,-3.67,-3.18,18820,-6.85
Miguel Socolovich,Cardinals,15,18.2,87,27,12,11,0,4,0,20,18,4,14,2,0,0,56,8.68,1.66,.333,,-7.00,6697,-7.00
Brooks Pounders,Angels,11,10.1,54,17,9,3,1,4,1,12,12,6,12,1,0,1,31,10.45,2.13,.354,,-7.02,10387,-7.02
Jacob Turner,Nationals,2,11.1,48,11,8,0,1,2,0,6,6,4,7,1,0,0,34,4.76,1.32,.256,-.22,-6.91,10185,-7.13
Michael Ynoa,White Sox,22,29,141,28,14,8,2,4,1,22,19,22,23,5,3,0,87,5.90,1.72,.246,,-7.22,14093,-7.22
Tyler Chatwood,Rockies,25,136.1,582,127,73,26,9,19,5,74,72,69,109,2,7,2,409,4.75,1.45,.250,-6.85,-.41,4338,-7.26
David Paulino,Astros,6,29.0,128,36,19,9,0,8,0,21,21,7,34,0,5,0,87,6.52,1.48,.298,-7.38,,17418,-7.38
Myles Jaye,Tigers,2,5.1,35,12,7,2,1,2,0,13,12,4,3,1,0,0,16,20.25,3.00,.400,-6.14,-1.27,11769,-7.41
Chris Heston,Mariners,1,3.0,20,7,5,1,0,1,3,7,6,4,2,0,0,0,9,18.00,3.67,.438,-3.28,-4.18,10302,-7.46
Jake Thompson,Phillies,8,41.1,185,44,26,10,0,8,4,22,15,18,32,5,1,0,124,3.27,1.50,.272,-5.81,-1.65,14371,-7.46
Richard Rodriguez,Orioles,5,5.2,31,12,5,3,0,4,0,9,9,4,3,1,0,0,17,14.29,2.65,.444,,-7.53,13549,-7.53
Samuel Gaviglio,- - -,13,70.1,295,72,40,16,1,15,2,39,34,23,44,3,1,2,211,4.35,1.36,.269,-6.80,-.77,12778,-7.57
Patrick Corbin,Diamondbacks,32,187.0,815,206,126,47,7,26,14,97,85,51,176,3,10,0,561,4.09,1.42,.274,-8.12,.55,9323,-7.58
Joe Blanton,Nationals,51,44.1,195,53,32,9,2,10,4,29,28,15,39,1,1,0,133,5.68,1.49,.293,,-7.60,4849,-7.60
Brandon Maurer,- - -,68,59.1,267,73,45,17,3,8,4,43,43,21,59,1,1,0,178,6.52,1.55,.296,,-7.60,4878,-7.60
Jose Valdez,- - -,14,18,80,21,7,4,2,8,1,18,17,5,17,2,1,0,54,8.50,1.44,.288,,-7.63,14470,-7.63
Joshua Osich,Giants,54,43.1,201,48,32,8,1,7,5,32,30,28,43,1,5,0,130,6.23,1.73,.277,,-7.84,11528,-7.84
Michael Feliz,Astros,46,48,218,53,26,17,2,8,5,31,30,23,70,0,7,0,144,5.63,1.56,.270,,-7.98,11903,-7.98
German Marquez,Rockies,29,162.0,701,174,105,37,7,25,16,82,79,46,147,8,6,0,486,4.39,1.38,.270,-8.01,,15038,-8.01
Jeanmar Gomez,Phillies,18,22.1,100,31,20,4,0,7,2,19,18,9,21,2,1,0,67,7.25,1.70,.341,,-8.01,9033,-8.01
Vincent Velasquez,Phillies,15,72.0,315,74,43,15,1,15,1,44,41,33,68,3,2,1,216,5.13,1.50,.266,-8.02,,11189,-8.02
Zack Wheeler,Mets,17,86.1,386,97,66,15,1,15,9,53,50,39,81,3,1,0,259,5.21,1.59,.283,-8.05,,10310,-8.05
John Lackey,Cubs,30,169.2,726,163,97,28,2,36,10,92,86,50,148,12,11,1,507,4.56,1.27,.247,-7.18,-.93,1507,-8.11
Jerad Eickhoff,Phillies,24,128.0,576,142,91,35,0,16,12,74,67,49,118,5,6,1,384,4.71,1.52,.274,-8.12,,12664,-8.12
Ian Kennedy,Royals,30,154.0,655,143,75,31,3,34,5,99,92,59,131,5,4,1,462,5.38,1.32,.243,-8.17,,6986,-8.17
Junior Guerra,Brewers,14,64.0,290,58,33,8,1,16,4,41,37,41,55,4,5,0,192,5.20,1.55,.237,-9.88,1.70,5702,-8.18
Ryne Stanek,Rays,21,20,95,26,16,4,0,6,0,13,13,14,29,0,4,0,60,5.85,1.90,.313,,-8.20,15947,-8.20
Cory Mazzoni,Padres,6,8,46,17,11,1,0,5,1,16,12,4,4,1,0,0,24,13.50,2.63,.415,,-8.26,12537,-8.26
Stefan Crichton,Orioles,8,12.1,62,26,19,4,1,2,1,11,11,4,8,0,2,1,37,8.03,2.43,.448,,-8.31,16058,-8.31
Braden Shipley,Diamondbacks,3,12.1,64,16,8,6,1,1,2,11,10,11,7,0,0,0,37,7.30,2.19,.302,-4.72,-3.70,15158,-8.42
Joe Jimenez,Tigers,24,19,99,31,20,7,0,4,3,28,26,9,17,2,0,0,57,12.32,2.11,.352,,-8.54,15761,-8.54
Blaine Hardy,Tigers,35,33.1,156,46,30,9,0,7,6,24,22,14,28,0,1,0,100,5.94,1.77,.322,,-8.68,6499,-8.68
Eric Skoglund,Royals,5,14.0,73,25,15,9,0,1,0,16,15,9,11,0,0,0,42,9.64,2.43,.391,-7.32,-1.38,16155,-8.70
Jesse Chavez,Angels,21,113.1,484,120,72,21,3,24,5,67,66,38,86,2,0,0,340,5.24,1.41,.271,-8.90,.13,5448,-8.76
R.A. Dickey,Braves,31,190.0,815,193,116,46,5,26,22,99,90,64,136,10,13,2,570,4.26,1.37,.262,-8.82,,1245,-8.82
Jake Petricka,White Sox,27,25.2,122,39,25,8,0,6,1,21,20,6,26,1,3,0,77,7.01,1.75,.339,,-8.83,10534,-8.83
Jhan Marinez,- - -,43,58.1,262,64,38,19,1,6,10,26,24,29,45,7,6,0,175,3.70,1.54,.279,,-9.05,5830,-9.05
Mike Foltynewicz,Braves,28,152.0,683,166,107,37,3,19,9,84,80,57,139,10,4,0,456,4.74,1.48,.270,-8.51,-.55,10811,-9.06
Shawn Kelley,Nationals,33,26,121,29,14,3,0,12,6,21,21,12,25,1,2,0,78,7.27,1.54,.266,,-9.15,7773,-9.15
Nick Tepesch,- - -,4,15.2,80,22,11,5,0,6,1,15,9,8,9,3,0,0,45,5.17,1.98,.324,-9.23,,11716,-9.23
Miguel Gonzalez,- - -,27,156.0,684,167,101,39,5,22,13,88,80,53,100,6,1,0,468,4.62,1.42,.268,-9.29,,7024,-9.29
Jason Hammel,Royals,32,180.1,804,209,146,35,2,26,14,109,106,46,145,9,7,1,541,5.29,1.43,.280,-9.38,,4538,-9.38
Steven Matz,Mets,13,66.2,298,83,55,14,2,12,7,46,45,17,48,3,1,0,198,6.08,1.53,.301,-9.43,,13361,-9.43
Antonio Bastardo,Pirates,9,9,52,16,8,3,0,5,1,15,15,9,8,0,2,0,27,15.00,2.78,.372,,-9.52,8844,-9.52
Joely Rodriguez,Phillies,26,27,134,37,24,9,0,4,6,26,19,18,18,4,0,1,81,6.33,1.93,.322,,-9.54,11487,-9.54
Joe Ross,Nationals,13,73.2,323,88,54,17,1,16,3,44,41,18,68,1,2,0,219,5.01,1.47,.291,-9.55,,12972,-9.55
Luis Perdomo,Padres,29,163.2,716,182,126,39,0,17,23,97,85,62,118,8,11,2,489,4.67,1.51,.283,-9.61,,14682,-9.61
Adalberto Mejia,Twins,21,98.0,443,110,67,28,2,13,11,52,49,40,85,5,2,2,294,4.50,1.57,.279,-9.65,,13188,-9.65
Brett Anderson,- - -,13,55.1,251,73,44,23,1,5,10,41,39,21,38,0,2,0,166,6.34,1.70,.317,-9.90,,8223,-9.90
Casey Fien,- - -,10,12,62,23,13,5,0,5,1,17,17,8,10,0,0,0,36,12.75,2.42,.411,,-9.96,3926,-9.96
Ricardo Pinto,Phillies,25,29.2,147,39,25,6,1,7,2,28,26,18,25,1,1,1,89,7.89,1.89,.302,,-9.98,16318,-9.98
Drew VerHagen,Tigers,2,8.2,41,13,5,5,1,2,1,8,8,3,4,0,1,0,24,8.31,1.85,.342,-5.20,-4.80,13424,-9.99
Jeff Hoffman,Rockies,16,90.1,393,93,54,20,6,13,7,54,53,32,71,4,2,0,271,5.28,1.39,.261,-4.98,-5.04,17432,-10.02
Johnny Cueto,Giants,25,147.1,648,160,98,35,5,22,10,77,74,51,136,8,4,1,442,4.52,1.45,.273,-10.08,,6893,-10.08
Matt Wisler,Braves,1,6.0,27,6,2,2,1,1,0,4,4,3,7,0,0,0,18,6.00,1.50,.250,-.94,-9.20,12804,-10.14
Jason Grilli,- - -,46,40,184,46,21,13,0,12,5,30,28,18,48,1,2,0,120,6.30,1.60,.279,,-10.30,521,-10.30
Frankie Montas,Athletics,23,32,152,39,25,4,0,10,0,25,25,20,36,3,1,0,96,7.03,1.84,.302,,-10.31,14309,-10.31
Cesar Valdez,- - -,4,15.1,72,23,11,9,1,2,1,17,16,5,11,0,0,1,46,9.39,1.89,.348,-5.62,-4.78,9013,-10.40
Marco Gonzales,- - -,8,33.0,156,52,37,5,2,8,1,27,27,10,24,1,1,0,99,7.36,1.88,.359,-12.09,1.55,15467,-10.53
Josh Collmenter,Braves,11,17,87,29,17,5,0,7,3,19,17,8,18,0,1,0,51,9.00,2.06,.358,,-10.57,7312,-10.57
Austin Pruitt,Rays,8,43.0,175,40,18,14,0,8,4,20,20,9,31,2,0,0,129,4.19,1.14,.244,.28,-10.85,15290,-10.57
Francisco Rodriguez,Tigers,28,25.1,118,31,12,10,0,9,1,23,22,12,23,1,2,0,76,7.82,1.66,.292,,-10.58,1642,-10.58
Asher Wojciechowski,Reds,8,35.1,165,51,26,12,2,11,0,35,33,7,37,4,0,0,106,8.41,1.64,.331,-13.69,2.95,10836,-10.74
Jeremy Jeffress,Brewers,1,2.0,10,4,3,1,0,0,0,2,2,0,0,0,0,0,6,9.00,2.00,.400,-.71,-10.05,9490,-10.76
A.J. Griffin,Rangers,15,72.0,312,69,34,17,0,18,4,45,44,27,58,4,1,0,216,5.50,1.33,.246,-6.91,-3.86,11132,-10.77
Lisalverto Bonilla,Reds,4,20.2,96,23,13,5,0,5,5,18,18,13,10,1,1,0,60,7.84,1.74,.280,-6.07,-4.85,11266,-10.92
Andrew Heaney,Angels,5,21.2,101,27,12,2,1,12,1,17,17,9,27,0,2,0,63,7.06,1.66,.293,-11.03,,15423,-11.03
Daniel Norris,Tigers,18,94.2,428,112,72,24,5,11,11,59,55,37,82,3,1,0,282,5.23,1.61,.291,-9.93,-1.39,13475,-11.33
Nik Turley,Twins,3,9.1,54,23,10,10,0,3,0,17,17,3,7,1,0,0,28,16.39,2.89,.469,-10.71,-.84,5530,-11.55
Brian Ellington,Marlins,42,44.2,219,48,27,14,0,7,3,39,36,35,48,6,4,0,134,7.25,1.86,.270,,-11.60,17233,-11.60
Jeremy Hellickson,- - -,30,164.0,695,160,81,41,3,35,6,105,99,45,96,8,4,1,492,5.43,1.26,.250,-11.75,,4371,-11.75
Josh Smoker,Mets,54,56.1,267,64,38,16,0,10,5,34,32,39,68,3,2,0,169,5.11,1.70,.276,,-11.77,10285,-11.77
Adam Wilk,- - -,2,7.0,41,16,7,5,0,4,0,12,11,4,4,0,0,0,21,14.14,2.86,.432,-8.67,-3.18,8421,-11.85
Vidal Nuno,Orioles,12,14.2,77,23,8,8,0,7,0,17,17,12,13,0,0,0,44,10.43,2.25,.343,,-11.97,9674,-11.97
Tyson Ross,Rangers,10,46.0,220,46,29,11,0,6,1,40,36,35,35,6,4,0,138,7.04,1.76,.257,-8.82,-3.15,7872,-11.97
Miguel Diaz,Padres,3,7.2,35,7,3,1,1,2,1,4,4,5,7,0,0,0,21,4.70,1.57,.233,-1.85,-10.15,18815,-12.01
Francisco Liriano,Blue Jays,18,82.2,375,91,55,22,3,11,8,57,54,42,74,2,4,1,246,5.88,1.62,.276,-10.74,-1.30,3201,-12.04
Mike Bolsinger,Blue Jays,5,25.2,123,27,18,6,0,3,2,18,16,19,21,3,2,0,75,5.61,1.79,.267,-5.10,-6.94,11137,-12.04
Zach Eflin,Phillies,11,64.1,280,79,49,14,0,16,1,45,44,12,35,5,2,0,193,6.16,1.41,.300,-12.16,,13774,-12.16
James Shields,White Sox,21,117.0,516,116,64,22,3,27,8,72,68,50,103,3,5,0,351,5.23,1.44,.252,-12.22,,7059,-12.22
Justin Nicolino,Marlins,8,32.2,157,47,32,9,1,5,5,24,19,10,19,1,0,0,96,5.23,1.84,.329,-8.18,-4.22,11754,-12.40
Phil Hughes,Twins,9,47.0,210,60,36,14,0,10,1,33,30,10,30,1,0,0,141,5.74,1.51,.303,-8.25,-4.23,7450,-12.47
Chris R Young,Royals,2,6.2,36,13,8,2,0,3,0,9,9,4,5,0,0,0,18,12.15,2.70,.419,-6.02,-6.90,3196,-12.92
Matt Boyd,Tigers,25,133.2,599,156,100,32,6,18,12,83,78,48,108,3,2,0,399,5.25,1.55,.286,-13.13,.02,15440,-13.11
Tom Koehler,- - -,13,60.2,283,71,46,10,0,15,4,51,50,29,51,7,1,0,180,7.42,1.70,.291,-13.91,.77,6570,-13.14
Rafael Montero,Mets,18,95.2,433,110,82,19,0,9,15,55,54,45,89,5,6,1,285,5.08,1.65,.289,-6.64,-6.69,12760,-13.32
Jered Weaver,Padres,9,42.1,191,51,26,9,0,16,4,41,35,12,23,4,0,0,127,7.44,1.49,.291,-13.41,,4235,-13.41
Chris M Smith,Athletics,9,46.2,208,50,23,11,1,15,5,39,36,18,27,1,3,0,138,6.94,1.46,.265,-12.29,-1.16,4544,-13.45
Kevin Gausman,Orioles,34,186.2,816,208,138,39,2,29,15,99,97,71,179,5,8,1,558,4.68,1.49,.281,-13.55,,14107,-13.55
Martin Perez,Rangers,32,185.0,811,221,157,39,2,23,29,108,99,60,115,6,4,0,555,4.82,1.54,.298,-13.56,,6902,-13.56
Rookie Davis,Reds,6,22.0,112,34,20,8,0,6,1,23,21,13,18,1,2,0,66,8.59,2.14,.347,-11.73,-1.89,14962,-13.62
Sam Dyson,- - -,55,54.2,260,67,46,10,3,8,14,41,37,37,34,3,2,1,164,6.09,1.77,.295,,-13.63,11710,-13.63
Nick Martinez,Rangers,18,99.2,422,106,64,18,1,23,8,66,63,24,60,2,3,0,297,5.69,1.30,.268,-8.32,-5.38,12730,-13.69
Edwin Jackson,Nationals,13,71.0,310,75,42,14,1,18,5,46,40,23,58,0,3,0,213,5.07,1.41,.263,-8.13,-5.64,1841,-13.77
Tommy Milone,- - -,8,35.0,162,48,28,9,1,10,1,30,28,7,32,0,0,0,105,7.20,1.66,.316,-9.04,-4.73,7608,-13.77
Robert Gsellman,Mets,22,115.2,534,134,84,29,4,17,17,84,68,38,78,8,4,0,345,5.29,1.51,.276,-14.27,.42,13696,-13.85
Steven Wright,Red Sox,5,24.0,114,40,21,9,1,9,4,24,22,4,13,2,1,0,72,8.25,1.88,.374,-13.86,,8185,-13.86
Casey Lawrence,Blue Jays,2,11.1,58,18,12,4,0,2,2,11,10,5,5,0,0,0,34,7.94,2.12,.346,-4.30,-9.66,11121,-13.95
Adam Conley,Marlins,20,100.2,454,112,72,17,5,18,6,73,69,38,71,7,5,0,300,6.17,1.53,.277,-13.99,-.63,14457,-14.62
Yovani Gallardo,Mariners,22,114.2,516,129,81,23,1,24,13,81,80,52,84,2,6,0,342,6.28,1.59,.280,-18.80,3.60,8173,-15.21
Kyle Gibson,Twins,29,158.0,693,182,123,32,3,24,12,93,89,60,121,6,4,0,474,5.07,1.53,.290,-15.32,,10123,-15.32
Jharel Cotton,Athletics,24,129.0,566,133,76,29,0,28,10,91,80,52,105,4,9,2,387,5.58,1.44,.261,-15.39,,13654,-15.39
Chad Bell,Tigers,4,15.1,80,27,19,4,0,4,3,16,16,9,15,1,0,0,46,9.39,2.35,.386,-8.24,-7.27,10297,-15.51
Nick Pivetta,Phillies,26,133.0,584,144,89,27,3,25,9,91,89,57,140,4,11,2,399,6.02,1.51,.275,-15.71,,15454,-15.71
Trevor Cahill,- - -,14,72.0,321,76,50,14,2,10,15,39,35,32,78,3,15,0,216,4.38,1.51,.267,-7.55,-8.25,6249,-15.80
Mike Fiers,Astros,28,152.1,666,155,96,24,3,32,12,93,87,61,146,13,11,1,457,5.14,1.42,.262,-15.41,-.52,7754,-15.93
David Holmberg,White Sox,7,28.2,133,30,16,7,0,7,3,23,17,17,18,2,0,0,84,5.34,1.64,.263,-6.68,-9.70,7725,-16.38
Tim Adleman,Reds,20,105.1,457,109,54,31,0,24,4,68,64,43,93,5,0,1,316,5.47,1.45,.267,-13.72,-2.92,10968,-16.64
Homer Bailey,Reds,18,91.0,420,112,70,31,0,11,10,67,65,40,67,8,4,0,273,6.43,1.69,.303,-16.73,,8362,-16.73
Chris Beck,White Sox,57,64.2,294,73,40,17,0,16,4,48,46,37,42,4,1,0,194,6.40,1.65,.285,,-16.90,13418,-16.90
Wily Peralta,Brewers,8,40.0,177,45,23,14,0,8,6,28,27,16,32,1,1,0,120,6.08,1.55,.283,-6.49,-10.79,7738,-17.28
Chris Flexen,Mets,9,41.2,199,53,32,11,0,10,4,37,36,29,28,2,1,0,123,7.78,1.97,.315,-15.41,-2.01,13896,-17.42
Matt Cain,Giants,23,119.1,539,148,105,25,2,16,10,77,67,39,73,1,2,0,358,5.05,1.61,.300,-12.30,-5.25,4732,-17.56
Rick Porcello,Red Sox,33,203.1,885,236,140,54,3,38,19,125,105,47,181,6,5,0,610,4.65,1.40,.284,-17.78,,2717,-17.78
Clayton Richard,Padres,32,197.1,858,240,160,48,8,24,24,114,105,53,151,8,7,1,592,4.79,1.52,.303,-17.82,,3551,-17.82
Amir Garrett,Reds,14,67.1,306,70,37,13,1,23,4,58,56,34,61,2,1,0,202,7.49,1.57,.261,-18.07,-.49,14375,-18.56
Vance Worley,Marlins,12,52.1,241,69,42,18,1,8,2,44,43,20,31,5,1,0,157,7.39,1.74,.322,-13.36,-5.84,6435,-19.20
Ricky Nolasco,Angels,33,181.0,787,205,117,52,1,35,19,102,99,55,143,3,4,0,543,4.92,1.45,.282,-19.91,,3830,-19.91
Wade Miley,Orioles,32,157.1,728,179,122,30,2,25,15,104,98,92,142,4,1,0,472,5.61,1.73,.284,-21.11,,8779,-21.11
Matt Harvey,Mets,18,88.2,414,106,72,14,1,19,11,67,66,42,65,6,6,1,264,6.70,1.70,.292,-19.56,-1.58,11713,-21.14
Mark Leiter,Phillies,11,60.2,265,68,55,15,2,18,5,42,35,15,55,5,1,0,180,5.19,1.37,.278,-22.75,1.54,15551,-21.21
Jordan Lyles,Padres,5,23.0,113,35,20,9,1,5,1,24,24,10,22,0,2,0,69,9.39,1.96,.340,-9.79,-11.81,7593,-21.60
Travis Wood,- - -,14,65.1,302,84,51,16,1,16,7,56,51,27,44,1,0,0,196,7.03,1.70,.307,-16.76,-4.91,9884,-21.68
Dylan Covey,White Sox,12,58.2,262,70,38,15,1,16,4,50,50,26,34,1,5,1,174,7.67,1.65,.299,-18.07,-4.12,14825,-22.19
Matt Moore,Giants,31,172.1,783,199,119,44,9,27,24,116,107,64,147,7,10,0,517,5.59,1.54,.281,-23.95,1.10,1890,-22.85
Tyler Glasnow,Pirates,13,57.0,282,79,43,20,3,13,6,58,50,33,53,2,2,0,171,7.89,2.00,.322,-22.80,-.27,14374,-23.07
Anibal Sanchez,Tigers,17,84.1,376,105,70,17,1,17,7,55,54,19,82,4,2,1,253,5.76,1.48,.298,-10.16,-13.20,3284,-23.36
Daniel Gossett,Athletics,18,91.1,414,116,67,27,1,21,8,67,62,31,72,0,10,0,274,6.11,1.61,.303,-23.41,,16164,-23.41
Bronson Arroyo,Reds,14,71.0,322,94,43,27,1,23,2,59,58,17,45,2,1,0,213,7.35,1.59,.312,-25.03,,978,-25.03
Jordan Zimmermann,Tigers,29,160.0,713,204,128,41,6,29,9,111,108,42,103,7,3,0,480,6.08,1.55,.308,-28.93,,4505,-28.93
Ubaldo Jimenez,Orioles,25,125.0,575,154,85,34,3,32,8,101,100,54,118,5,2,0,375,7.20,1.66,.298,-32.39,3.08,3374,-29.30
Mike Pelfrey,White Sox,21,100.1,457,107,77,22,3,25,11,75,67,51,64,7,1,0,301,6.01,1.61,.271,-30.75,-.72,5203,-31.47
Bartolo Colon,- - -,28,143.0,648,192,110,50,4,28,19,112,103,35,89,1,1,1,429,6.48,1.59,.314,-32.42,,375,-32.42
Derek Holland,White Sox,26,133.2,617,153,89,30,4,30,15,102,89,71,102,8,7,0,399,5.99,1.69,.285,-32.57,-2.18,4141,-34.76
Chris Tillman,Orioles,19,85.1,411,118,70,25,0,23,6,82,77,48,58,2,11,0,256,8.12,1.95,.327,-37.32,.38,5279,-36.95
