Name,Team,G,IP,TBF,H,1B,2B,3B,HR,IFH,R,ER,BB,SO,HBP,WP,BK,OUTS,ERA,WHIP,AVG,playerid,rPW
Craig Kimbrel,Red Sox,67,69,254,33,21,6,0,6,5,11,11,14,126,4,5,0,207,1.43,0.68,.140,6655,30.29
Chad Green,Yankees,39,67,244,32,20,8,0,4,2,12,12,16,100,2,3,0,201,1.61,0.72,.142,15552,29.16
Kenley Jansen,Dodgers,65,68.1,258,44,32,6,1,5,5,11,10,7,109,2,2,1,205,1.32,0.75,.177,3096,27.76
Felipe Rivero,Pirates,73,75.1,300,47,37,6,0,4,10,19,14,20,88,4,2,1,226,1.67,0.89,.170,12076,26.92
Andrew Miller,Indians,57,62.2,244,31,24,4,0,3,7,11,10,21,95,5,1,0,188,1.44,0.83,.142,6785,26.74
Yusmeiro Petit,Angels,59,87.1,339,66,46,11,0,9,3,31,28,22,96,1,0,0,262,2.89,0.96,.206,4020,22.09
Ryan Madson,- - -,60,59,219,38,28,8,0,2,3,12,12,11,67,4,0,0,177,1.83,0.80,.184,1852,22.03
Roberto Osuna,Blue Jays,66,64,249,46,35,7,1,3,6,26,24,9,83,3,4,0,192,3.38,0.86,.194,13764,21.64
Blake Parker,Angels,71,67.1,254,40,24,9,0,7,5,20,19,16,86,1,4,0,202,2.54,0.83,.169,5224,21.63
David Robertson,- - -,61,68.1,264,35,21,8,0,6,3,14,14,28,98,3,7,0,205,1.84,0.85,.147,8241,20.93
Pat Neshek,- - -,71,62.1,235,48,33,12,0,3,6,13,11,6,69,0,0,0,187,1.59,0.87,.210,4682,20.89
Carl Edwards Jr,Cubs,73,66.1,262,29,20,3,0,6,1,22,22,40,94,4,4,0,199,2.98,1.01,.132,13607,20.38
Matt Albers,Nationals,63,61,233,35,24,4,1,6,6,12,11,17,63,4,0,0,183,1.62,0.85,.165,4300,19.91
Brad Hand,Padres,72,79.1,311,54,37,7,1,9,2,20,19,21,104,7,4,0,238,2.16,0.93,.190,9111,19.79
Corey Knebel,Brewers,76,76,309,48,34,8,0,6,7,15,15,45,126,2,2,0,228,1.78,1.16,.180,15010,19.57
Raisel Iglesias,Reds,63,76,306,57,43,8,1,5,5,22,21,28,92,1,1,0,228,2.49,1.11,.205,17130,19.45
Archie Bradley,Diamondbacks,63,73,290,55,40,9,2,4,3,14,14,23,79,1,0,1,219,1.73,1.04,.205,12918,19.00
Chris Devenski,Astros,62,80.2,316,50,26,11,2,11,6,26,24,29,100,2,2,0,242,2.68,0.94,.174,12763,18.71
Alex Claudio,Rangers,69,78.2,307,67,54,10,0,3,7,23,20,19,55,2,0,3,236,2.29,1.04,.231,12890,18.51
Anthony Swarzak,- - -,70,77.1,303,58,42,7,3,6,3,21,20,26,91,2,2,0,232,2.33,1.03,.208,7466,18.01
Ken Giles,Astros,63,62.2,247,44,31,8,1,4,6,16,16,21,83,1,3,0,188,2.30,1.04,.196,12910,17.41
Mike Minor,Royals,65,77.2,307,57,35,16,1,5,5,23,22,25,88,1,5,0,233,2.55,1.02,.201,10021,17.17
Adam Warren,Yankees,46,57.1,223,35,25,6,0,4,2,19,15,17,54,1,5,0,172,2.35,0.87,.169,9029,17.01
Brandon Morrow,Dodgers,45,43.2,170,31,28,3,0,0,4,10,10,10,50,1,2,0,131,2.06,0.92,.194,9346,16.68
Sean Doolittle,- - -,53,51.1,197,34,24,5,0,5,3,18,16,11,62,0,3,0,154,2.81,0.86,.182,1581,16.13
Mychal Givens,Orioles,69,78.2,315,57,37,10,0,10,5,24,24,26,88,5,2,0,236,2.75,1.04,.200,10430,15.34
Juan Nicasio,- - -,76,72.1,291,58,38,14,1,5,3,22,21,22,72,2,1,0,217,2.61,1.08,.216,7731,14.31
Tommy Hunter,Rays,61,58.2,228,43,28,8,1,6,4,18,17,14,64,1,2,0,176,2.61,0.97,.202,1157,14.21
Tommy Kahnle,- - -,69,62.2,256,53,40,8,1,4,8,20,18,18,96,2,5,0,188,2.59,1.12,.224,11384,14.13
Josh Hader,Brewers,35,47.2,188,25,13,8,0,4,2,11,11,23,68,4,0,0,143,2.08,0.99,.154,14212,13.82
Joe Smith,- - -,59,54,214,46,33,9,0,4,3,20,20,11,71,1,0,0,162,3.33,1.04,.227,3281,13.61
Steve Cishek,- - -,49,44.2,174,26,20,3,0,3,5,10,10,15,41,3,3,1,134,2.01,0.90,.166,6483,13.54
Chris Rusin,Rockies,60,85,340,75,57,8,1,9,9,31,25,20,71,3,4,0,255,2.65,1.11,.236,9895,13.54
Darren O'Day,Orioles,64,60.1,240,41,30,2,1,8,5,24,23,26,76,3,0,1,181,3.43,1.08,.192,3321,13.48
Dellin Betances,Yankees,66,59.2,261,29,20,6,0,3,1,20,19,44,100,11,5,1,179,2.87,1.22,.141,6216,13.44
Keone Kela,Rangers,39,38.2,151,18,12,2,0,4,2,12,12,18,51,1,1,1,116,2.79,0.91,.135,14696,13.20
Trevor Rosenthal,Cardinals,50,47.2,202,37,32,1,1,3,3,20,18,20,76,2,2,0,143,3.40,1.20,.206,10745,12.38
Brad Brach,Orioles,67,68,275,51,33,11,0,7,7,27,24,27,70,0,4,1,204,3.18,1.13,.205,6627,11.82
Emilio Pagan,Mariners,34,50.1,196,39,26,5,1,7,4,20,18,8,56,1,1,0,151,3.22,0.93,.209,14771,11.69
Peter Moylan,Royals,79,59.1,243,40,28,7,1,4,7,26,23,28,46,5,1,0,178,3.49,1.10,.188,4891,11.65
Joe Kelly,Red Sox,54,58,238,42,32,7,0,3,2,19,18,28,52,1,4,0,174,2.79,1.19,.200,9761,11.44
Tyler Lyons,Cardinals,50,54,220,39,26,10,0,3,4,17,17,22,68,7,1,0,162,2.83,1.09,.202,11334,11.34
David Hernandez,- - -,64,55,214,48,36,8,0,4,6,20,19,9,52,1,5,0,165,3.11,1.04,.235,4259,11.24
Bryan Shaw,Indians,79,76.2,312,71,52,12,2,5,13,36,30,25,73,0,3,0,230,3.52,1.21,.245,8110,11.16
Scott Alexander,Royals,58,69,283,62,49,9,1,3,13,23,19,28,59,0,3,0,207,2.48,1.30,.243,10591,11.03
Sam Freeman,Braves,58,60,254,48,39,6,0,3,4,19,17,29,59,3,2,0,180,2.55,1.25,.214,6832,10.89
Edwin Diaz,Mariners,66,66,278,44,28,6,0,10,6,28,24,34,89,3,3,1,198,3.27,1.15,.181,14710,10.88
Joakim Soria,Royals,59,56,232,49,40,7,1,1,3,24,23,22,64,1,4,0,168,3.70,1.23,.232,6941,10.88
Brandon Kintzler,- - -,72,71.1,288,66,52,8,1,5,10,25,24,18,39,3,1,0,214,3.03,1.15,.245,9939,10.81
Matt Barnes,Red Sox,70,69.2,287,57,39,10,1,7,5,31,30,28,83,1,3,0,209,3.88,1.22,.221,12863,10.73
Dominic Leone,Blue Jays,65,70.1,279,51,26,16,3,6,4,22,20,26,81,0,8,0,211,2.56,1.05,.199,13763,10.70
Addison Reed,- - -,77,76,306,65,41,12,1,11,4,24,24,18,76,1,2,0,228,2.84,1.05,.224,10586,10.46
Ryan Tepera,Blue Jays,73,77.2,319,57,37,12,1,7,3,35,31,35,81,8,5,0,233,3.59,1.13,.204,10291,10.38
Josh Fields,Dodgers,57,57,223,40,22,8,0,10,2,19,18,16,60,1,1,1,171,2.84,0.96,.193,5070,10.37
Ryan Buchter,- - -,71,65.1,268,44,23,10,1,10,10,25,21,27,65,4,0,1,196,2.89,1.07,.185,9456,10.19
Wade Davis,Cubs,59,58.2,242,39,25,8,0,6,3,16,15,29,79,3,7,0,176,2.30,1.14,.185,7441,10.09
Will Harris,Astros,46,45.1,177,37,26,4,0,7,3,15,15,7,52,0,1,0,136,2.98,0.97,.218,3192,10.07
Luis Garcia,Phillies,66,71.1,295,61,49,9,0,3,5,22,21,31,60,0,9,0,214,2.65,1.22,.227,6984,9.99
Shane Greene,Tigers,71,67.2,283,50,35,8,1,6,6,21,20,38,73,4,1,0,203,2.66,1.24,.204,10756,9.94
Nick Vincent,Mariners,69,64.2,262,62,45,14,0,3,4,23,23,18,50,0,0,0,194,3.20,1.16,.249,7555,9.92
Aroldis Chapman,Yankees,52,50.1,210,37,25,9,0,3,7,20,18,22,69,3,5,0,151,3.22,1.13,.198,10233,9.87
Jake McGee,Rockies,62,57.1,229,47,31,11,1,4,2,23,23,16,58,1,5,0,172,3.61,1.10,.222,7550,9.79
Danny Barnes,Blue Jays,60,66,265,48,29,8,0,11,1,26,26,25,62,1,1,0,198,3.55,1.09,.200,11388,9.69
Fernando Rodney,Diamondbacks,61,55.1,231,40,30,6,1,3,4,29,26,29,65,2,7,0,166,4.23,1.19,.197,494,9.39
Erasmo Ramirez,Rays,18,30.2,113,20,13,4,0,3,2,11,11,6,23,0,0,0,92,3.23,0.85,.187,10314,9.32
Nick Goody,Indians,56,54.2,221,39,24,7,1,7,3,20,17,22,72,3,4,0,164,2.80,1.08,.197,13685,8.92
Zach McAllister,Indians,50,62,249,53,40,4,1,8,0,18,18,21,66,1,3,0,186,2.61,1.19,.233,2895,8.65
Antonio Senzatela,Rockies,16,23.2,92,13,7,5,1,0,2,8,8,8,23,0,0,0,71,3.04,0.89,.155,15488,8.61
Pedro Strop,Cubs,69,60.1,250,45,29,11,1,4,6,22,19,27,65,3,7,1,181,2.83,1.18,.204,4070,8.52
Greg Holland,Rockies,61,57.1,235,40,25,7,1,7,5,24,23,27,70,1,7,0,172,3.61,1.15,.192,7196,8.26
Arodys Vizcaino,Braves,62,57.1,235,42,27,5,3,7,5,19,18,22,64,2,6,0,172,2.83,1.10,.198,5498,8.16
Cody Allen,Indians,69,67.1,282,57,39,8,1,9,6,24,22,21,92,2,9,0,202,2.94,1.16,.220,12183,8.11
Craig Stammen,Padres,60,80.1,329,68,46,10,0,12,8,29,28,31,74,2,2,0,241,3.14,1.20,.227,7274,8.07
Justin Wilson,- - -,65,58,248,40,23,10,2,5,4,23,22,36,80,1,4,0,174,3.41,1.29,.189,4301,7.96
Joe Musgrove,Astros,23,31.1,120,22,12,8,0,2,4,5,5,6,31,2,2,0,94,1.44,0.86,.195,12970,7.75
Cory Gearrin,Giants,68,68,285,50,33,11,2,4,4,16,15,39,64,7,3,0,204,1.99,1.25,.206,7947,7.62
Chase Whitley,Rays,41,57.1,238,48,29,15,0,4,5,29,26,18,43,3,2,0,172,4.08,1.12,.219,10982,7.51
Brian Duensing,Cubs,68,62.1,257,58,42,9,1,6,5,19,19,19,61,2,2,0,187,2.74,1.22,.245,4064,7.45
Tyler Olson,Indians,30,20,77,13,11,2,0,0,3,0,0,6,18,1,0,0,60,0.00,0.95,.186,14741,7.43
Kirby Yates,- - -,62,56.2,231,44,25,7,0,12,5,28,25,21,88,2,0,1,170,3.97,1.11,.210,9073,7.36
Mike Montgomery,Cubs,30,61.1,254,45,34,8,0,3,7,19,17,38,44,4,5,0,184,2.49,1.29,.208,4869,7.25
Kyle Barraclough,Marlins,66,66,286,53,42,6,0,5,5,25,22,41,76,2,6,1,198,3.00,1.38,.215,13713,7.12
Matt Bowman,Cardinals,75,58.2,247,52,37,9,2,4,9,29,26,20,46,5,1,0,176,3.99,1.19,.232,13528,7.07
Alex Colome,Rays,65,66.2,281,57,40,12,1,4,4,27,24,30,58,3,4,0,200,3.24,1.20,.224,6661,7.00
Sergio Romo,- - -,55,55.2,224,42,24,9,0,9,3,23,22,21,59,1,2,1,167,3.56,1.10,.206,9817,6.97
Miguel Castro,Orioles,38,63,257,47,29,11,0,7,8,26,23,31,35,2,1,0,189,3.29,1.17,.206,15684,6.81
Gregory Infante,White Sox,52,54.2,227,45,30,10,1,4,3,20,19,24,49,3,1,0,164,3.13,1.19,.221,9119,6.75
Al Alburquerque,- - -,21,18,71,10,8,2,0,0,2,5,5,8,14,0,0,0,54,2.50,1.00,.159,6324,6.65
Wandy Peralta,Reds,69,64.2,263,53,33,12,0,8,7,28,27,25,57,1,4,0,194,3.76,1.19,.223,14295,6.65
John Brebbia,Cardinals,50,51.2,209,37,17,11,1,8,2,15,14,14,51,5,2,0,155,2.44,0.93,.192,12777,6.53
Alan Busenitz,Twins,28,31.2,121,22,15,2,1,4,2,9,7,9,23,0,2,0,95,1.99,0.98,.196,15239,6.53
Jose Alvarado,Rays,35,29.2,123,24,18,4,1,1,4,12,12,10,29,0,2,0,89,3.64,1.11,.211,17780,6.46
Liam Hendriks,Athletics,70,64,273,57,37,12,1,7,8,34,30,23,78,0,6,0,192,4.22,1.25,.228,3548,6.44
Jose Leclerc,Rangers,47,45.2,200,23,14,5,0,4,3,21,20,41,60,3,5,0,137,3.94,1.38,.146,14524,6.15
Jacob Barnes,Brewers,73,72,304,57,35,14,0,8,11,35,32,37,80,3,6,0,216,4.00,1.25,.213,12323,6.14
Austin Maddox,Red Sox,13,17.1,67,13,11,1,0,1,2,1,1,2,14,0,0,0,52,0.52,0.87,.200,14241,6.12
Jose A Ramirez,Braves,68,62,258,45,26,10,0,9,4,26,22,30,56,5,1,0,186,3.19,1.19,.201,10171,6.08
Brad Peacock,Astros,13,20.1,82,10,7,2,0,1,0,4,4,11,26,1,2,1,61,1.77,1.03,.143,5401,5.96
Sam Tuivailala,Cardinals,37,42.1,171,35,24,7,0,4,4,12,12,14,34,2,2,0,127,2.55,1.09,.222,13485,5.94
Carlos Ramirez,Blue Jays,12,16.2,58,6,1,2,0,3,0,5,5,3,14,1,0,0,50,2.70,0.54,.111,11743,5.93
Hector Neris,Phillies,74,74.2,320,68,48,10,1,9,4,26,25,29,86,6,2,1,224,3.01,1.26,.236,11804,5.87
Matt Belisle,Twins,62,60.1,247,48,30,10,1,7,4,31,27,28,54,2,2,1,181,4.03,1.16,.215,1837,5.69
Trevor Hildenberger,Twins,37,42,170,38,25,8,1,4,0,15,15,8,44,4,1,0,126,3.21,1.05,.238,17002,5.59
Jerry Blevins,Mets,75,49,217,43,33,6,0,4,6,16,16,26,69,4,2,0,147,2.94,1.37,.228,7841,5.58
Dan Otero,Indians,52,60,242,63,48,8,1,6,7,23,19,13,38,0,0,0,180,2.85,1.20,.270,7385,5.56
Dillon Gee,- - -,14,33.1,135,31,23,6,1,1,2,10,5,7,28,4,0,0,100,1.35,1.14,.250,7396,5.51
David Price,Red Sox,5,8.2,32,3,3,0,0,0,1,0,0,2,13,0,0,0,26,0.00,0.58,.100,3184,5.44
Daniel Winkler,Braves,16,14.1,53,7,4,2,0,1,1,4,4,6,18,0,0,0,43,2.51,0.91,.149,12237,5.27
Brock Stewart,Dodgers,13,20.2,80,14,11,1,0,2,0,5,5,8,19,1,0,0,62,2.18,1.02,.194,16727,5.15
Hector Velazquez,Red Sox,5,10.1,36,4,3,1,0,0,0,0,0,3,8,0,0,0,31,0.00,0.68,.121,19341,5.13
David Phelps,- - -,54,55.2,238,51,38,7,1,5,3,23,21,29,62,1,0,0,167,3.40,1.38,.242,6316,5.09
Tony Zych,Mariners,45,40.2,173,30,22,6,0,2,1,12,12,24,35,5,1,1,122,2.66,1.25,.204,12876,5.07
George Kontos,- - -,65,66.1,278,61,36,16,0,9,6,27,25,22,70,0,2,0,199,3.39,1.22,.236,9486,4.88
Koji Uehara,Cubs,49,43,178,38,26,4,1,7,2,21,19,15,50,0,0,0,129,3.98,1.16,.229,9227,4.84
Fernando Abad,Red Sox,48,43.2,182,40,27,9,0,4,4,18,16,15,37,1,0,1,131,3.30,1.24,.240,4994,4.79
Zach Putnam,White Sox,7,8.2,28,2,1,1,0,0,0,1,1,1,9,0,2,0,26,1.04,0.35,.074,9080,4.77
Jimmie Sherfy,Diamondbacks,11,10.2,37,5,2,3,0,0,1,0,0,2,9,0,0,0,32,0.00,0.66,.143,15118,4.72
Ross Stripling,Dodgers,47,69.1,285,67,44,13,0,10,3,31,31,21,69,0,2,0,208,4.02,1.21,.250,13273,4.43
Joe Biagini,Blue Jays,26,31.2,126,25,18,4,0,3,4,15,15,12,27,2,3,0,95,4.26,1.17,.223,13194,4.32
A.J. Minter,Braves,16,15,60,13,9,2,1,1,0,5,5,2,26,0,0,0,45,3.00,1.00,.224,18655,4.24
Drew Steckenrider,Marlins,37,34.2,151,30,21,5,0,4,6,13,9,19,54,0,1,0,104,2.34,1.38,.226,18806,4.20
Noe Ramirez,- - -,12,13,49,6,3,1,0,2,1,5,4,5,14,0,0,0,39,2.77,0.85,.136,12800,4.18
Randall Delgado,Diamondbacks,21,37.2,160,35,21,9,1,4,5,23,18,9,36,0,1,0,113,4.30,1.17,.232,5985,4.15
Hector Rondon,Cubs,61,57.1,237,50,30,9,1,10,8,30,27,20,69,1,3,0,172,4.24,1.22,.231,2391,4.12
Paul Sewald,Mets,57,65.1,275,58,34,15,1,8,3,36,33,23,69,3,3,1,196,4.55,1.21,.231,13892,4.12
Brett Cecil,Cardinals,73,67.1,277,67,42,18,0,7,2,31,29,19,66,0,3,0,202,3.88,1.23,.257,2660,4.05
Danny Farquhar,- - -,52,49.1,215,39,30,6,0,3,5,23,23,32,45,4,4,0,148,4.20,1.36,.213,8501,4.05
Alex Wood,Dodgers,2,5.1,19,0,0,0,0,0,1,0,0,1,4,0,0,0,16,0.00,0.19,.000,13781,4.03
Victor Arano,Phillies,10,10.2,42,6,4,1,1,0,1,2,2,4,13,0,0,0,32,1.69,0.94,.158,15915,3.99
Richard Bleier,Orioles,57,63.1,265,62,47,9,0,6,13,23,14,16,26,4,5,0,190,1.99,1.18,.250,7803,3.98
Robby Scott,Red Sox,57,35.2,141,22,11,3,1,7,2,16,15,14,31,3,3,0,107,3.79,0.98,.176,13042,3.96
Kyle Crick,Giants,30,32.1,134,22,16,2,2,2,2,13,11,18,28,1,6,0,97,3.06,1.21,.190,13182,3.82
Andrew Chafin,Diamondbacks,71,51.1,221,48,34,8,1,5,5,21,20,24,61,2,1,1,154,3.51,1.34,.242,12988,3.75
Ben Heller,Yankees,9,11,43,5,4,0,1,0,1,1,1,6,9,0,1,0,33,0.82,1.00,.135,15100,3.70
Brad Boxberger,Rays,30,29.1,121,23,15,3,1,4,2,11,11,14,40,1,1,0,88,3.38,1.16,.211,10133,3.64
Kyle McGrath,Padres,17,19,75,14,10,2,0,2,0,6,6,7,16,0,1,0,57,2.84,1.05,.203,16793,3.61
Yovani Gallardo,Mariners,6,16,62,9,5,3,1,0,0,3,3,9,10,0,1,0,48,1.69,1.00,.164,8173,3.60
Dan Jennings,- - -,77,62.2,267,53,41,4,0,8,6,27,24,38,51,1,3,0,188,3.45,1.34,.226,8073,3.39
Deck McGuire,Reds,4,5.2,20,2,2,0,0,0,0,0,0,0,4,1,0,0,17,0.00,0.35,.105,11596,3.27
Chase Bradford,Mets,28,33.2,143,30,20,7,0,3,4,17,14,14,27,0,1,0,101,3.74,1.28,.231,12452,3.27
Luis Avilan,Dodgers,61,46,194,42,27,11,2,2,4,16,15,25,52,1,1,0,138,2.93,1.39,.246,2882,3.25
Ryan Pressly,Twins,57,61.1,252,52,33,9,0,10,4,34,32,24,61,3,5,0,184,4.70,1.16,.226,7005,3.12
Ubaldo Jimenez,Orioles,6,17.2,73,15,8,5,1,1,3,8,8,4,21,0,1,0,53,4.08,1.08,.217,3374,3.08
Anthony Banda,Diamondbacks,4,6,25,3,3,0,0,0,3,1,1,2,6,0,0,0,18,1.50,0.83,.130,14706,3.06
Wei-Yin Chen,Marlins,4,6,20,2,0,1,1,0,0,1,1,0,5,0,0,0,18,1.50,0.33,.100,13071,3.05
Jason Motte,Braves,46,40.2,166,28,14,8,0,6,4,16,16,21,27,3,1,0,122,3.54,1.18,.196,5861,3.04
Asher Wojciechowski,Reds,17,27,114,20,11,5,1,3,2,13,12,13,27,1,1,0,81,4.00,1.19,.198,10836,2.95
Taylor Rogers,Twins,69,55.2,237,52,38,8,0,6,2,20,19,26,49,3,1,0,167,3.07,1.31,.244,13449,2.83
Wade LeBlanc,Pirates,50,68,283,64,37,16,1,10,2,35,34,18,54,1,2,0,204,4.50,1.19,.242,5221,2.80
Koda Glover,Nationals,23,19.1,80,20,16,3,0,1,1,11,11,4,17,0,1,0,58,5.12,1.24,.263,17695,2.77
Jackson Stephens,Reds,3,6.1,23,2,1,1,0,0,0,0,0,2,3,1,0,0,19,0.00,0.63,.100,14420,2.71
Andrew Bailey,Angels,4,4,13,1,1,0,0,0,0,0,0,0,2,0,0,0,12,0.00,0.25,.077,1368,2.68
Boone Logan,Indians,38,21,91,20,16,2,0,2,1,13,11,9,28,1,0,0,63,4.71,1.38,.247,5525,2.64
Michael Blazek,Brewers,4,6.1,22,5,5,0,0,0,0,1,0,0,3,0,0,0,19,0.00,0.79,.227,9654,2.62
Jarlin Garcia,Marlins,68,53.1,225,47,30,9,2,6,3,29,28,17,42,4,5,0,160,4.73,1.20,.230,18282,2.62
Jake Diekman,Rangers,11,10.2,45,4,3,0,0,1,1,3,3,11,13,0,0,0,32,2.53,1.31,.114,5003,2.57
Edward Paredes,Dodgers,10,8.1,31,8,7,0,0,1,1,3,3,0,11,0,0,0,25,3.24,0.96,.258,4168,2.43
Chih-Wei Hu,Rays,6,10,40,5,2,1,0,2,2,4,3,4,9,0,0,0,30,2.70,0.90,.139,16419,2.43
Cody Reed,Reds,11,15.2,64,7,3,3,0,1,1,4,3,16,14,0,0,0,47,1.72,1.34,.140,15232,2.35
Luke Farrell,Reds,9,10.1,43,5,3,1,0,1,0,3,3,7,7,0,0,0,31,2.61,1.16,.139,15101,2.34
Joaquin Benoit,- - -,52,50.1,213,43,25,9,2,7,4,28,26,23,46,1,1,0,151,4.65,1.29,.226,1437,2.26
Adam Morgan,Phillies,37,54.2,229,51,32,7,2,10,5,25,25,20,63,0,1,0,164,4.12,1.26,.242,12580,2.25
Jacob Faria,Rays,2,5,17,2,1,0,0,1,0,2,2,0,5,0,0,0,15,3.60,0.40,.118,13699,2.25
Edubray Ramos,Phillies,59,57.2,256,57,43,7,3,4,5,29,27,31,75,0,5,1,173,4.21,1.47,.250,16086,2.23
Tyler Anderson,Rockies,2,5,18,2,2,0,0,0,0,0,0,1,7,0,2,0,15,0.00,0.60,.118,12880,2.20
Jeurys Familia,Mets,26,24.2,111,21,17,3,0,1,4,14,12,18,25,1,1,0,74,4.38,1.46,.221,5114,2.13
Chaz Roe,- - -,12,10.2,44,7,5,1,0,1,1,5,3,5,13,1,1,0,32,2.53,1.13,.184,9866,2.09
Jen-Ho Tseng,Cubs,1,3,9,0,0,0,0,0,0,0,0,1,2,0,0,0,9,0.00,0.33,.000,15524,2.07
Chris Volstad,White Sox,4,8.1,30,7,6,0,0,1,0,2,1,0,5,1,0,0,25,1.08,0.84,.241,9901,2.07
Chase DeJong,Mariners,3,8.2,33,4,2,1,0,1,0,3,3,5,4,0,0,0,26,3.12,1.04,.143,15036,2.00
A.J. Ramos,- - -,61,58.2,258,49,34,6,2,7,5,27,26,35,72,2,7,0,176,3.99,1.41,.221,8350,1.99
Hunter Strickland,Giants,68,61.1,268,59,45,6,4,4,4,20,18,33,58,2,3,1,184,2.64,1.43,.249,7836,1.98
Ty Blach,Giants,10,14,59,11,9,2,0,0,0,7,7,8,3,1,0,0,42,4.50,1.36,.220,14361,1.92
Kevin McCarthy,Royals,33,45,196,50,39,7,0,4,6,23,16,13,27,0,1,0,135,3.20,1.40,.273,15240,1.90
Hyun-Jin Ryu,Dodgers,1,4,14,2,2,0,0,0,0,0,0,1,2,0,0,0,12,0.00,0.75,.154,14444,1.88
Christian Bergman,Mariners,5,11.1,46,9,7,1,0,1,0,3,3,3,5,2,0,0,34,2.38,0.97,.214,10925,1.73
Junior Guerra,Brewers,7,6.1,24,3,1,0,0,2,0,3,3,2,12,0,0,0,19,4.26,0.79,.136,5702,1.70
Carson Smith,Red Sox,8,6.2,27,7,7,0,0,0,2,1,1,2,7,0,0,0,20,1.35,1.35,.280,13172,1.69
Zach Britton,Orioles,38,37.1,161,39,33,5,0,1,5,12,12,19,29,0,4,0,112,2.89,1.53,.273,3240,1.68
Matt Garza,Brewers,2,2.2,9,1,1,0,0,0,0,0,0,0,2,0,0,0,8,0.00,0.38,.111,3340,1.68
Robert Whalen,Mariners,1,2,6,0,0,0,0,0,0,0,0,0,2,0,0,0,6,0.00,0.00,.000,14165,1.65
Ryan Sherriff,Cardinals,13,14.1,60,13,9,2,0,2,1,5,5,4,15,1,0,0,43,3.14,1.19,.236,12249,1.63
Huston Street,Angels,4,4,15,2,1,1,0,0,0,0,0,1,3,0,0,0,12,0.00,0.75,.143,8258,1.62
Shae Simmons,Mariners,9,7.2,30,4,2,1,0,1,2,6,6,4,8,0,1,0,23,7.04,1.04,.154,14200,1.61
Jose Torres,Padres,62,68.1,284,63,35,14,1,13,7,34,32,16,63,4,2,3,205,4.21,1.16,.239,14957,1.59
Kenta Maeda,Dodgers,4,8,32,7,6,0,0,1,2,3,2,1,10,1,1,0,24,2.25,1.00,.233,18498,1.59
Marco Gonzales,Mariners,3,7,29,7,6,1,0,0,1,0,0,1,8,0,1,0,21,0.00,1.14,.250,15467,1.55
Mark Leiter,Phillies,16,30,130,22,14,2,2,4,2,17,15,18,29,2,2,0,90,4.50,1.27,.196,15551,1.54
Daniel Descalso,Diamondbacks,2,2,6,0,0,0,0,0,0,0,0,0,0,0,0,0,6,0.00,0.00,.000,8392,1.50
Albert Suarez,Giants,18,31.2,135,28,16,7,1,4,0,18,18,13,34,1,1,0,95,5.12,1.23,.228,6175,1.48
Ryan Garton,- - -,20,22,90,18,10,4,0,4,1,12,12,6,16,0,2,0,66,4.91,1.09,.214,14016,1.46
Blake Treinen,- - -,72,75.2,325,80,58,14,2,6,10,35,33,28,74,5,4,0,227,3.93,1.39,.271,12572,1.43
Danny Salazar,Indians,4,5.2,24,5,4,1,0,0,1,1,1,1,7,0,1,0,17,1.59,1.06,.217,5867,1.42
Buddy Baumann,Padres,23,17.2,72,11,5,2,0,4,2,5,5,9,21,3,0,0,53,2.55,1.02,.177,9309,1.40
Zack Godley,Diamondbacks,1,1.2,5,0,0,0,0,0,0,0,0,0,2,0,0,0,5,0.00,0.00,.000,14862,1.40
Eduardo Paredes,Angels,18,22.1,92,21,14,5,0,2,1,11,11,7,17,3,0,0,67,4.43,1.21,.253,16344,1.38
Cam Bedrosian,Angels,48,44.2,190,41,26,8,2,5,5,26,22,18,53,0,7,0,134,4.43,1.30,.237,13360,1.33
Aaron Bummer,White Sox,30,22,91,13,7,2,0,4,1,11,11,16,17,1,1,0,66,4.50,1.27,.173,16258,1.31
Andrew Moore,Mariners,2,7.2,32,7,5,1,0,1,1,5,5,2,8,0,0,0,23,5.87,1.17,.233,17553,1.19
Matt Andriese,Rays,1,3,11,1,0,1,0,0,0,0,0,1,0,0,0,0,9,0.00,0.67,.100,12022,1.12
Lucas Sims,Braves,4,6.1,24,5,2,3,0,0,0,3,3,2,5,0,0,0,19,4.26,1.11,.227,13470,1.12
Zach Duke,Cardinals,27,18.1,74,13,8,2,0,3,2,8,8,8,12,2,2,0,55,3.93,1.04,.197,3840,1.11
Matt Moore,Giants,1,2,7,1,1,0,0,0,0,0,0,0,1,0,0,0,6,0.00,0.50,.143,1890,1.10
Luke Weaver,Cardinals,3,5,19,4,4,0,0,0,0,0,0,3,3,0,0,0,15,0.00,1.40,.250,16918,1.10
Andrew Kittredge,Rays,15,15.1,66,13,8,3,0,2,3,4,3,7,14,0,1,0,46,1.76,1.24,.217,12828,1.05
Silvino Bracho,Diamondbacks,21,20.2,87,18,11,2,0,5,3,14,13,7,25,0,1,0,62,5.66,1.21,.225,15051,1.05
James Pazos,Mariners,59,53.2,240,51,36,8,0,7,7,30,23,24,65,5,4,1,161,3.86,1.40,.242,13323,1.03
Akeel Morris,Braves,8,7.1,32,6,3,3,0,0,0,1,1,4,9,0,0,0,22,1.23,1.36,.214,12185,1.03
Nate Jones,White Sox,11,11.2,49,9,6,2,0,1,0,3,3,7,15,1,1,0,35,2.31,1.29,.214,4696,.99
Chris Hatcher,- - -,49,59.2,257,58,37,11,0,10,5,29,28,23,63,0,2,1,179,4.22,1.32,.246,3299,.95
Domingo German,Yankees,7,14.1,62,11,7,3,0,1,2,6,5,9,18,0,3,0,43,3.14,1.40,.208,17149,.95
Jamie Callahan,Mets,9,6.2,30,7,5,1,1,0,1,4,3,1,5,0,0,0,20,4.05,1.20,.241,14711,.93
Carson Fulmer,White Sox,2,4.2,19,2,1,0,0,1,1,1,1,2,3,1,0,0,14,1.93,0.86,.125,18311,.92
Eduardo Rodriguez,Red Sox,1,1,3,0,0,0,0,0,0,0,0,0,2,0,0,0,3,0.00,0.00,.000,13164,.90
Aaron Wilkerson,Brewers,1,1,3,0,0,0,0,0,0,0,0,0,2,0,0,0,3,0.00,0.00,.000,16904,.90
James Hoyt,Astros,43,49.1,211,51,33,10,1,7,4,24,24,14,66,2,4,0,148,4.38,1.32,.262,14605,.89
Austin Brice,Reds,22,32.2,137,33,23,4,0,6,3,18,18,7,26,3,0,0,98,4.96,1.22,.260,17237,.88
Carter Capps,Padres,11,12.1,49,12,9,1,0,2,0,9,9,2,7,0,1,0,37,6.57,1.14,.255,12803,.88
Kyle Freeland,Rockies,5,6.1,27,6,3,3,0,0,0,2,2,2,8,0,0,0,19,2.84,1.26,.240,16256,.86
Thyago Vieira,Mariners,1,1,3,0,0,0,0,0,0,0,0,0,1,0,0,0,3,0.00,0.00,.000,14510,.82
Chris O'Grady,Marlins,7,6.2,28,7,6,1,0,0,2,0,0,3,4,0,0,0,20,0.00,1.50,.280,13818,.81
Adam Liberatore,Dodgers,4,3.1,15,3,3,0,0,0,0,1,1,2,5,0,0,0,10,2.70,1.50,.231,10637,.80
Tom Koehler,Blue Jays,14,12,51,12,7,3,1,1,1,4,4,3,11,0,0,0,36,3.00,1.25,.250,6570,.77
Jack Flaherty,Cardinals,1,1,3,0,0,0,0,0,0,0,0,0,0,0,0,0,3,0.00,0.00,.000,17479,.75
Daniel Slania,Giants,1,1,3,0,0,0,0,0,0,0,0,0,0,0,0,0,3,0.00,0.00,.000,15639,.75
Reyes Moronta,Giants,7,6.2,29,6,5,0,0,1,0,2,2,4,11,0,0,0,20,2.70,1.35,.231,14966,.73
Andrew Albers,Mariners,3,9.2,41,9,7,0,0,2,0,5,5,3,12,1,0,0,29,4.66,1.24,.243,7853,.72
Simon Castro,Athletics,26,37,153,32,17,8,0,7,4,20,18,14,35,2,1,0,111,4.38,1.24,.234,9243,.70
Erick Aybar,Padres,2,1.1,4,0,0,0,0,0,0,0,0,1,0,0,0,0,4,0.00,0.75,.000,4082,.67
J.D. Davis,Astros,2,1.2,7,1,1,0,0,0,0,0,0,1,3,0,0,0,5,0.00,1.20,.167,16219,.67
Taylor Williams,Brewers,5,4.2,20,4,2,2,0,0,1,1,1,2,4,0,0,0,14,1.93,1.29,.222,14899,.66
Jose Alvarez,Angels,64,48.2,203,50,34,8,1,7,1,23,21,17,45,0,1,0,146,3.88,1.27,.262,5358,.65
Daniel Coulombe,Athletics,72,51.2,219,46,28,12,2,4,5,22,20,23,39,4,5,0,155,3.48,1.32,.238,13293,.64
Pedro Beato,Phillies,1,0.2,2,0,0,0,0,0,0,0,0,0,1,0,0,0,2,0.00,0.00,.000,1330,.57
Patrick Corbin,Diamondbacks,1,2.2,11,2,2,0,0,0,0,0,0,2,2,0,0,0,8,0.00,1.50,.222,9323,.55
Jared Hughes,Brewers,67,59.2,244,49,24,19,2,4,5,21,20,29,48,6,6,0,179,3.02,1.22,.229,9325,.54
Jose Ruiz,Padres,1,1,4,0,0,0,0,0,0,0,0,1,1,0,0,0,3,0.00,1.00,.000,14552,.49
Tyler Duffey,Twins,56,71,310,79,60,10,0,9,9,41,39,23,67,1,4,0,213,4.94,1.37,.271,13758,.43
Robert Gsellman,Mets,3,4,15,4,2,2,0,0,0,1,1,1,4,0,0,0,12,2.25,1.25,.286,13696,.42
David Goforth,Brewers,1,1,4,0,0,0,0,0,0,0,0,1,0,0,0,0,3,0.00,1.00,.000,12166,.42
Phil Maton,Padres,46,43,180,41,26,4,1,10,3,23,20,14,46,1,0,0,129,4.19,1.28,.248,18064,.41
Tyler Pill,Mets,4,5.2,24,3,2,0,0,1,0,4,4,4,2,1,0,0,17,6.35,1.24,.158,12751,.41
Juan Minaya,White Sox,40,43.2,184,38,23,7,1,7,0,22,22,20,51,4,2,1,131,4.53,1.33,.238,10341,.38
Chris Tillman,Orioles,5,7.2,33,7,6,0,0,1,2,4,4,3,5,2,0,0,23,4.70,1.30,.250,5279,.38
Sammy Solis,Nationals,30,26,112,22,13,5,0,4,0,17,17,13,28,0,3,0,78,5.88,1.35,.222,11457,.36
A.J. Schugel,Pirates,32,32,136,31,22,5,1,3,0,8,7,16,27,0,2,0,96,1.97,1.41,.254,11432,.34
Pedro Baez,Dodgers,66,64,280,56,30,13,4,9,4,24,21,31,64,2,1,1,192,2.95,1.33,.225,5420,.32
Mike Dunn,Rockies,68,50.1,220,43,26,8,1,8,1,25,25,28,57,0,4,0,151,4.47,1.41,.224,9948,.32
Deolis Guerra,Angels,19,25,105,20,9,7,0,4,2,13,13,12,22,0,2,0,75,4.68,1.28,.215,8410,.31
Enny Romero,Nationals,53,55.2,245,55,37,10,1,7,5,26,22,25,65,3,2,2,167,3.56,1.40,.251,4001,.28
Jon Jay,Cubs,1,1,4,1,1,0,0,0,0,0,0,0,0,0,0,0,3,0.00,1.00,.250,5227,.28
Luis Sardinas,Padres,1,1,4,1,1,0,0,0,0,0,0,0,0,0,0,0,3,0.00,1.00,.250,13153,.28
Seth Lugo,Mets,1,3,12,2,1,0,0,1,0,1,1,1,3,0,0,0,9,3.00,1.00,.182,12447,.27
Bud Norris,Angels,57,53.2,234,50,36,5,1,8,3,28,28,26,67,3,6,0,161,4.70,1.38,.242,9492,.26
Hunter Wood,Rays,1,0.1,1,0,0,0,0,0,0,0,0,0,0,0,0,0,1,0.00,0.00,.000,15091,.25
Zac Rosscup,- - -,10,7.2,32,9,6,1,0,2,2,4,4,0,10,0,0,0,23,4.70,1.17,.281,9419,.19
Jesse Hahn,Athletics,1,6,26,7,4,3,0,0,1,2,2,1,3,0,0,0,18,3.00,1.33,.280,13287,.17
Jean Machi,Mariners,5,7.2,31,7,5,1,0,1,0,2,1,4,4,0,0,0,23,1.17,1.43,.259,3220,.17
Gabriel Moya,Twins,7,6.1,26,5,3,0,0,2,1,3,3,2,5,0,0,1,19,4.26,1.11,.208,16348,.16
Chasen Shreve,Yankees,44,45.1,198,35,16,11,0,8,4,20,19,28,58,0,4,0,136,3.77,1.32,.202,10855,.15
Giovanny Gallegos,Yankees,16,20.1,88,21,13,5,0,3,2,12,11,6,22,0,1,1,61,4.87,1.28,.253,14986,.15
Grant Dayton,Dodgers,29,23.2,102,19,10,4,0,5,2,13,13,13,20,0,0,0,71,4.94,1.31,.211,11203,.15
Jesse Chavez,Angels,17,24.2,102,28,18,6,0,4,2,16,16,5,33,0,1,0,74,5.84,1.34,.289,5448,.13
Jose Berrios,Twins,1,1.1,6,2,2,0,0,0,0,0,0,0,1,0,0,0,4,0.00,1.50,.333,14168,.13
Ryan Dull,Athletics,49,42,177,37,24,6,0,7,3,30,24,17,45,3,6,0,126,5.14,1.26,.234,13974,.13
Brandon Workman,Red Sox,33,39.2,162,37,20,8,2,7,5,17,14,13,37,1,1,0,119,3.18,1.21,.247,11428,.12
Luis Cessa,Yankees,5,14.1,60,14,11,1,0,2,2,5,5,6,10,0,2,0,43,3.14,1.40,.259,13345,.07
Javy Guerra,Marlins,16,21,88,23,17,4,0,2,1,8,7,8,12,0,0,0,63,3.00,1.43,.284,7407,.06
Michael Lorenzen,Reds,70,83,361,78,56,12,1,9,9,43,41,39,80,4,12,1,249,4.45,1.35,.241,14843,.05
Matt Boyd,Tigers,1,1.1,6,1,1,0,0,0,0,1,1,2,2,0,0,0,4,6.75,2.25,.250,15440,.02
Justin Grimm,Cubs,50,55.1,232,47,30,5,0,12,1,34,34,27,59,1,4,1,166,5.53,1.34,.230,11720,.00
Roenis Elias,Red Sox,1,0.1,2,0,0,0,0,0,0,0,0,1,1,0,0,0,1,0.00,3.00,.000,12673,-.01
Hernan Perez,Brewers,1,1,5,1,1,0,0,0,0,0,0,1,0,0,0,0,3,0.00,2.00,.250,5751,-.05
Ryan Merritt,Indians,1,1,4,1,0,1,0,0,0,0,0,0,0,0,0,0,3,0.00,1.00,.250,13688,-.05
Michael Martinez,Indians,1,1,4,1,0,1,0,0,0,0,0,0,0,0,0,0,3,0.00,1.00,.250,7358,-.05
Dovydas Neverauskas,Pirates,24,25.1,105,24,16,3,1,4,0,11,11,8,17,1,2,0,76,3.91,1.26,.250,11604,-.06
Hansel Robles,Mets,46,56.2,247,47,29,6,2,10,3,31,31,31,60,5,2,0,170,4.92,1.34,.221,11801,-.06
Odrisamer Despaigne,Marlins,10,14,60,15,11,3,0,1,2,6,6,6,8,1,0,0,42,3.86,1.50,.283,16017,-.07
Ashur Tolliver,Astros,3,5,22,4,3,1,0,0,1,2,2,4,5,1,1,0,15,3.60,1.60,.235,10044,-.07
Zac Curtis,- - -,6,8.1,36,6,3,2,0,1,1,4,1,3,6,2,2,0,25,1.08,1.08,.194,16684,-.10
Kevin Shackelford,Reds,26,30.2,135,30,22,2,0,6,2,16,16,13,38,3,1,0,92,4.70,1.40,.252,11012,-.11
Mitch Moreland,Red Sox,1,1,5,2,2,0,0,0,0,0,0,0,1,0,0,0,3,0.00,2.00,.400,3086,-.12
Troy Scribner,Angels,6,7,29,6,3,1,1,1,0,3,3,3,3,0,0,0,21,3.86,1.29,.231,15570,-.15
Ernesto Frieri,Rangers,6,7,31,6,5,1,0,0,0,4,4,8,5,0,0,0,21,5.14,1.71,.240,5178,-.17
Brandon McCarthy,Dodgers,3,6,26,7,4,2,1,0,0,4,4,2,6,0,0,0,18,6.00,1.50,.292,4662,-.22
Steven Okert,Giants,44,27,118,24,13,7,1,3,2,18,17,13,22,3,0,0,81,5.67,1.30,.231,13580,-.22
Trevor Bauer,Indians,1,0.2,3,1,0,1,0,0,0,0,0,0,1,0,0,0,2,0.00,1.50,.333,12703,-.23
Hunter Cervenka,Marlins,5,4.2,24,1,1,0,0,0,0,8,8,8,6,2,1,0,14,15.43,1.93,.071,10510,-.23
Adam Wainwright,Cardinals,1,2,9,3,3,0,0,0,0,1,1,1,0,0,0,0,6,4.50,2.00,.375,2233,-.24
Jack Leathersich,- - -,7,5,25,4,2,2,0,0,0,2,2,6,7,0,0,0,15,3.60,2.00,.211,12562,-.26
Trevor Williams,Pirates,6,11.2,53,12,10,0,0,2,1,8,7,7,10,0,0,0,35,5.40,1.63,.261,16977,-.26
Jimmy Yacabonis,Orioles,14,20.2,90,18,14,1,1,2,3,10,10,15,8,0,1,0,62,4.35,1.55,.237,15157,-.27
Tyler Glasnow,Pirates,2,5,23,2,2,0,0,0,1,3,3,9,3,0,1,0,15,5.40,2.20,.143,14374,-.27
Parker Bridwell,Angels,1,3.2,15,7,7,0,0,0,3,1,0,0,1,0,0,0,11,0.00,1.91,.467,11502,-.27
Luis Santos,Blue Jays,10,16.2,68,15,6,5,0,4,3,5,5,4,16,0,1,0,50,2.70,1.14,.234,15006,-.27
Daniel Stumpf,Tigers,55,37.2,160,37,27,3,2,5,1,16,16,16,33,2,2,1,113,3.82,1.38,.259,13780,-.29
Miguel Montero,Cubs,1,1,5,0,0,0,0,0,0,0,0,2,0,0,1,0,3,0.00,2.00,.000,3364,-.31
Shawn Armstrong,Indians,21,24.2,108,23,15,3,0,5,3,12,12,10,20,1,1,0,74,4.38,1.34,.237,12857,-.32
Jorge de la Rosa,Diamondbacks,65,51.1,219,46,30,9,0,7,3,24,24,25,45,3,5,0,154,4.21,1.31,.236,2047,-.34
Damien Magnifico,Angels,1,0.1,3,0,0,0,0,0,0,0,0,2,1,0,0,0,1,0.00,6.00,.000,13395,-.34
Chris Stratton,Giants,3,7.1,34,10,8,2,0,0,0,7,7,3,7,0,0,0,22,8.59,1.77,.323,13761,-.34
Pierce Johnson,Cubs,1,1,7,2,2,0,0,0,0,2,0,1,2,0,0,0,3,0.00,3.00,.333,13435,-.37
Andrew Romine,Tigers,2,1,6,1,1,0,0,0,0,0,0,1,0,1,0,0,3,0.00,2.00,.250,1159,-.38
Artie Lewicki,Tigers,3,5.1,26,8,8,0,0,0,0,3,2,3,5,0,0,0,16,3.38,2.06,.348,16731,-.39
Tyler Chatwood,Rockies,8,11.1,49,9,8,0,0,1,1,5,5,6,11,2,5,0,34,3.97,1.32,.220,4338,-.41
John Gant,Cardinals,5,9.1,39,7,3,1,0,3,1,4,4,5,8,0,0,0,28,3.86,1.29,.206,13684,-.41
Tanner Roark,Nationals,2,6,26,7,4,2,0,1,0,5,5,1,4,0,0,0,18,7.50,1.33,.280,8753,-.42
Matt Grace,Nationals,39,45.2,200,48,36,8,1,3,6,25,24,21,30,3,2,0,137,4.73,1.42,.267,11449,-.42
Tyler Cloyd,Mariners,1,1,4,2,1,1,0,0,0,0,0,0,1,0,0,0,3,0.00,2.00,.500,8536,-.45
Matt Strahm,Royals,21,23,101,14,8,2,0,4,1,11,11,22,26,2,2,0,69,4.30,1.48,.177,13799,-.46
Ronald Herrera,Yankees,2,3,14,3,2,0,0,1,1,2,2,1,3,1,0,0,9,6.00,1.33,.250,15688,-.47
Amir Garrett,Reds,2,3.1,15,4,4,0,0,0,1,2,2,4,2,0,0,0,10,5.40,2.40,.364,14375,-.49
Eddie Butler,Cubs,2,3.1,14,3,2,0,0,1,0,2,2,1,1,0,1,0,10,5.40,1.20,.231,13453,-.49
T.J. House,Blue Jays,2,2,10,3,2,1,0,0,0,1,1,1,1,0,0,0,6,4.50,2.00,.333,9121,-.50
Tyler Clippard,- - -,67,60.1,264,47,24,12,1,10,7,33,32,32,72,2,11,0,181,4.77,1.29,.203,5640,-.50
Brent Suter,Brewers,8,11.1,51,13,11,2,0,0,1,5,4,7,10,1,1,0,34,3.18,1.68,.295,13942,-.51
Mike Fiers,Astros,1,1,5,2,2,0,0,0,0,2,2,1,0,0,0,0,3,18.00,3.00,.500,7754,-.52
Tanner Scott,Orioles,2,1.2,9,2,1,1,0,0,0,2,2,2,2,0,0,0,5,10.80,2.40,.286,17586,-.53
Chad Qualls,Rockies,19,16.2,72,17,10,3,1,3,2,11,10,5,11,0,0,0,50,5.40,1.32,.254,2170,-.54
Mike Foltynewicz,Braves,1,2,9,3,2,0,0,1,0,2,2,0,4,0,0,0,6,9.00,1.50,.333,10811,-.55
Doug Fister,Red Sox,3,6.1,30,7,6,1,0,0,1,5,5,5,4,0,1,0,19,7.11,1.74,.269,9425,-.56
Hoby Milner,Phillies,37,31.1,139,30,21,7,0,2,3,7,7,19,22,4,0,0,94,2.01,1.47,.252,13346,-.56
Adam Conley,Marlins,2,2,9,2,1,0,0,1,0,1,1,0,1,1,0,0,6,4.50,1.00,.250,14457,-.63
Aaron Loup,Blue Jays,70,57.2,265,59,45,10,0,4,9,27,24,34,64,6,3,0,173,3.75,1.53,.257,10343,-.63
Leonel Campos,Blue Jays,13,13.2,60,11,4,5,0,2,1,6,4,8,15,1,1,0,41,2.63,1.39,.216,12277,-.63
Diego Moreno,Rays,5,5.2,26,6,3,2,0,1,1,4,3,2,6,1,0,0,17,4.76,1.41,.261,6238,-.65
T.J. McFarland,Diamondbacks,42,53.2,233,60,46,10,0,4,9,35,25,21,29,2,2,0,161,4.19,1.40,.278,3237,-.65
Rob Brantly,White Sox,1,1,4,1,0,0,0,1,0,1,1,0,0,0,0,0,3,9.00,1.00,.250,10655,-.65
Jose Urena,Marlins,6,15.1,65,18,14,0,2,2,1,4,4,3,8,0,1,0,46,2.35,1.37,.290,11589,-.66
Michael Freeman,Mariners,1,1,6,3,3,0,0,0,0,1,1,0,0,0,0,0,3,9.00,3.00,.500,11241,-.66
Jake Esch,Padres,1,0,2,0,0,0,0,0,0,0,0,2,0,0,0,0,0,0.00,2.00,.000,12756,-.66
A.J. Cole,Nationals,3,7.2,31,6,2,3,0,1,0,3,3,3,3,0,2,1,23,3.52,1.17,.214,11467,-.70
Kyle Martin,Red Sox,2,2.1,11,2,1,0,0,1,0,1,1,2,1,0,0,0,7,3.86,1.71,.222,14860,-.71
Nori Aoki,Astros,1,1,6,1,0,1,0,0,0,3,3,2,0,0,0,0,3,27.00,3.00,.250,13075,-.71
Mike Pelfrey,White Sox,13,19.2,89,20,14,2,1,3,2,12,12,7,15,3,0,0,59,5.49,1.37,.253,5203,-.72
Brian Flynn,Royals,1,2.1,8,3,1,0,2,0,0,1,1,0,0,0,0,0,7,3.86,1.29,.375,12027,-.76
Timothy Melville,Padres,2,2.1,12,3,2,1,0,0,0,3,2,3,3,0,0,0,7,7.71,2.57,.333,9149,-.76
Samuel Gaviglio,- - -,3,4,18,4,1,2,0,1,0,2,2,2,5,0,0,0,12,4.50,1.50,.250,12778,-.77
Bobby Wahl,Athletics,7,7.2,36,8,5,3,0,0,1,4,4,4,8,1,2,0,23,4.70,1.57,.258,14832,-.79
Dietrich Enns,Twins,1,1.2,7,2,0,1,0,1,0,2,2,0,2,0,0,0,5,10.80,1.20,.286,13932,-.80
Oliver Perez,Nationals,50,33,143,32,20,5,3,4,2,17,17,14,39,4,1,1,99,4.64,1.33,.252,1514,-.82
Santiago Casilla,Athletics,63,59,259,58,38,11,1,8,6,29,28,23,57,6,3,0,177,4.27,1.36,.251,2873,-.83
Nik Turley,Twins,7,8.1,35,7,5,0,0,2,1,5,5,4,6,1,2,0,25,5.40,1.32,.233,5530,-.84
Marc Rzepczynski,Mariners,64,31.1,137,29,23,4,0,2,6,16,14,25,25,1,3,0,94,4.02,1.56,.250,6612,-.86
Donnie Hart,Orioles,51,43.2,190,48,35,8,0,5,4,19,18,13,29,4,1,1,131,3.71,1.40,.277,15306,-.88
Tony Cingrani,- - -,47,42.2,176,40,21,9,0,10,4,22,20,12,52,1,4,0,128,4.22,1.22,.245,12555,-.88
Edgar Santana,Pirates,19,18,81,16,8,6,0,2,2,8,7,13,20,1,0,0,54,3.50,1.56,.235,17355,-.89
Fabio Castillo,Dodgers,2,1.1,8,3,3,0,0,0,1,2,2,1,2,0,1,0,4,13.50,3.00,.429,2826,-.92
John Lackey,Cubs,1,1,5,2,0,2,0,0,0,1,1,0,1,0,0,1,3,9.00,2.00,.400,1507,-.93
Jonathan Holder,Yankees,37,39.1,171,45,31,8,1,5,6,17,17,9,40,3,2,0,118,3.89,1.35,.281,16588,-.93
Josh Ravin,Dodgers,14,16.2,71,12,4,1,3,4,2,12,12,10,19,1,0,0,50,6.48,1.26,.197,2951,-.95
Jandel Gustave,Astros,6,5,25,5,4,1,0,0,2,4,3,7,2,0,0,0,15,5.40,2.40,.278,14665,-.96
Tanner Scheppers,Rangers,5,4,21,5,3,2,0,0,0,3,3,3,5,1,0,0,12,6.75,2.00,.294,10267,-.97
Austin Adams,Nationals,6,5,29,4,3,1,0,0,1,4,2,8,10,1,1,0,15,3.60,2.40,.200,13801,-1.03
Jorge Lopez,Brewers,1,2,10,4,3,1,0,0,0,1,1,1,0,0,0,0,6,4.50,2.50,.444,14527,-1.04
Arcenio Leon,Tigers,6,6.2,31,7,5,2,0,0,1,9,9,7,2,0,0,0,20,12.15,1.95,.280,8846,-1.05
Dillon Maples,Cubs,6,5.1,27,6,4,2,0,0,0,6,6,6,11,0,1,0,16,10.13,2.25,.286,14672,-1.05
Seth Frankoff,Cubs,1,2,9,4,3,0,0,1,1,2,2,0,2,0,0,0,6,9.00,2.00,.444,11346,-1.10
Jason Gurka,Angels,3,0.2,5,2,1,1,0,0,0,0,0,1,0,0,0,0,2,0.00,4.50,.500,8007,-1.10
Kevin McGowan,Mets,8,8.2,40,8,4,2,0,2,1,5,5,6,8,0,0,0,26,5.19,1.62,.235,15215,-1.11
Tyler White,Astros,1,1,5,2,1,0,0,1,0,2,2,0,0,0,0,0,3,18.00,2.00,.400,15564,-1.12
Justin Marks,Rays,1,1.1,7,2,1,0,0,1,0,1,1,1,1,0,0,0,4,6.75,2.25,.333,10265,-1.13
Chris Gimenez,Twins,6,5,22,7,4,2,0,1,0,4,4,0,0,0,0,0,15,7.20,1.40,.318,7324,-1.13
Kyle Crockett,Indians,4,1.2,11,4,4,0,0,0,0,2,2,1,2,1,0,0,5,10.80,3.00,.444,15033,-1.14
Andres Blanco,Phillies,1,0.1,2,1,0,0,0,1,0,1,1,0,0,0,0,0,1,27.00,3.00,.500,1907,-1.15
Ariel Hernandez,Reds,19,24.1,108,14,5,3,0,6,0,14,14,23,29,0,2,0,73,5.18,1.48,.163,15603,-1.16
Chris M Smith,Athletics,5,9,42,10,6,3,0,1,1,6,6,5,4,0,0,0,27,6.00,1.56,.263,4544,-1.16
Shane Carle,Rockies,3,4,19,6,4,1,0,1,0,3,3,0,4,0,1,0,12,6.75,1.50,.316,15258,-1.18
Gabriel Ynoa,Orioles,5,14.2,63,17,11,1,2,3,1,6,6,3,13,0,0,0,44,3.68,1.36,.283,12938,-1.19
Rubby de la Rosa,Diamondbacks,9,7.2,34,7,3,1,1,2,0,4,4,5,12,0,0,1,23,4.70,1.43,.233,3862,-1.20
Daniel Wright,Angels,3,10.1,47,12,10,1,0,1,0,8,8,5,4,1,1,0,31,6.97,1.65,.293,15179,-1.23
Max Fried,Braves,5,7.2,36,7,4,2,0,1,1,4,4,7,6,1,0,0,23,4.70,1.70,.241,13743,-1.27
Myles Jaye,Tigers,3,7.1,36,6,4,2,0,0,1,5,5,6,1,2,2,0,22,6.14,1.64,.214,11769,-1.27
Jarred Cosart,Padres,1,0.2,6,1,0,1,0,0,0,2,2,3,0,0,0,0,2,27.00,6.00,.333,10304,-1.29
Francisco Liriano,Astros,20,14.1,64,14,9,5,0,0,1,9,7,11,11,2,1,0,43,4.40,1.67,.269,3201,-1.30
John Curtiss,Twins,9,8.2,38,9,5,2,0,2,0,8,8,2,10,1,2,0,26,8.31,1.27,.257,16128,-1.30
Sandy Alcantara,Cardinals,8,8.1,39,9,6,1,0,2,1,6,4,6,10,0,0,0,25,4.32,1.80,.273,18684,-1.36
Taylor Jungmann,Brewers,1,0.2,6,2,1,1,0,0,0,1,1,1,1,1,0,0,2,13.50,4.50,.500,13119,-1.36
Eric Skoglund,Royals,2,4,20,5,3,1,0,1,0,4,4,3,3,0,0,0,12,9.00,2.00,.294,16155,-1.38
Daniel Norris,Tigers,4,7,32,8,4,3,0,1,1,5,5,4,4,0,0,0,21,6.43,1.71,.286,13475,-1.39
Daniel Hudson,Pirates,71,61.2,271,57,36,12,2,7,5,34,30,34,66,5,4,0,185,4.38,1.46,.245,7146,-1.42
Aaron Slegers,Twins,1,0.2,5,2,0,2,0,0,0,2,2,1,0,0,0,0,2,27.00,4.50,.500,15231,-1.43
Jason Hursh,Braves,9,10.2,47,13,10,2,0,1,1,6,6,5,7,1,1,0,32,5.06,1.59,.310,14914,-1.50
Nate Karns,Royals,1,0.2,6,2,1,0,1,0,0,4,4,2,2,0,0,0,2,54.00,6.00,.500,12638,-1.50
Matt Bush,Rangers,57,52.1,240,57,40,8,2,7,6,30,22,19,58,4,2,0,157,3.78,1.45,.263,1246,-1.55
Matt Harvey,Mets,1,4,17,4,1,1,0,2,0,3,3,2,2,0,0,0,12,6.75,1.50,.267,11713,-1.58
Bryan Morris,Giants,20,21,94,24,19,3,1,1,0,16,15,13,15,0,1,0,63,6.43,1.67,.289,10234,-1.59
Keynan Middleton,Angels,64,58.1,246,60,36,12,1,11,6,25,25,20,63,0,2,0,175,3.86,1.34,.263,15264,-1.59
Mark Melancon,Giants,32,30,130,37,25,8,1,3,4,16,15,6,29,1,2,0,90,4.50,1.43,.301,4264,-1.59
Matthew Koch,Diamondbacks,1,0,3,2,1,1,0,0,0,3,3,1,0,0,0,0,0,27.00,3.00,1.000,13420,-1.60
Rex Brothers,Braves,27,23.2,105,23,14,5,1,3,1,19,19,15,33,1,2,0,71,7.23,1.48,.250,9794,-1.65
Jake Thompson,Phillies,3,5,25,6,4,0,1,1,0,5,5,4,3,0,0,0,15,9.00,2.00,.286,14371,-1.65
Jesus Sucre,Rays,1,1,7,2,0,2,0,0,0,3,3,2,0,0,0,1,3,27.00,4.00,.400,5942,-1.66
Joshua Lucas,Cardinals,5,7.1,32,7,4,0,1,2,1,3,3,4,7,1,1,0,22,3.68,1.50,.259,11686,-1.67
Jim Johnson,Braves,61,56.2,256,59,42,9,0,8,4,39,35,28,61,1,3,0,170,5.56,1.48,.257,3656,-1.68
Yohander Mendez,Rangers,7,12.1,52,13,6,4,0,3,1,9,7,3,7,1,0,0,37,5.11,1.30,.271,14391,-1.71
William Cuevas,Tigers,1,0.1,5,3,2,1,0,0,0,4,4,0,1,1,0,0,1,108.00,9.00,.750,13331,-1.75
Tyler Webb,- - -,9,8,36,9,6,1,0,2,1,5,5,6,8,0,0,0,24,5.63,1.75,.290,14974,-1.75
Roberto Gomez,Giants,4,5.1,26,9,6,0,3,0,0,5,5,1,6,0,0,0,16,8.44,1.88,.360,12963,-1.77
Cody Martin,Mariners,1,2,13,5,4,1,0,0,1,4,3,2,0,0,0,0,6,13.50,3.50,.455,12182,-1.78
Leonys Martin,Cubs,1,0.2,5,3,2,0,0,1,1,2,2,0,0,0,0,0,2,27.00,4.50,.600,11846,-1.78
Scooter Gennett,Reds,1,1,7,2,1,0,0,1,0,2,2,1,0,1,0,0,3,18.00,3.00,.400,10339,-1.78
Yacksel Rios,Phillies,13,16.1,73,15,8,2,1,4,0,8,8,10,17,0,0,0,49,4.41,1.47,.234,15007,-1.79
Josh Lindblom,Pirates,4,10.1,51,18,15,3,0,0,2,9,9,3,10,0,0,0,31,7.84,2.03,.375,7882,-1.83
Keury Mella,Reds,2,4,19,5,2,2,0,1,0,3,3,3,1,0,0,0,12,6.75,1.75,.294,15964,-1.86
John Barbato,Pirates,24,28.2,130,25,13,8,0,4,1,13,13,18,23,2,1,0,86,4.08,1.50,.227,11440,-1.86
Logan Verrett,Orioles,4,10.2,47,11,6,2,0,3,1,6,5,4,9,2,0,0,32,4.22,1.31,.262,12905,-1.88
Jake Junis,Royals,4,5.1,27,6,4,1,0,1,0,4,4,6,7,1,0,0,16,6.75,2.06,.286,13619,-1.88
Tony Watson,- - -,71,66.2,291,72,52,11,0,9,10,26,25,27,53,5,0,0,200,3.38,1.38,.271,3132,-1.88
Rookie Davis,Reds,1,2,11,4,3,0,0,1,0,2,2,1,2,0,1,0,6,9.00,2.50,.400,14962,-1.89
Drew Anderson,Phillies,2,2.1,14,6,4,2,0,0,0,7,6,1,2,0,0,0,7,23.14,3.00,.462,15130,-1.91
J.C. Ramirez,Angels,3,5,24,7,4,2,0,1,1,3,3,3,3,0,0,1,15,5.40,1.80,.318,8302,-1.99
Chris Flexen,Mets,5,6.1,34,9,7,1,0,1,2,7,6,6,8,0,0,0,19,8.53,2.37,.321,13896,-2.01
Preston Claiborne,Rangers,1,2,10,5,1,4,0,0,0,3,3,0,2,0,0,0,6,13.50,2.50,.500,10500,-2.02
Jairo Labourt,Tigers,6,6,28,4,3,1,0,0,0,3,3,8,4,0,5,0,18,4.50,1.83,.190,14996,-2.03
Carlos Ruiz,Mariners,1,1,7,2,0,1,0,1,0,1,1,2,1,0,0,0,3,9.00,4.00,.400,2579,-2.04
Mike Clevinger,Indians,6,7.2,37,8,3,3,0,2,0,6,6,6,11,0,0,0,23,7.04,1.83,.258,12808,-2.04
Wei-Chung Wang,Brewers,8,1.1,9,5,4,0,0,1,0,2,2,0,2,0,0,0,4,13.50,3.75,.556,14382,-2.13
Miguel Almonte,Royals,2,2,12,5,3,2,0,0,0,3,3,2,0,0,0,0,6,13.50,3.50,.500,14139,-2.17
Derek Holland,White Sox,3,1.1,9,3,1,1,0,1,0,4,4,2,2,0,0,0,4,27.00,3.75,.429,4141,-2.18
Alec Asher,Orioles,18,30.1,135,30,21,4,0,5,5,13,12,15,25,4,2,0,91,3.56,1.45,.256,13560,-2.23
Alex Wimmers,Twins,6,7.1,38,8,6,0,0,2,0,4,4,8,7,0,0,0,22,4.91,2.18,.267,11394,-2.25
Mike Wright,Orioles,13,25,109,26,13,8,0,5,2,16,16,7,28,3,1,0,75,5.76,1.32,.263,12586,-2.28
Lucas Harrell,Blue Jays,4,6.1,33,10,8,1,0,1,3,5,5,4,6,0,1,0,19,7.11,2.21,.345,7541,-2.29
Hector Santiago,Twins,1,1,6,2,0,0,0,2,0,2,2,1,1,0,0,0,3,18.00,3.00,.400,4026,-2.31
Nick Wittgren,Marlins,38,42.1,182,46,25,14,2,5,3,22,22,14,43,0,2,0,127,4.68,1.39,.272,15594,-2.32
Onelki Garcia,Royals,1,5.2,26,8,6,0,0,2,3,5,5,4,2,0,0,0,17,7.94,2.12,.364,13674,-2.35
Ariel Miranda,Mariners,2,2,12,4,2,0,0,2,1,5,5,1,2,0,0,0,6,22.50,2.50,.364,17526,-2.36
Matthew Dermody,Blue Jays,23,22.1,95,23,14,3,0,6,2,13,11,6,15,2,1,0,67,4.43,1.25,.261,14844,-2.44
Nick Gardewine,Rangers,12,8,40,10,8,1,0,1,0,8,5,7,3,0,1,0,24,5.63,2.13,.303,16513,-2.45
Tim Mayza,Blue Jays,19,17,79,24,15,6,0,3,3,15,13,4,27,0,0,0,51,6.88,1.65,.320,15042,-2.45
Brett Nicholas,Rangers,1,1,8,5,2,3,0,0,1,4,4,0,0,0,0,0,3,36.00,5.00,.625,11192,-2.53
Tommy Layne,Yankees,19,13,63,16,11,3,1,1,0,12,11,8,9,1,0,0,39,7.62,1.85,.296,7501,-2.55
Junichi Tazawa,Marlins,55,55.1,238,55,36,10,1,8,5,35,35,26,38,2,2,0,166,5.69,1.39,.257,4079,-2.57
Steven Brault,Pirates,7,16.2,81,22,13,9,0,0,2,12,9,7,10,1,0,0,50,4.86,1.68,.297,15291,-2.59
Austin Bibens-Dirkx,Rangers,18,35,157,42,31,6,1,4,2,18,18,11,23,2,1,0,105,4.63,1.51,.292,9559,-2.62
Paolo Espino,- - -,10,16,71,13,3,5,0,5,1,11,11,8,14,2,0,0,48,6.19,1.31,.213,8246,-2.62
Blaine Boyer,Red Sox,32,41.1,178,50,37,8,2,3,5,20,20,17,33,1,1,0,124,4.35,1.55,.307,2237,-2.63
Caleb Smith,Yankees,7,11.2,53,13,8,2,0,3,0,10,10,7,12,0,1,0,35,7.71,1.63,.277,14875,-2.64
Ben Taylor,Red Sox,14,17.1,80,20,13,3,1,3,2,10,10,9,18,0,1,0,52,5.19,1.67,.282,18114,-2.65
Dillon Overton,Mariners,8,15,64,17,9,4,0,4,2,13,12,2,6,0,2,0,45,7.20,1.20,.270,15627,-2.66
Jeff Beliveau,Blue Jays,19,15.2,70,17,9,4,0,4,0,14,13,7,17,1,0,0,47,7.47,1.47,.270,8504,-2.68
Buddy Boshers,Twins,38,35,153,37,23,6,1,7,7,20,19,11,28,2,2,0,105,4.89,1.34,.262,8490,-2.76
Justin Haley,Twins,10,18,81,22,15,1,3,3,2,12,12,6,14,1,0,0,54,6.00,1.56,.297,13572,-2.77
Josh Edgin,Mets,46,37,166,39,27,9,0,3,1,16,15,19,27,5,1,1,111,3.65,1.54,.273,10796,-2.77
Jose De Leon,Rays,1,2.2,15,4,2,1,0,1,0,3,3,3,2,0,2,0,8,10.13,2.63,.333,15463,-2.77
Walker Buehler,Dodgers,8,9.1,44,11,8,1,0,2,1,8,8,9,12,0,1,0,28,7.71,2.04,.306,19374,-2.78
Ricardo Rodriguez,Rangers,16,13,60,17,11,3,0,3,1,9,9,4,11,1,0,0,39,6.23,1.62,.309,15458,-2.80
Kyle Ryan,Tigers,8,5.2,29,9,8,1,0,0,1,5,5,8,1,0,0,0,17,7.94,2.82,.409,11753,-2.81
Heath Hembree,Red Sox,62,62,271,72,48,14,0,10,6,29,25,18,70,1,2,0,186,3.63,1.45,.286,11632,-2.82
Robbie Ross,Red Sox,8,9,45,12,10,1,1,0,0,7,7,6,9,3,2,0,27,7.00,1.89,.324,6819,-2.87
Tom Wilhelmsen,Diamondbacks,27,26.1,113,25,17,3,1,4,3,13,13,12,17,1,7,0,79,4.44,1.41,.250,9975,-2.88
Carlos Estevez,Rockies,35,32.1,149,39,30,5,1,3,1,21,20,16,31,1,1,1,97,5.57,1.64,.291,14542,-2.90
Tim Adleman,Reds,10,17,74,15,5,3,2,5,1,11,11,7,15,1,1,0,51,5.82,1.29,.227,10968,-2.92
Taylor Cole,Blue Jays,1,1,10,6,5,1,0,0,1,4,4,1,1,1,0,0,3,36.00,7.00,.750,11964,-2.92
Rob Scahill,Brewers,18,22.1,97,21,13,5,0,3,3,14,11,14,10,3,2,0,67,4.43,1.39,.250,9286,-3.04
Neftali Feliz,- - -,49,46,196,40,19,11,1,9,1,33,28,25,37,1,1,0,138,5.48,1.37,.233,18,-3.06
Jason Wheeler,Twins,2,3,18,6,4,1,0,1,1,5,3,4,0,0,0,0,9,9.00,3.33,.429,13128,-3.09
Dan Runzler,Pirates,8,4,20,7,3,2,0,2,1,4,2,2,4,0,0,0,12,4.50,2.25,.389,4080,-3.11
Dario Alvarez,Rangers,20,16.1,82,19,15,3,0,1,2,8,5,14,17,1,2,1,49,2.76,2.02,.284,14239,-3.12
Chris Smith,Blue Jays,4,5,23,10,6,3,0,1,0,3,3,1,1,0,0,0,15,5.40,1.60,.318,14449,-3.13
Dylan Floro,Cubs,3,9.2,45,15,10,3,0,2,1,7,7,2,6,1,0,0,29,6.52,1.76,.357,13394,-3.14
Tyson Ross,Rangers,2,3,18,7,4,2,0,1,1,6,6,2,1,0,0,0,9,18.00,3.00,.438,7872,-3.15
Josh Smith,Athletics,26,35,151,35,14,16,2,3,1,20,19,16,25,0,1,0,105,4.89,1.43,.257,10946,-3.16
Kevin Plawecki,Mets,2,3,14,5,1,1,0,3,1,4,4,0,0,0,0,0,9,12.00,1.67,.357,13807,-3.16
Adam Wilk,Twins,2,7,33,8,5,1,0,2,0,3,3,6,4,0,2,0,21,3.86,1.86,.286,8421,-3.18
Chris Rowley,Blue Jays,3,5,25,10,7,1,0,2,0,7,7,1,4,0,0,0,15,12.60,2.20,.417,18820,-3.18
Kelvin Herrera,Royals,64,59.1,259,60,33,12,6,9,6,33,28,22,56,1,2,0,178,4.25,1.35,.252,6033,-3.23
Raul Alcantara,Athletics,4,9,42,9,3,4,0,2,1,9,7,6,2,2,0,1,27,7.00,1.56,.257,12790,-3.24
Brad Ziegler,Marlins,53,47,211,57,46,10,0,1,4,29,25,22,26,6,1,0,141,4.79,1.55,.302,7293,-3.25
Max Povse,Mariners,3,3.2,21,9,6,2,0,1,0,5,3,1,2,0,0,0,11,7.36,2.73,.450,16165,-3.25
Jayson Aquino,Orioles,2,2,13,4,1,1,0,2,0,6,6,3,4,0,0,0,6,27.00,3.50,.400,13150,-3.27
Randy Rosario,Twins,2,2.1,15,7,4,2,0,1,0,8,8,0,2,1,0,0,7,30.86,3.00,.500,14508,-3.31
Ian Krol,Braves,51,49,214,50,32,9,1,8,3,34,29,21,44,4,2,0,147,5.33,1.45,.265,10066,-3.34
Victor Alcantara,Tigers,6,7.1,39,12,10,1,0,1,1,7,7,4,5,2,1,0,22,8.59,2.18,.364,15028,-3.35
Glen Perkins,Twins,8,5.2,34,8,5,1,2,0,1,6,6,5,2,3,0,0,17,9.53,2.29,.308,8041,-3.37
Erik Goeddel,Mets,33,29,122,28,12,8,0,8,2,17,17,11,33,0,2,0,87,5.28,1.34,.252,11712,-3.37
Kevin Siegrist,- - -,46,39.1,172,39,23,10,1,5,3,21,21,24,43,1,3,0,118,4.81,1.55,.262,8180,-3.43
Evan Marshall,Mariners,6,7.2,38,12,8,3,0,1,1,8,8,6,4,0,0,0,23,9.39,2.22,.364,12297,-3.43
Dayan Diaz,Astros,9,10.1,46,13,6,5,0,2,0,11,10,4,17,0,4,0,31,8.71,1.65,.310,11543,-3.53
Sean Gilmartin,Mets,2,3.1,19,8,6,0,0,2,0,5,5,1,4,0,1,0,10,13.50,2.70,.444,12781,-3.55
Barrett Astin,Reds,6,8,41,9,5,1,1,2,2,6,6,7,2,2,0,0,24,6.75,2.00,.281,14812,-3.66
Braden Shipley,Diamondbacks,7,12.2,58,15,8,3,0,4,2,7,6,5,11,1,1,0,38,4.26,1.50,.283,15158,-3.70
Dan Altavilla,Mariners,41,46.2,203,43,24,10,0,9,3,27,22,21,52,1,9,0,140,4.24,1.35,.236,16507,-3.70
Seth Maness,Royals,8,9.2,45,16,12,1,0,3,0,5,4,2,4,0,0,0,29,3.72,1.86,.372,12235,-3.76
Luke Jackson,Braves,43,50.2,224,55,38,12,1,4,6,26,26,23,33,4,4,0,152,4.62,1.46,.274,11752,-3.77
Adam Kolarek,Rays,12,8.1,40,9,5,2,0,2,1,6,6,6,4,4,1,0,25,6.48,1.56,.281,10843,-3.84
A.J. Griffin,Rangers,3,5.1,26,7,1,3,1,2,0,7,7,1,3,2,1,0,16,11.81,1.50,.304,11132,-3.86
Alex Wilson,Tigers,66,60,260,67,46,11,3,7,8,34,30,20,42,3,4,0,180,4.50,1.37,.277,9239,-3.86
Evan Scribner,Mariners,8,7.1,34,13,7,3,0,3,1,9,9,0,6,0,0,0,22,11.05,1.77,.382,7525,-3.89
Jake Barrett,Diamondbacks,28,27,121,27,17,2,1,7,5,18,15,17,26,0,1,0,81,5.00,1.56,.255,13322,-3.94
J.P. Howell,Blue Jays,16,11,52,13,5,6,0,2,0,9,9,7,6,0,1,0,33,7.36,1.82,.289,8245,-3.97
Dustin McGowan,Marlins,63,77.2,330,77,47,16,1,13,6,42,41,32,64,2,5,0,233,4.75,1.34,.256,8600,-3.99
Rob Zastryzny,Cubs,4,13,62,19,13,4,0,2,3,13,12,7,11,1,0,0,39,8.31,2.00,.352,15094,-4.00
Jordan Jankowski,Astros,3,4.1,22,7,2,1,1,3,0,6,6,2,5,0,0,0,13,12.46,2.08,.350,13313,-4.01
Bruce Rondon,Tigers,21,15.2,76,21,15,4,1,1,2,19,19,12,22,1,1,1,47,10.91,1.98,.323,5766,-4.02
Alejandro Chacin,Reds,6,6,32,11,7,2,0,2,0,7,7,4,6,0,0,0,18,10.50,2.50,.393,13530,-4.07
Dylan Covey,White Sox,6,11.1,47,13,7,2,0,4,1,10,10,7,7,0,1,0,34,7.94,1.76,.325,14825,-4.12
Drew Rucinski,Twins,2,4.1,23,10,6,2,0,2,2,5,5,2,5,0,0,0,13,10.38,2.77,.476,12499,-4.14
Chris Heston,- - -,2,3,18,8,5,0,1,2,0,5,5,1,1,0,0,0,9,15.00,3.00,.471,10302,-4.18
Jacob Rhame,Mets,9,9,45,12,5,5,0,2,0,9,9,7,7,0,0,0,27,9.00,2.11,.316,15267,-4.20
Zachary Neal,Athletics,6,14.2,65,19,10,2,2,5,2,13,13,1,10,0,1,0,44,7.98,1.36,.297,11294,-4.21
Eric O'Flaherty,Braves,22,18.1,83,20,8,8,0,4,1,16,16,9,15,0,1,0,55,7.85,1.58,.270,5746,-4.22
Justin Nicolino,Marlins,12,15.1,72,19,12,3,1,3,0,9,8,9,7,0,0,0,46,4.70,1.70,.292,11754,-4.22
Phil Hughes,Twins,5,6.2,34,12,6,4,0,2,0,5,5,3,8,0,0,0,20,6.75,2.10,.375,7450,-4.23
Angel Sanchez,Pirates,8,12.1,54,16,8,3,0,5,1,12,12,1,10,0,2,0,37,8.76,1.38,.302,11776,-4.24
Zach Lee,Padres,2,2.2,19,6,5,2,0,1,3,5,5,4,3,0,0,0,8,16.88,3.75,.400,11468,-4.26
Fernando Salas,- - -,61,58.2,263,67,47,13,0,7,11,39,34,28,56,0,4,0,176,5.22,1.52,.278,4971,-4.31
Bryan Mitchell,Yankees,19,27.2,130,36,26,8,0,2,4,22,20,12,15,1,2,0,83,6.51,1.70,.305,11479,-4.40
Tony Sipp,Astros,46,37.1,165,36,16,10,2,8,2,25,24,18,39,1,1,0,112,5.79,1.39,.243,8280,-4.45
Jumbo Diaz,Rays,31,30,136,32,19,8,1,4,2,20,19,17,28,0,4,0,90,5.70,1.57,.264,3397,-4.47
Craig Breslow,- - -,37,35.1,159,41,27,9,1,4,3,21,20,16,23,2,1,0,106,5.09,1.56,.287,4363,-4.47
Wilmer Font,Dodgers,3,3.2,22,7,2,3,0,2,0,7,7,4,3,0,0,0,11,17.18,3.00,.389,5257,-4.49
Edward Mujica,Tigers,5,6.1,30,11,4,3,0,4,1,7,7,0,7,0,0,0,19,9.95,1.74,.367,3970,-4.55
Mike Morin,- - -,16,20,93,29,20,5,1,3,3,16,16,6,16,1,0,0,60,7.20,1.70,.333,13442,-4.57
Oliver Drake,- - -,64,56,251,63,42,10,5,6,6,31,29,27,62,0,3,1,168,4.66,1.57,.279,8823,-4.57
Zac Reininger,Tigers,10,9.2,47,15,10,2,0,3,1,8,8,3,5,0,2,0,29,7.45,1.86,.341,15285,-4.60
Luke Gregerson,Astros,65,61,263,62,35,14,0,13,6,31,31,24,70,0,5,1,183,4.57,1.34,.255,4090,-4.65
Sam Moll,Athletics,11,6.2,35,13,8,2,1,2,0,8,8,3,7,0,0,0,20,10.80,2.40,.406,14874,-4.66
Glenn Sparkman,Blue Jays,2,1,12,9,6,3,0,0,1,7,7,1,1,0,0,0,3,63.00,10.00,.818,15200,-4.66
Drew Storen,Reds,58,54.2,246,57,40,9,1,7,9,32,27,28,48,10,1,0,164,4.45,1.46,.268,6983,-4.67
Tommy Milone,- - -,9,13.1,59,17,9,2,1,5,0,13,13,4,6,0,0,0,40,8.78,1.58,.309,7608,-4.73
Jairo Diaz,Rockies,4,5,30,12,9,2,1,0,3,6,5,5,2,1,0,0,15,9.00,3.40,.500,12774,-4.74
Cesar Valdez,- - -,7,15.1,68,18,8,5,0,5,2,12,10,5,10,1,1,0,46,5.87,1.50,.290,9013,-4.78
Drew VerHagen,Tigers,22,25.2,104,29,18,2,1,8,3,14,14,7,21,0,3,0,77,4.91,1.36,.296,13424,-4.80
Carlos Torres,Brewers,67,72.2,322,78,57,10,1,10,3,37,34,34,56,3,4,0,218,4.21,1.53,.273,7624,-4.82
Blake Wood,- - -,72,74.1,332,84,61,14,1,8,5,49,45,35,84,1,7,2,223,5.45,1.57,.282,1345,-4.83
Anthony Bass,Rangers,2,5.2,31,14,9,4,0,1,1,9,9,0,1,0,1,0,17,14.29,2.47,.452,7982,-4.84
Lisalverto Bonilla,Reds,6,16,76,19,10,4,2,3,1,15,15,9,18,1,2,0,48,8.44,1.75,.288,11266,-4.85
Mike Mayers,Cardinals,3,4.2,25,8,2,4,0,2,0,8,6,5,3,0,0,0,14,11.57,2.57,.381,15451,-4.87
Travis Wood,Royals,25,28.2,134,34,23,8,0,3,2,21,20,18,21,1,1,0,86,6.28,1.81,.296,9884,-4.91
Michael Tonkin,Twins,16,21,97,22,11,5,0,6,3,15,12,12,24,1,2,0,63,5.14,1.62,.262,10315,-4.95
Neil Ramirez,- - -,29,31.1,153,35,24,5,0,6,6,30,25,21,44,1,3,0,94,7.18,1.79,.267,7677,-5.02
Jeff Hoffman,Rockies,7,9,47,13,4,7,0,2,0,12,12,7,11,0,0,0,27,12.00,2.22,.325,17432,-5.04
Christian Bethancourt,Padres,4,3.2,25,6,3,1,1,1,1,9,6,8,2,0,2,0,11,14.73,3.82,.353,10028,-5.10
Andres Machado,Royals,2,3.2,24,10,7,0,1,2,2,9,9,3,1,0,0,0,11,22.09,3.55,.476,14681,-5.15
Jonathan Broxton,Cardinals,20,15.2,78,23,18,3,0,2,3,12,12,13,16,0,1,0,47,6.89,2.17,.343,4759,-5.23
Matt Cain,Giants,4,5,29,9,6,0,1,2,3,8,8,6,2,1,1,0,15,14.40,2.80,.391,4732,-5.25
Xavier Cedeno,Rays,9,3,21,7,4,0,0,3,2,5,4,5,0,0,0,0,9,12.00,3.67,.412,36,-5.35
Nick Martinez,Rangers,5,11.2,56,18,9,5,1,3,2,8,7,4,7,0,0,0,35,5.40,1.89,.346,12730,-5.38
Jeff Ferrell,Tigers,11,9.1,49,17,12,3,0,2,0,7,7,6,6,0,0,0,28,6.75,2.36,.386,11506,-5.38
Jesen Therrien,Phillies,15,18.1,86,24,15,4,0,5,0,17,17,7,10,1,0,0,55,8.35,1.69,.308,15853,-5.41
Tony Barnette,Rangers,50,57.1,252,64,40,17,0,7,6,36,35,26,57,2,4,0,172,5.49,1.50,.281,3555,-5.47
Scott Oberg,Rockies,66,58.1,265,70,47,17,2,4,6,35,32,26,55,2,3,0,175,4.94,1.61,.293,13911,-5.60
Michael Brady,Athletics,16,31.2,136,33,14,10,2,7,0,22,20,8,24,5,1,0,95,5.68,1.23,.264,8461,-5.60
Edwin Jackson,Orioles,3,5,29,11,5,4,0,2,2,7,4,4,2,0,0,0,15,7.20,3.00,.440,1841,-5.64
Tyler Wilson,Orioles,8,9.1,47,16,10,3,1,2,1,11,9,5,8,1,1,0,28,8.68,2.14,.381,12691,-5.65
Trevor Gott,Nationals,4,3,23,11,9,1,0,1,0,10,10,4,3,0,1,0,9,30.00,4.67,.550,15046,-5.68
Jace Fry,White Sox,11,6.2,36,12,8,2,1,1,0,8,8,6,3,0,3,0,20,10.80,2.55,.387,16159,-5.73
Vance Worley,Marlins,12,19.1,92,30,20,8,1,1,7,12,12,11,19,1,0,0,58,5.59,1.97,.361,6435,-5.84
Seung Hwan Oh,Cardinals,62,59.1,264,68,46,11,1,10,7,31,27,24,54,3,1,0,178,4.10,1.40,.276,18719,-5.85
Adam Ottavino,Rockies,63,53.1,243,48,32,7,1,8,6,30,30,41,63,4,8,0,160,5.06,1.63,.240,1247,-5.88
Francis Martes,Astros,28,36.2,173,36,25,4,1,6,2,32,27,24,48,6,7,0,110,6.63,1.55,.247,17303,-5.90
John Axford,Athletics,22,21,109,27,20,4,0,3,2,16,15,17,21,2,1,0,63,6.43,2.10,.300,9059,-6.05
Derek Law,Giants,41,37.1,168,45,31,8,1,5,4,21,21,16,35,2,5,0,112,5.06,1.58,.296,13133,-6.09
Reymin Guduan,Astros,22,16,83,24,17,6,0,1,1,14,14,12,16,0,3,0,48,7.88,2.25,.338,13058,-6.10
Brad Goldberg,White Sox,11,12,62,14,8,4,0,2,1,11,11,14,3,2,1,0,36,8.25,2.33,.304,14776,-6.15
Kevin Quackenbush,Padres,20,26.1,125,32,23,4,0,5,2,23,23,16,23,1,3,0,79,7.86,1.82,.296,12360,-6.25
Warwick Saupold,Tigers,45,62.2,280,64,46,9,0,9,4,36,34,36,44,6,4,0,188,4.88,1.52,.263,13211,-6.39
Jake Buchanan,Reds,5,14.1,77,24,18,5,0,1,2,13,13,9,4,3,0,0,43,8.16,2.16,.358,10962,-6.65
Felix Pena,Cubs,25,34.1,155,35,17,10,0,8,3,21,20,19,37,2,3,0,103,5.24,1.54,.259,13403,-6.66
Rafael Montero,Mets,16,23.1,117,31,22,6,0,3,4,20,19,21,25,0,0,0,70,7.33,2.14,.316,12760,-6.69
J.J. Hoover,Diamondbacks,52,41.1,197,47,30,8,2,7,5,20,18,27,54,1,1,0,124,3.92,1.77,.276,9037,-6.71
Mike Hauschild,Rangers,4,8,39,14,7,2,0,5,0,10,10,2,7,1,1,0,24,11.25,2.00,.389,14033,-6.76
Chris R Young,Royals,12,23.1,112,34,23,7,0,4,6,18,16,10,17,1,1,0,70,6.17,1.84,.333,3196,-6.90
Jacob Turner,Nationals,16,27.2,122,32,17,8,1,6,2,17,16,12,16,0,3,0,83,5.20,1.55,.288,10185,-6.91
Mike Bolsinger,Blue Jays,6,15.2,73,21,10,5,0,6,2,14,13,8,18,0,1,0,47,7.47,1.85,.323,11137,-6.94
Miguel Socolovich,Cardinals,15,18.2,87,27,12,11,0,4,0,20,18,4,14,2,0,0,56,8.68,1.66,.333,6697,-7.00
Brooks Pounders,Angels,11,10.1,54,17,9,3,1,4,1,12,12,6,12,1,0,1,31,10.45,2.13,.354,10387,-7.02
Michael Ynoa,White Sox,22,29,141,28,14,8,2,4,1,22,19,22,23,5,3,0,87,5.90,1.72,.246,14093,-7.22
Chad Bell,Tigers,24,47,213,54,35,10,1,8,6,33,32,25,42,2,1,0,141,6.13,1.62,.286,10297,-7.27
Richard Rodriguez,Orioles,5,5.2,31,12,5,3,0,4,0,9,9,4,3,1,0,0,17,14.29,2.65,.444,13549,-7.53
Joe Blanton,Nationals,51,44.1,195,53,32,9,2,10,4,29,28,15,39,1,1,0,133,5.68,1.49,.293,4849,-7.60
Brandon Maurer,- - -,68,59.1,267,73,45,17,3,8,4,43,43,21,59,1,1,0,178,6.52,1.55,.296,4878,-7.60
Jose Valdez,- - -,14,18,80,21,7,4,2,8,1,18,17,5,17,2,1,0,54,8.50,1.44,.288,14470,-7.63
Joshua Osich,Giants,54,43.1,201,48,32,8,1,7,5,32,30,28,43,1,5,0,130,6.23,1.73,.277,11528,-7.84
Michael Feliz,Astros,46,48,218,53,26,17,2,8,5,31,30,23,70,0,7,0,144,5.63,1.56,.270,11903,-7.98
Jeanmar Gomez,Phillies,18,22.1,100,31,20,4,0,7,2,19,18,9,21,2,1,0,67,7.25,1.70,.341,9033,-8.01
Ryne Stanek,Rays,21,20,95,26,16,4,0,6,0,13,13,14,29,0,4,0,60,5.85,1.90,.313,15947,-8.20
Trevor Cahill,Royals,7,12,60,15,6,3,0,6,1,11,11,12,9,0,1,0,36,8.25,2.25,.313,6249,-8.25
Cory Mazzoni,Padres,6,8,46,17,11,1,0,5,1,16,12,4,4,1,0,0,24,13.50,2.63,.415,12537,-8.26
Stefan Crichton,Orioles,8,12.1,62,26,19,4,1,2,1,11,11,4,8,0,2,1,37,8.03,2.43,.448,16058,-8.31
Joe Jimenez,Tigers,24,19,99,31,20,7,0,4,3,28,26,9,17,2,0,0,57,12.32,2.11,.352,15761,-8.54
Blaine Hardy,Tigers,35,33.1,156,46,30,9,0,7,6,24,22,14,28,0,1,0,100,5.94,1.77,.322,6499,-8.68
Jake Petricka,White Sox,27,25.2,122,39,25,8,0,6,1,21,20,6,26,1,3,0,77,7.01,1.75,.339,10534,-8.83
Jhan Marinez,- - -,43,58.1,262,64,38,19,1,6,10,26,24,29,45,7,6,0,175,3.70,1.54,.279,5830,-9.05
Shawn Kelley,Nationals,33,26,121,29,14,3,0,12,6,21,21,12,25,1,2,0,78,7.27,1.54,.266,7773,-9.15
Matt Wisler,Braves,19,26.1,126,37,18,14,1,4,3,27,26,10,15,2,0,0,79,8.89,1.78,.325,12804,-9.20
Robert Stephenson,Reds,14,26.2,129,33,17,9,0,7,4,24,22,18,30,1,1,2,80,7.43,1.88,.297,13594,-9.51
Antonio Bastardo,Pirates,9,9,52,16,8,3,0,5,1,15,15,9,8,0,2,0,27,15.00,2.78,.372,8844,-9.52
Joely Rodriguez,Phillies,26,27,134,37,24,9,0,4,6,26,19,18,18,4,0,1,81,6.33,1.93,.322,11487,-9.54
Casey Lawrence,- - -,25,44,206,59,44,5,1,9,3,30,29,22,47,1,1,0,132,5.93,1.77,.317,11121,-9.66
David Holmberg,White Sox,30,29,139,33,19,7,2,5,2,14,13,20,15,4,3,0,87,4.03,1.72,.280,7725,-9.70
Casey Fien,- - -,10,12,62,23,13,5,0,5,1,17,17,8,10,0,0,0,36,12.75,2.42,.411,3926,-9.96
Ricardo Pinto,Phillies,25,29.2,147,39,25,6,1,7,2,28,26,18,25,1,1,1,89,7.89,1.89,.302,16318,-9.98
Jeremy Jeffress,- - -,60,63.1,285,69,45,14,0,10,10,33,32,38,51,2,6,0,190,4.55,1.63,.277,9490,-10.05
Miguel Diaz,Padres,28,34,157,37,21,6,1,9,7,31,30,20,26,3,5,1,102,7.94,1.68,.276,18815,-10.15
Jason Grilli,- - -,46,40,184,46,21,13,0,12,5,30,28,18,48,1,2,0,120,6.30,1.60,.279,521,-10.30
Frankie Montas,Athletics,23,32,152,39,25,4,0,10,0,25,25,20,36,3,1,0,96,7.03,1.84,.302,14309,-10.31
Josh Collmenter,Braves,11,17,87,29,17,5,0,7,3,19,17,8,18,0,1,0,51,9.00,2.06,.358,7312,-10.57
Francisco Rodriguez,Tigers,28,25.1,118,31,12,10,0,9,1,23,22,12,23,1,2,0,76,7.82,1.66,.292,1642,-10.58
Wily Peralta,Brewers,11,17.1,92,28,15,11,0,2,4,23,23,16,20,0,4,0,52,11.94,2.48,.364,7738,-10.79
Austin Pruitt,Rays,22,40,196,63,49,9,2,3,9,35,29,15,35,3,4,0,120,6.53,1.90,.350,15290,-10.85
Brian Ellington,Marlins,42,44.2,219,48,27,14,0,7,3,39,36,35,48,6,4,0,134,7.25,1.86,.270,17233,-11.60
Josh Smoker,Mets,54,56.1,267,64,38,16,0,10,5,34,32,39,68,3,2,0,169,5.11,1.70,.276,10285,-11.77
Jordan Lyles,Rockies,33,46.2,211,61,38,11,1,11,4,37,36,13,33,4,2,0,140,6.94,1.56,.313,7593,-11.81
Vidal Nuno,Orioles,12,14.2,77,23,8,8,0,7,0,17,17,12,13,0,0,0,44,10.43,2.25,.343,9674,-11.97
Anibal Sanchez,Tigers,11,21,106,34,18,7,0,9,4,26,21,9,22,0,3,0,63,9.00,2.05,.351,3284,-13.20
Sam Dyson,- - -,55,54.2,260,67,46,10,3,8,14,41,37,37,34,3,2,1,164,6.09,1.77,.295,11710,-13.63
Chris Beck,White Sox,57,64.2,294,73,40,17,0,16,4,48,46,37,42,4,1,0,194,6.40,1.65,.285,13418,-16.90
