Name,Team,GS,IP,TBF,TH,1B,2B,3B,HR,IFH,R,ER,BB,SO,HBP,WP,BK,OUTS,ERA,WHIP,AVG,rPW,playerid
Corey Kluber,Indians,29,203.2,777,141,89,31,0,21,14,56,51,34,265,5,4,0,609,2.25,0.87,.192,62.03,2429
Max Scherzer,Nationals,31,200.2,780,126,72,30,2,22,9,62,56,53,268,11,4,0,600,2.51,0.90,.176,56.77,3137
Chris Sale,Red Sox,32,214.1,851,165,104,34,3,24,16,73,69,43,308,8,3,0,643,2.90,0.97,.206,53.52,10603
Stephen Strasburg,Nationals,28,175.1,701,131,86,31,1,13,14,55,49,42,204,7,3,0,526,2.52,1.02,.202,45.51,10131
Clayton Kershaw,Dodgers,27,175.0,679,136,91,20,2,23,19,49,45,30,202,0,4,2,525,2.31,0.95,.210,42.44,2036
Luis Severino,Yankees,31,193.1,783,150,99,30,0,21,19,73,64,51,230,6,6,0,580,2.98,1.04,.207,41.92,15890
Gio Gonzalez,Nationals,32,201.0,827,158,106,31,0,21,13,69,66,74,188,7,7,0,603,2.96,1.18,.213,31.80,7448
Zack Greinke,Diamondbacks,32,202.1,801,172,108,35,4,25,17,80,72,45,215,0,12,0,607,3.20,1.07,.228,31.12,1943
Justin Verlander,- - -,33,206.0,849,170,112,29,2,27,7,80,77,68,219,4,5,0,618,3.36,1.17,.220,29.53,8700
Carlos Carrasco,Indians,32,200.0,798,173,106,44,2,21,9,73,73,44,226,10,10,0,600,3.29,1.10,.233,28.85,6632
Dallas Keuchel,Astros,23,145.2,584,116,83,18,0,15,23,50,47,47,125,2,1,0,435,2.90,1.12,.217,28.40,9434
Jacob deGrom,Mets,31,201.1,827,180,124,25,3,28,17,87,79,54,239,2,7,0,604,3.53,1.19,.235,27.77,10954
Alex Wood,Dodgers,25,147.0,595,123,80,28,0,15,10,50,46,31,147,6,2,0,441,2.82,1.09,.223,27.63,13781
Robbie Ray,Diamondbacks,28,162.0,665,116,73,18,2,23,6,57,52,68,218,5,8,0,486,2.89,1.15,.197,27.60,11486
James Paxton,Mariners,24,136.0,552,113,80,24,0,9,7,47,45,36,156,3,15,1,408,2.98,1.10,.221,25.50,11828
Rich Hill,Dodgers,25,135.2,552,99,64,15,2,18,9,51,50,48,166,9,2,1,405,3.32,1.09,.200,24.88,4806
Chase Anderson,Brewers,25,141.1,569,113,70,27,2,14,8,47,43,40,133,7,0,0,424,2.74,1.09,.217,24.58,6895
Michael Fulmer,Tigers,25,164.2,676,150,112,23,2,13,16,80,70,38,114,8,3,1,492,3.83,1.15,.239,24.57,13218
Aaron Nola,Phillies,27,168.0,693,154,103,29,4,18,12,67,66,47,184,2,1,0,504,3.54,1.21,.240,22.76,16149
Jimmy Nelson,Brewers,29,175.1,728,171,126,28,1,16,17,75,68,47,199,9,6,1,526,3.49,1.25,.255,21.09,10547
Ervin Santana,Twins,33,211.1,864,177,113,28,5,31,10,85,77,59,167,8,12,1,634,3.28,1.13,.223,20.33,3200
Zack Godley,Diamondbacks,25,153.1,622,124,75,33,1,15,10,61,58,51,163,5,13,0,460,3.40,1.15,.220,20.26,14862
Kyle Hendricks,Cubs,24,139.2,570,126,92,17,0,17,18,49,47,39,123,2,0,0,417,3.03,1.19,.239,20.23,12049
Carlos Martinez,Cardinals,32,205.0,858,179,114,34,4,27,23,93,83,68,217,8,9,0,615,3.64,1.22,.230,19.79,11682
Mike Clevinger,Indians,21,114.0,465,84,51,22,0,11,6,40,36,52,126,3,3,0,342,2.84,1.21,.206,18.78,12808
Brad Peacock,Astros,21,111.2,464,90,59,20,2,9,12,42,40,46,135,2,4,0,333,3.22,1.22,.216,18.10,5401
Yu Darvish,- - -,31,186.2,766,159,96,35,1,27,11,83,80,57,209,6,12,1,558,3.86,1.16,.226,17.85,13074
Lance Lynn,Cardinals,33,186.1,776,151,96,21,7,27,17,80,71,73,153,10,2,0,559,3.43,1.23,.219,16.98,2520
Luis Castillo,Reds,15,89.1,359,64,38,13,2,11,5,32,31,31,98,3,2,1,268,3.12,1.07,.198,16.62,15689
Jose Quintana,- - -,32,188.2,790,170,107,36,4,23,18,92,87,57,207,10,8,1,564,4.15,1.22,.236,16.49,11423
Sonny Gray,- - -,27,162.1,678,139,88,30,2,19,15,79,64,56,153,3,11,0,487,3.55,1.21,.225,16.08,12768
Jhoulys Chacin,Padres,32,180.1,765,157,105,31,2,19,12,82,78,67,153,14,7,1,541,3.89,1.27,.231,14.76,2608
Marcus Stroman,Blue Jays,33,201.0,834,201,146,33,1,21,11,82,69,61,164,6,3,1,603,3.09,1.31,.262,14.55,13431
Charlie Morton,Astros,25,146.2,617,125,69,39,3,14,21,65,59,49,163,13,4,0,438,3.62,1.19,.226,14.43,4676
Jeff Samardzija,Giants,32,207.2,847,204,122,40,12,30,12,107,102,31,205,6,2,0,621,4.42,1.14,.252,14.42,3254
Jordan Montgomery,Yankees,29,155.1,649,140,96,20,3,21,16,72,67,51,144,1,7,1,466,3.88,1.23,.235,14.40,16511
Danny Duffy,Royals,24,146.1,609,143,98,25,7,13,8,67,62,41,130,4,2,2,439,3.81,1.26,.254,12.42,3542
Madison Bumgarner,Giants,17,111.0,450,101,57,25,2,17,11,41,41,17,101,3,0,0,333,3.32,1.09,.237,12.11,5524
Dylan Bundy,Orioles,28,169.2,698,152,91,34,1,26,11,82,80,51,152,7,0,0,507,4.24,1.20,.238,12.03,12917
Chris Archer,Rays,34,201.0,852,193,125,37,4,27,10,101,91,60,249,5,15,0,603,4.07,1.26,.245,11.97,6345
Drew Pomeranz,Red Sox,32,173.2,740,166,117,27,3,19,24,69,64,69,174,4,6,0,519,3.32,1.35,.249,11.30,11426
Jose Berrios,Twins,25,144.1,610,129,84,28,2,15,11,71,63,48,138,13,7,1,433,3.93,1.23,.235,11.07,14168
Brandon McCarthy,Dodgers,16,86.2,358,82,63,13,1,5,5,39,37,25,66,3,4,0,258,3.84,1.23,.248,10.79,4662
J.A. Happ,Blue Jays,25,145.1,626,145,102,22,3,18,24,64,57,45,142,0,4,0,436,3.53,1.31,.250,10.70,7410
Mike Montgomery,Cubs,14,69.1,286,58,41,10,0,7,8,33,32,21,56,4,2,0,208,4.15,1.14,.222,10.50,4869
Alex Cobb,Rays,29,179.1,742,175,116,36,1,22,14,78,73,42,128,6,8,1,538,3.66,1.22,.253,10.46,6562
Trevor Williams,Pirates,25,138.2,589,133,89,30,2,12,16,65,61,41,107,9,2,0,414,3.96,1.28,.249,10.39,16977
Cole Hamels,Rangers,24,148.0,614,125,77,28,2,18,8,74,69,52,105,11,6,0,444,4.20,1.20,.227,10.20,4972
Tanner Roark,Nationals,30,175.1,750,171,116,29,4,22,19,100,89,58,162,6,3,1,526,4.57,1.33,.251,9.51,8753
Kenta Maeda,Dodgers,25,126.1,525,114,66,26,1,21,7,65,61,32,130,4,3,0,379,4.35,1.16,.234,9.39,18498
Jon Gray,Rockies,20,110.1,461,113,81,17,5,10,9,47,45,30,112,2,3,1,331,3.67,1.30,.263,8.85,14916
Garrett Richards,Angels,6,27.2,108,18,12,5,0,1,1,8,7,7,27,0,2,0,81,2.28,0.90,.178,8.15,9784
Lance McCullers,Astros,22,118.2,512,114,76,28,2,8,17,61,56,39,132,11,8,1,354,4.25,1.30,.247,8.07,14120
Gerrit Cole,Pirates,33,203.0,849,199,126,36,6,31,12,98,96,54,196,4,7,0,609,4.26,1.25,.252,7.89,13125
CC Sabathia,Yankees,27,148.2,623,139,95,20,3,21,14,64,61,49,120,5,5,0,444,3.69,1.27,.245,7.77,404
Jake Arrieta,Cubs,30,168.1,707,150,89,33,5,23,16,82,66,52,163,10,14,0,505,3.53,1.22,.234,7.67,4153
Michael Wacha,Cardinals,30,165.2,701,170,117,33,3,17,9,82,76,52,158,3,5,0,495,4.13,1.36,.264,7.49,14078
Noah Syndergaard,Mets,7,30.1,124,29,23,5,1,0,4,14,10,2,34,1,3,0,91,2.97,1.05,.242,7.49,11762
Dinelson Lamet,Padres,21,114.1,485,88,46,22,2,18,9,63,58,52,139,6,9,0,343,4.57,1.24,.207,7.33,17186
Andrew Cashner,Rangers,28,166.2,704,156,115,25,1,15,12,75,63,64,86,9,10,1,498,3.40,1.32,.247,7.30,8782
Brent Suter,Brewers,14,70.1,290,70,51,9,2,8,4,28,27,15,54,1,0,0,211,3.45,1.22,.256,7.26,13942
Blake Snell,Rays,24,129.1,547,113,70,26,2,15,7,65,58,58,119,0,8,0,388,4.04,1.33,.232,7.10,13543
Jon Lester,Cubs,32,180.2,763,179,116,34,3,26,18,101,87,57,180,4,3,0,540,4.33,1.32,.256,6.81,4930
Alex Meyer,Angels,13,67.1,292,48,29,13,0,6,6,30,28,42,75,4,5,1,202,3.74,1.34,.195,6.63,12833
Mike Leake,- - -,31,186.0,782,201,137,42,2,20,14,93,81,34,130,9,3,0,558,3.92,1.28,.273,6.50,10130
Lucas Giolito,White Sox,7,45.1,179,31,17,4,2,8,2,14,12,12,34,3,2,0,136,2.38,0.95,.189,6.44,15474
Parker Bridwell,Angels,20,117.1,477,108,72,16,1,19,3,51,49,30,72,4,4,0,352,3.76,1.18,.244,6.39,11502
Luke Weaver,Cardinals,10,55.1,233,55,37,11,0,7,7,27,26,13,69,1,0,0,166,4.23,1.25,.252,6.38,16918
Daniel Mengden,Athletics,7,43.0,169,36,24,6,0,6,1,16,15,9,29,0,2,0,129,3.14,1.05,.225,6.19,16980
Eduardo Rodriguez,Red Sox,24,136.1,579,126,71,33,3,19,14,66,64,49,148,5,1,1,409,4.22,1.29,.240,6.17,13164
Jacob Faria,Rays,14,81.2,340,69,45,13,1,10,7,33,31,31,79,5,6,0,243,3.42,1.22,.227,6.15,13699
Jake Odorizzi,Rays,28,143.1,604,117,64,21,2,30,11,80,66,60,127,2,1,0,430,4.14,1.24,.216,5.71,6397
Taijuan Walker,Diamondbacks,28,157.1,684,148,89,37,5,17,16,76,61,54,146,9,7,1,472,3.49,1.33,.241,5.66,11836
Danny Salazar,Indians,19,97.1,415,89,57,18,0,14,5,50,48,43,138,3,5,0,292,4.44,1.36,.241,5.45,5867
Edinson Volquez,Marlins,17,92.1,397,78,49,19,2,8,7,46,43,50,81,3,4,0,277,4.19,1.42,.229,5.08,3990
Paul Blackburn,Athletics,10,58.2,238,58,44,9,0,5,2,22,21,16,22,1,1,0,174,3.22,1.26,.262,4.35,14739
Doug Fister,Red Sox,15,84.0,362,80,52,17,2,9,4,50,44,32,79,3,1,1,252,4.71,1.36,.246,4.25,9425
David Price,Red Sox,11,66.0,285,62,40,14,0,8,6,30,28,22,63,4,2,0,198,3.82,1.27,.239,3.92,3184
Jose Urena,Marlins,28,154.1,659,134,82,25,3,24,13,73,68,57,105,14,4,1,463,3.97,1.26,.229,3.90,11589
Odrisamer Despaigne,Marlins,8,44.1,194,42,31,8,1,2,4,25,20,17,23,2,1,0,133,4.06,1.35,.241,3.73,16017
Nate Karns,Royals,8,44.2,182,39,24,5,1,9,5,17,17,10,49,2,2,0,132,3.43,1.12,.231,3.25,12638
Zach Davies,Brewers,33,191.1,817,204,141,36,7,20,24,90,83,52,124,9,2,0,574,3.90,1.35,.271,2.98,13183
Bud Norris,Angels,3,8.1,33,6,5,1,0,0,0,1,1,2,7,0,0,0,25,1.08,1.08,.200,2.95,9492
Wei-Yin Chen,Marlins,5,27.0,112,23,16,3,1,3,1,13,13,9,20,1,1,0,81,4.33,1.19,.225,2.94,13071
Robert Stephenson,Reds,11,58.0,254,48,29,13,1,5,7,28,22,34,56,1,4,0,174,3.41,1.45,.221,2.86,13594
Randall Delgado,Diamondbacks,5,25.0,99,25,16,6,1,2,2,8,7,5,24,0,0,0,75,2.52,1.20,.266,2.84,5985
Ross Stripling,Dodgers,2,5.0,19,2,2,0,0,0,0,0,0,2,5,0,0,0,15,0.00,0.80,.118,2.52,13273
Brandon Woodruff,Brewers,8,43.0,184,43,31,7,0,5,2,23,23,13,32,3,0,0,129,4.81,1.33,.257,2.27,16162
Aaron Wilkerson,Brewers,2,9.1,34,6,2,2,1,1,0,4,4,1,5,0,0,0,28,3.86,0.75,.182,2.08,16904
Matt Grace,Nationals,1,4.1,15,2,2,0,0,0,0,0,0,1,1,0,0,0,13,0.00,0.69,.143,2.05,11449
Aaron Slegers,Twins,3,14.2,58,10,7,0,0,3,0,10,9,5,9,0,0,0,42,5.52,1.02,.189,2.02,15231
Yusmeiro Petit,Angels,1,4.0,15,3,3,0,0,0,0,1,0,0,5,0,0,0,12,0.00,0.75,.200,1.96,4020
Daniel Wright,Angels,2,9.1,38,9,8,1,0,0,2,4,2,3,7,1,0,0,28,1.93,1.29,.265,1.76,15179
Chris Stratton,Giants,10,51.1,222,49,34,9,1,5,4,18,17,25,44,1,2,0,154,2.98,1.44,.250,1.40,13761
Eddie Butler,Cubs,11,51.1,223,47,30,13,1,3,3,22,22,25,29,2,2,0,154,3.86,1.44,.242,1.39,13453
J.C. Ramirez,Angels,24,142.1,596,142,97,24,1,20,7,69,65,47,102,6,5,0,427,4.11,1.33,.262,1.38,8302
Shelby Miller,Diamondbacks,4,22.0,99,20,12,7,0,1,0,10,10,11,20,0,1,1,66,4.09,1.45,.230,1.15,10197
Carson Fulmer,White Sox,5,18.2,82,14,11,0,0,3,1,9,9,11,16,1,0,2,54,4.34,1.34,.200,1.10,18311
Tyler Mahle,Reds,4,20.0,92,19,15,4,0,0,2,6,6,10,14,4,1,0,60,2.70,1.50,.247,.89,16358
Trevor Bauer,Indians,31,175.2,746,180,112,40,3,25,13,84,82,60,195,5,3,1,525,4.20,1.37,.264,.85,12703
Tyler Wilson,Orioles,1,6.0,23,6,5,0,0,1,1,3,3,0,1,0,0,1,18,4.50,1.00,.261,.74,12691
Jake Junis,Royals,16,93.0,395,95,62,17,2,14,9,48,43,20,73,8,3,1,279,4.16,1.24,.259,.71,13619
Deck McGuire,Reds,2,8.0,36,8,5,2,0,1,1,6,4,2,7,0,0,0,24,4.50,1.25,.235,.57,11596
Andrew Albers,Mariners,6,31.1,137,34,23,7,0,4,4,17,11,7,25,1,1,0,94,3.16,1.31,.264,.54,7853
Ryan Weber,Mariners,1,3.2,14,3,2,1,0,0,0,1,1,0,0,0,0,0,9,2.45,0.82,.214,.51,10160
Ryan Merritt,Indians,4,19.2,85,25,21,4,0,0,2,6,4,4,7,0,0,0,57,1.83,1.47,.309,.50,13688
Tyler Danish,White Sox,1,5.0,23,3,2,1,0,0,0,0,0,6,6,0,0,0,15,0.00,1.80,.176,.47,15126
Brandon Finnegan,Reds,4,13.0,59,9,6,2,0,1,0,6,6,13,16,0,1,0,39,4.15,1.69,.196,.41,16208
Austin Pruitt,Rays,8,43.0,175,40,18,14,0,8,4,20,20,9,31,2,0,0,129,4.19,1.14,.244,.28,15290
Andrew Triggs,Athletics,12,65.1,283,68,50,8,1,9,10,42,31,19,50,4,5,0,196,4.27,1.33,.262,.21,13533
Francis Martes,Astros,4,17.2,76,15,8,6,0,1,1,8,8,10,21,2,1,0,51,4.08,1.42,.234,.03,17303
Gabriel Ynoa,Orioles,4,20.0,84,22,14,6,0,2,3,11,10,5,13,1,0,0,60,4.50,1.35,.282,-.02,12938
Collin McHugh,Astros,12,63.1,271,62,34,21,0,7,5,27,25,20,62,5,4,0,190,3.55,1.29,.252,-.06,7531
Bryan Mitchell,Yankees,1,5.0,23,6,4,2,0,0,2,2,1,2,2,0,0,0,15,1.80,1.60,.286,-.11,11479
Jayson Aquino,Orioles,2,11.1,49,11,6,3,0,2,2,6,5,3,9,0,1,0,34,3.97,1.24,.239,-.12,13150
Chad Green,Yankees,1,2.0,9,2,0,2,0,0,0,2,2,1,3,0,0,0,6,9.00,1.50,.250,-.21,15552
Jacob Turner,Nationals,2,11.1,48,11,8,0,1,2,0,6,6,4,7,1,0,0,34,4.76,1.32,.256,-.22,10185
Luiz Gohara,Braves,5,29.1,123,32,16,13,1,2,4,17,16,8,31,0,1,0,88,4.91,1.36,.278,-.25,15166
Dan Straily,Marlins,33,181.2,769,176,99,41,5,31,5,90,86,56,170,5,2,0,543,4.26,1.30,.250,-.27,9460
Raul Alcantara,Athletics,4,15.0,66,13,7,3,0,3,4,12,12,7,10,1,0,0,45,7.20,1.33,.224,-.29,12790
Masahiro Tanaka,Yankees,30,178.1,752,180,103,42,0,35,16,100,94,40,194,7,7,0,535,4.74,1.24,.256,-.33,15764
Alex Claudio,Rangers,1,4.0,16,4,2,0,0,2,0,3,3,0,1,0,0,0,12,6.75,1.00,.250,-.67,12890
Julio Urias,Dodgers,5,23.1,102,23,16,5,1,1,2,15,14,13,11,1,1,1,70,5.40,1.59,.264,-.67,14765
Jeremy Jeffress,Brewers,1,2.0,10,4,3,1,0,0,0,2,2,0,0,0,0,0,6,9.00,2.00,.400,-.71,9490
Chris Volstad,White Sox,2,11.0,46,9,4,2,0,3,0,9,9,5,5,0,0,0,33,7.36,1.27,.220,-.72,9901
Carlos Rodon,White Sox,12,69.1,297,64,38,14,0,12,5,35,32,31,76,3,4,0,208,4.15,1.37,.243,-.79,16137
Jaime Garcia,- - -,27,157.0,673,157,94,43,2,18,19,86,77,59,129,1,8,3,471,4.41,1.41,.258,-.83,8137
Jason Vargas,Royals,32,179.2,756,181,117,33,4,27,16,84,83,56,134,5,6,1,537,4.16,1.33,.261,-.85,8044
Matt Wisler,Braves,1,6.0,27,6,2,2,1,1,0,4,4,3,7,0,0,0,18,6.00,1.50,.250,-.94,12804
Seth Lugo,Mets,18,98.1,424,112,76,22,2,12,10,56,52,23,82,2,2,1,295,4.76,1.38,.281,-.96,12447
Caleb Smith,Yankees,2,7.0,33,8,5,2,0,1,0,6,6,4,6,0,0,0,21,7.71,1.71,.276,-.98,14875
Jarred Cosart,Padres,6,23.1,108,25,21,3,1,0,3,13,11,16,15,2,1,1,70,4.24,1.76,.278,-.99,10304
Troy Scribner,Angels,4,16.2,70,11,3,2,0,6,1,11,8,7,15,2,0,0,48,4.32,1.08,.180,-1.22,15570
Steven Brault,Pirates,4,18.0,81,19,13,3,0,3,0,9,9,8,13,1,0,0,54,4.50,1.50,.264,-1.23,15291
Tyler Pill,Mets,3,16.1,75,19,11,5,1,2,2,12,9,4,14,1,0,0,49,4.96,1.53,.279,-1.24,12751
Jesse Hahn,Athletics,13,63.2,290,71,52,12,3,4,11,44,39,26,52,3,2,0,189,5.51,1.52,.272,-1.30,13287
Dayan Diaz,Astros,1,2.2,12,4,2,1,0,1,0,3,3,0,3,0,0,0,6,10.13,1.50,.333,-1.42,11543
Robert Whalen,Mariners,1,5.1,25,7,6,0,0,1,0,5,5,2,0,2,0,0,16,8.44,1.69,.333,-1.54,14165
Michael Pineda,Yankees,17,96.1,410,103,69,14,0,20,11,55,47,21,92,2,5,1,289,4.39,1.29,.266,-1.66,5372
Timothy Melville,Twins,1,3.1,18,4,2,1,0,1,0,5,5,3,4,1,0,0,10,13.50,2.10,.286,-1.67,9149
Dillon Peters,Marlins,6,31.1,139,32,24,5,0,3,1,18,18,18,27,2,3,0,94,5.17,1.63,.271,-1.73,18790
Reynaldo Lopez,White Sox,8,47.2,207,49,33,6,3,7,2,29,25,14,30,1,3,0,141,4.72,1.32,.255,-1.74,16400
Paolo Espino,Brewers,2,8.0,38,10,6,2,0,2,0,6,5,2,6,1,0,0,24,5.63,1.50,.286,-1.77,8246
Dietrich Enns,Twins,1,2.1,14,5,4,0,0,1,1,2,1,1,0,0,0,0,7,3.86,2.57,.385,-1.80,13932
John Gant,Cardinals,2,8.0,37,10,7,1,1,1,2,5,5,4,3,1,0,0,24,5.63,1.88,.323,-1.81,13684
Miguel Diaz,Padres,3,7.2,35,7,3,1,1,2,1,4,4,5,7,0,0,0,21,4.70,1.57,.233,-1.85,18815
Kyle Lloyd,Padres,1,4.0,20,6,3,2,0,1,1,4,4,2,2,0,0,0,12,9.00,2.00,.333,-1.86,15378
Erasmo Ramirez,- - -,19,100.2,426,103,57,27,0,19,7,59,53,23,86,2,1,0,300,4.74,1.27,.258,-1.90,10314
Max Fried,Braves,4,18.1,85,23,17,3,1,2,5,11,7,6,16,3,0,0,55,3.44,1.58,.303,-1.94,13743
Hisashi Iwakuma,Mariners,6,31.0,128,27,13,7,0,7,2,16,15,12,16,2,1,0,93,4.35,1.26,.237,-1.98,13048
Hector Santiago,Twins,14,69.1,305,68,49,6,0,13,1,42,42,30,50,5,0,1,208,5.45,1.41,.252,-2.02,4026
Matt Shoemaker,Angels,14,77.2,326,73,43,13,2,15,5,41,39,28,69,4,2,1,231,4.52,1.30,.248,-2.04,4776
Jackson Stephens,Reds,4,18.2,78,17,9,2,0,6,1,13,13,7,18,0,1,0,54,6.27,1.29,.239,-2.06,14420
Miguel Castro,Orioles,1,3.1,17,6,4,1,0,1,0,3,3,1,3,0,1,0,10,8.10,2.10,.375,-2.09,15684
Brock Stewart,Dodgers,4,13.2,67,14,10,2,0,2,1,13,8,11,10,0,0,0,39,5.27,1.90,.255,-2.19,16727
Jack Flaherty,Cardinals,5,20.1,91,23,16,2,1,4,1,15,15,9,20,1,0,0,61,6.64,1.62,.288,-2.27,17479
Hector Velazquez,Red Sox,3,14.1,60,17,10,3,0,4,2,8,8,4,11,0,0,0,43,5.02,1.47,.304,-2.34,19341
Chris O'Grady,Marlins,6,26.1,117,26,14,6,2,4,2,16,16,14,26,1,0,1,79,5.47,1.56,.257,-2.34,13818
Jen-Ho Tseng,Cubs,1,3.0,17,5,2,1,0,2,1,5,5,1,6,1,0,0,9,15.00,2.00,.333,-2.45,15524
Zach Lee,Padres,1,5.1,22,2,5,2,0,1,0,0,0,4,3,0,0,0,16,0.00,1.13,.111,-2.45,11468
Henderson Alvarez,Phillies,3,14.2,67,14,8,3,1,2,0,7,7,10,6,0,0,1,42,4.30,1.70,.250,-2.49,5669
A.J. Cole,Nationals,8,44.1,198,45,31,6,1,7,5,20,19,24,41,3,0,0,133,3.86,1.56,.263,-2.53,11467
Brian Johnson,Red Sox,5,27.0,121,32,19,8,0,5,5,13,13,7,21,0,0,0,81,4.33,1.48,.283,-2.53,14272
Matt Strahm,Royals,3,11.2,53,16,11,3,0,2,1,11,10,2,11,1,1,0,33,7.71,1.54,.320,-2.64,13799
Sean Newcomb,Braves,19,100.0,456,100,64,21,5,10,6,51,48,51,108,6,3,0,300,4.32,1.57,.254,-2.70,16943
Julio Teheran,Braves,32,188.1,812,186,119,31,5,31,25,103,94,69,151,7,6,0,565,4.49,1.37,.254,-2.78,6797
Kendall Graveman,Athletics,19,105.1,444,114,76,22,4,12,11,50,49,31,70,4,5,0,316,4.19,1.39,.279,-2.90,15514
Artie Lewicki,Tigers,1,5.0,26,11,9,1,0,1,0,5,5,1,1,0,0,0,15,9.00,2.40,.440,-2.94,16731
Ariel Miranda,Mariners,29,158.0,666,136,71,27,3,35,10,88,86,61,135,5,8,0,474,4.90,1.25,.227,-2.97,17526
Alec Asher,Orioles,6,29.2,130,31,18,7,1,5,2,23,23,8,22,3,2,0,87,6.98,1.35,.263,-3.01,13560
Andrew Moore,Mariners,9,51.1,211,53,28,12,0,13,1,31,30,6,23,1,0,0,154,5.26,1.15,.260,-3.03,17553
T.J. McFarland,Diamondbacks,1,0.1,8,5,4,1,0,0,0,7,7,2,0,0,0,0,1,189.00,21.00,.833,-3.09,3237
Onelki Garcia,Royals,1,0.1,6,4,1,2,1,0,0,4,4,1,0,0,0,0,1,108.00,15.00,.800,-3.17,13674
Chris Heston,Mariners,1,3.0,20,7,5,1,0,1,3,7,6,4,2,0,0,0,9,18.00,3.67,.438,-3.28,10302
Chris Rowley,Blue Jays,3,13.2,64,14,8,1,3,2,0,7,7,9,7,0,1,1,39,4.61,1.68,.255,-3.67,18820
Aaron Blair,Braves,1,3.0,19,5,2,1,1,1,0,5,5,5,3,0,1,0,9,15.00,3.33,.357,-3.74,14934
Ty Blach,Giants,24,149.2,633,168,111,34,6,17,11,84,80,33,70,0,3,0,447,4.81,1.36,.281,-3.79,14361
Luke Farrell,Royals,1,2.2,18,7,5,1,0,1,1,5,5,3,2,0,0,0,6,16.88,3.75,.467,-3.83,15101
Austin Bibens-Dirkx,Rangers,6,34.1,142,32,15,7,0,10,1,18,18,9,15,1,2,0,103,4.72,1.19,.242,-3.83,9559
Dillon Overton,- - -,2,8.0,39,13,8,3,0,2,2,6,5,2,5,1,1,0,24,5.63,2.00,.371,-3.85,15627
Casey Lawrence,Blue Jays,2,11.1,58,18,12,4,0,2,2,11,10,5,5,0,0,0,34,7.94,2.12,.346,-4.30,11121
Sean Manaea,Athletics,29,158.2,692,167,109,35,5,18,12,88,77,54,140,10,8,0,474,4.37,1.40,.266,-4.31,15873
Tyler Skaggs,Angels,16,85.0,365,90,58,19,0,13,7,46,43,28,76,6,5,2,255,4.55,1.39,.272,-4.40,10190
Cody Reed,Reds,1,2.0,15,4,1,1,0,2,0,7,7,4,3,0,2,0,6,31.50,4.50,.400,-4.46,15232
Chad Bettis,Rockies,9,46.1,200,52,31,11,2,8,4,27,26,11,30,1,3,0,139,5.05,1.36,.277,-4.56,10587
Ivan Nova,Pirates,31,187.0,785,203,129,40,5,29,10,96,86,34,131,7,8,0,561,4.14,1.28,.274,-4.56,1994
Chad Kuhl,Pirates,31,157.1,680,159,96,41,5,17,9,81,76,65,142,6,8,1,472,4.35,1.47,.264,-4.61,14975
Braden Shipley,Diamondbacks,3,12.1,64,16,8,6,1,1,2,11,10,11,7,0,0,0,37,7.30,2.19,.302,-4.72,15158
Anthony Banda,Diamondbacks,4,19.2,90,23,10,9,3,1,1,16,16,7,19,3,2,0,57,7.32,1.58,.291,-4.75,14706
Jameson Taillon,Pirates,25,133.2,587,152,99,38,4,11,14,69,66,43,125,4,7,0,399,4.44,1.48,.283,-4.90,11674
Sal Romano,Reds,16,87.0,384,91,53,27,2,9,7,49,43,35,73,4,5,0,261,4.45,1.47,.265,-4.96,13690
Jeff Hoffman,Rockies,16,90.1,393,93,54,20,6,13,7,54,53,32,71,4,2,0,271,5.28,1.39,.261,-4.98,17432
Jeremy Guthrie,Nationals,1,0.2,12,6,4,1,1,0,0,10,10,4,0,0,0,0,0,135.00,15.00,.750,-5.02,2072
Kyle Kendrick,Red Sox,2,8.1,45,18,13,4,0,1,3,12,12,3,3,0,0,0,25,12.96,2.52,.429,-5.04,6230
Mike Bolsinger,Blue Jays,5,25.2,123,27,18,6,0,3,2,18,16,19,21,3,2,0,75,5.61,1.79,.267,-5.10,11137
Felix Hernandez,Mariners,16,86.2,368,86,50,19,0,17,13,46,42,26,78,6,8,0,258,4.36,1.29,.256,-5.18,4772
Luis Cessa,Yankees,5,21.2,100,22,9,7,1,5,1,16,14,11,20,3,0,0,63,5.82,1.52,.256,-5.20,13345
Drew VerHagen,Tigers,2,8.2,41,13,5,5,1,2,1,8,8,3,4,0,1,0,24,8.31,1.85,.342,-5.20,13424
Clay Buchholz,Phillies,2,7.1,40,16,10,5,0,1,0,10,10,3,5,0,0,0,22,12.27,2.59,.432,-5.23,3543
Adam Wainwright,Cardinals,23,121.1,537,137,92,27,4,14,10,72,69,40,96,5,2,0,364,5.12,1.49,.281,-5.50,2233
Josh Tomlin,Indians,26,141.0,585,166,101,41,1,23,9,80,78,14,109,4,1,0,423,4.98,1.28,.293,-5.53,9388
Ben Lively,Phillies,15,88.2,372,90,47,27,3,13,6,45,42,23,52,8,1,1,264,4.26,1.29,.265,-5.54,14932
Aaron Sanchez,Blue Jays,8,36.0,167,42,29,7,0,6,9,24,17,20,24,1,1,0,108,4.25,1.72,.288,-5.62,11490
Cesar Valdez,- - -,4,15.1,72,23,11,9,1,2,1,17,16,5,11,0,0,1,46,9.39,1.89,.348,-5.62,9013
Kyle Freeland,Rockies,28,149.2,661,163,112,31,3,17,28,76,69,57,99,8,1,2,447,4.15,1.50,.275,-5.65,16256
Antonio Senzatela,Rockies,20,111.0,472,115,70,23,4,18,7,64,62,38,79,4,1,2,333,5.03,1.39,.268,-5.66,15488
Joe Biagini,Blue Jays,18,88.0,391,100,66,18,4,12,9,63,56,30,70,0,3,0,264,5.73,1.48,.277,-5.69,13194
Hyun-Jin Ryu,Dodgers,24,122.2,527,126,75,27,2,22,11,58,53,41,114,4,4,1,366,3.89,1.39,.263,-5.73,14444
Jake Thompson,Phillies,8,41.1,185,44,26,10,0,8,4,22,15,18,32,5,1,0,124,3.27,1.50,.272,-5.81,14371
Scott Feldman,Reds,21,111.1,472,116,72,20,3,21,3,62,59,33,93,6,3,0,334,4.77,1.36,.269,-5.87,6283
Chase DeJong,Mariners,4,19.2,92,27,18,4,1,4,2,17,17,8,9,0,0,0,57,7.78,1.78,.321,-5.88,15036
Chris R Young,Royals,2,6.2,36,13,8,2,0,3,0,9,9,4,5,0,0,0,18,12.15,2.70,.419,-6.02,3196
Lisalverto Bonilla,Reds,4,20.2,96,23,13,5,0,5,5,18,18,13,10,1,1,0,60,7.84,1.74,.280,-6.07,11266
Myles Jaye,Tigers,2,5.1,35,12,7,2,1,2,0,13,12,4,3,1,0,0,16,20.25,3.00,.400,-6.14,11769
Jeff Locke,Marlins,7,32.0,152,42,29,6,3,4,3,30,29,12,26,0,3,0,96,8.16,1.78,.307,-6.14,2929
Marco Estrada,Blue Jays,33,186.0,806,186,102,49,4,31,8,104,103,71,176,2,1,0,558,4.98,1.38,.254,-6.24,1118
Buck Farmer,Tigers,11,48.0,219,55,35,11,0,9,5,38,36,20,49,4,1,0,144,6.75,1.56,.282,-6.26,14814
Wily Peralta,Brewers,8,40.0,177,45,23,14,0,8,6,28,27,16,32,1,1,0,120,6.08,1.55,.283,-6.49,7738
Mat Latos,Blue Jays,3,15.0,70,19,8,6,0,5,1,11,11,7,10,1,1,0,45,6.60,1.80,.311,-6.55,3815
Felix Jorge,Twins,2,7.2,36,14,7,2,1,4,0,9,9,2,4,0,0,0,21,10.57,2.09,.412,-6.63,14532
Rafael Montero,Mets,18,95.2,433,110,82,19,0,9,15,55,54,45,89,5,6,1,285,5.08,1.65,.289,-6.64,12760
Erick Fedde,Nationals,3,15.1,76,25,18,2,0,5,2,16,16,6,15,1,0,0,46,9.39,2.15,.373,-6.65,17425
David Holmberg,White Sox,7,28.2,133,30,16,7,0,7,3,23,17,17,18,2,0,0,84,5.34,1.64,.263,-6.68,7725
Samuel Gaviglio,- - -,13,70.1,295,72,40,16,1,15,2,39,34,23,44,3,1,2,211,4.35,1.36,.269,-6.80,12778
Matt Andriese,Rays,17,83.0,363,89,52,21,0,16,6,48,43,26,76,4,3,2,249,4.66,1.40,.268,-6.84,12022
Tyler Chatwood,Rockies,25,136.1,582,127,73,26,9,19,5,74,72,69,109,2,7,2,409,4.75,1.45,.250,-6.85,4338
A.J. Griffin,Rangers,15,72.0,312,69,34,17,0,18,4,45,44,27,58,4,1,0,216,5.50,1.33,.246,-6.91,11132
John Lackey,Cubs,30,169.2,726,163,97,28,2,36,10,92,86,50,148,12,11,1,507,4.56,1.27,.247,-7.18,1507
Eric Skoglund,Royals,5,14.0,73,25,15,9,0,1,0,16,15,9,11,0,0,0,42,9.64,2.43,.391,-7.32,16155
David Paulino,Astros,6,29.0,128,36,19,9,0,8,0,21,21,7,34,0,5,0,87,6.52,1.48,.298,-7.38,17418
Michael Blazek,Brewers,1,2.1,15,7,0,1,0,6,0,8,8,1,4,0,0,0,7,30.86,3.43,.500,-7.49,9654
Trevor Cahill,- - -,14,72.0,321,76,50,14,2,10,15,39,35,32,78,3,15,0,216,4.38,1.51,.267,-7.55,6249
Christian Bergman,Mariners,8,42.2,184,52,36,4,1,11,1,28,27,13,28,1,0,0,126,5.70,1.52,.306,-7.55,10925
Tyler Anderson,Rockies,15,81.0,344,86,46,22,2,16,8,48,46,25,74,2,4,2,243,5.11,1.37,.271,-7.78,12880
Lucas Sims,Braves,10,51.1,231,59,34,14,2,9,3,34,33,19,39,4,0,0,154,5.79,1.56,.286,-7.87,13470
German Marquez,Rockies,29,162.0,701,174,105,37,7,25,16,82,79,46,147,8,6,0,486,4.39,1.38,.270,-8.01,15038
Vincent Velasquez,Phillies,15,72.0,315,74,43,15,1,15,1,44,41,33,68,3,2,1,216,5.13,1.50,.266,-8.02,11189
Matt Garza,Brewers,22,112.0,495,120,74,25,4,17,7,72,63,41,77,1,4,0,336,5.06,1.47,.267,-8.02,3340
Zack Wheeler,Mets,17,86.1,386,97,66,15,1,15,9,53,50,39,81,3,1,0,259,5.21,1.59,.283,-8.05,10310
Jerad Eickhoff,Phillies,24,128.0,576,142,91,35,0,16,12,74,67,49,118,5,6,1,384,4.71,1.52,.274,-8.12,12664
Patrick Corbin,Diamondbacks,32,187.0,815,206,126,47,7,26,14,97,85,51,176,3,10,0,561,4.09,1.42,.274,-8.12,9323
Edwin Jackson,Nationals,13,71.0,310,75,42,14,1,18,5,46,40,23,58,0,3,0,213,5.07,1.41,.263,-8.13,1841
Ian Kennedy,Royals,30,154.0,655,143,75,31,3,34,5,99,92,59,131,5,4,1,462,5.38,1.32,.243,-8.17,6986
Justin Nicolino,Marlins,8,32.2,157,47,32,9,1,5,5,24,19,10,19,1,0,0,96,5.23,1.84,.329,-8.18,11754
Chad Bell,Tigers,4,15.1,80,27,19,4,0,4,3,16,16,9,15,1,0,0,46,9.39,2.35,.386,-8.24,10297
Phil Hughes,Twins,9,47.0,210,60,36,14,0,10,1,33,30,10,30,1,0,0,141,5.74,1.51,.303,-8.25,7450
Nick Martinez,Rangers,18,99.2,422,106,64,18,1,23,8,66,63,24,60,2,3,0,297,5.69,1.30,.268,-8.32,12730
Mike Foltynewicz,Braves,28,152.0,683,166,107,37,3,19,9,84,80,57,139,10,4,0,456,4.74,1.48,.270,-8.51,10811
Dillon Gee,- - -,4,16.0,77,23,11,5,0,7,1,14,14,8,13,0,0,0,48,7.88,1.94,.333,-8.60,7396
Adam Wilk,- - -,2,7.0,41,16,7,5,0,4,0,12,11,4,4,0,0,0,21,14.14,2.86,.432,-8.67,8421
R.A. Dickey,Braves,31,190.0,815,193,116,46,5,26,22,99,90,64,136,10,13,2,570,4.26,1.37,.262,-8.82,1245
Tyson Ross,Rangers,10,46.0,220,46,29,11,0,6,1,40,36,35,35,6,4,0,138,7.04,1.76,.257,-8.82,7872
Jesse Chavez,Angels,21,113.1,484,120,72,21,3,24,5,67,66,38,86,2,0,0,340,5.24,1.41,.271,-8.90,5448
Tommy Milone,- - -,8,35.0,162,48,28,9,1,10,1,30,28,7,32,0,0,0,105,7.20,1.66,.316,-9.04,7608
Nick Tepesch,- - -,4,15.2,80,22,11,5,0,6,1,15,9,8,9,3,0,0,45,5.17,1.98,.324,-9.23,11716
Miguel Gonzalez,- - -,27,156.0,684,167,101,39,5,22,13,88,80,53,100,6,1,0,468,4.62,1.42,.268,-9.29,7024
Jason Hammel,Royals,32,180.1,804,209,146,35,2,26,14,109,106,46,145,9,7,1,541,5.29,1.43,.280,-9.38,4538
Steven Matz,Mets,13,66.2,298,83,55,14,2,12,7,46,45,17,48,3,1,0,198,6.08,1.53,.301,-9.43,13361
Joe Ross,Nationals,13,73.2,323,88,54,17,1,16,3,44,41,18,68,1,2,0,219,5.01,1.47,.291,-9.55,12972
Luis Perdomo,Padres,29,163.2,716,182,126,39,0,17,23,97,85,62,118,8,11,2,489,4.67,1.51,.283,-9.61,14682
Adalberto Mejia,Twins,21,98.0,443,110,67,28,2,13,11,52,49,40,85,5,2,2,294,4.50,1.57,.279,-9.65,13188
Jordan Lyles,Padres,5,23.0,113,35,20,9,1,5,1,24,24,10,22,0,2,0,69,9.39,1.96,.340,-9.79,7593
Junior Guerra,Brewers,14,64.0,290,58,33,8,1,16,4,41,37,41,55,4,5,0,192,5.20,1.55,.237,-9.88,5702
Brett Anderson,- - -,13,55.1,251,73,44,23,1,5,10,41,39,21,38,0,2,0,166,6.34,1.70,.317,-9.90,8223
Daniel Norris,Tigers,18,94.2,428,112,72,24,5,11,11,59,55,37,82,3,1,0,282,5.23,1.61,.291,-9.93,13475
Johnny Cueto,Giants,25,147.1,648,160,98,35,5,22,10,77,74,51,136,8,4,1,442,4.52,1.45,.273,-10.08,6893
Anibal Sanchez,Tigers,17,84.1,376,105,70,17,1,17,7,55,54,19,82,4,2,1,253,5.76,1.48,.298,-10.16,3284
Nik Turley,Twins,3,9.1,54,23,10,10,0,3,0,17,17,3,7,1,0,0,28,16.39,2.89,.469,-10.71,5530
Francisco Liriano,Blue Jays,18,82.2,375,91,55,22,3,11,8,57,54,42,74,2,4,1,246,5.88,1.62,.276,-10.74,3201
Andrew Heaney,Angels,5,21.2,101,27,12,2,1,12,1,17,17,9,27,0,2,0,63,7.06,1.66,.293,-11.03,15423
Joe Musgrove,Astros,15,78.0,342,95,62,14,3,16,5,54,53,23,67,2,2,0,234,6.12,1.51,.300,-11.12,12970
Rookie Davis,Reds,6,22.0,112,34,20,8,0,6,1,23,21,13,18,1,2,0,66,8.59,2.14,.347,-11.73,14962
Jeremy Hellickson,- - -,30,164.0,695,160,81,41,3,35,6,105,99,45,96,8,4,1,492,5.43,1.26,.250,-11.75,4371
Marco Gonzales,- - -,8,33.0,156,52,37,5,2,8,1,27,27,10,24,1,1,0,99,7.36,1.88,.359,-12.09,15467
Zach Eflin,Phillies,11,64.1,280,79,49,14,0,16,1,45,44,12,35,5,2,0,193,6.16,1.41,.300,-12.16,13774
James Shields,White Sox,21,117.0,516,116,64,22,3,27,8,72,68,50,103,3,5,0,351,5.23,1.44,.252,-12.22,7059
Chris M Smith,Athletics,9,46.2,208,50,23,11,1,15,5,39,36,18,27,1,3,0,138,6.94,1.46,.265,-12.29,4544
Matt Cain,Giants,23,119.1,539,148,105,25,2,16,10,77,67,39,73,1,2,0,358,5.05,1.61,.300,-12.30,4732
Matt Boyd,Tigers,25,133.2,599,156,100,32,6,18,12,83,78,48,108,3,2,0,399,5.25,1.55,.286,-13.13,15440
Vance Worley,Marlins,12,52.1,241,69,42,18,1,8,2,44,43,20,31,5,1,0,157,7.39,1.74,.322,-13.36,6435
Jered Weaver,Padres,9,42.1,191,51,26,9,0,16,4,41,35,12,23,4,0,0,127,7.44,1.49,.291,-13.41,4235
Kevin Gausman,Orioles,34,186.2,816,208,138,39,2,29,15,99,97,71,179,5,8,1,558,4.68,1.49,.281,-13.55,14107
Martin Perez,Rangers,32,185.0,811,221,157,39,2,23,29,108,99,60,115,6,4,0,555,4.82,1.54,.298,-13.56,6902
Asher Wojciechowski,Reds,8,35.1,165,51,26,12,2,11,0,35,33,7,37,4,0,0,106,8.41,1.64,.331,-13.69,10836
Tim Adleman,Reds,20,105.1,457,109,54,31,0,24,4,68,64,43,93,5,0,1,316,5.47,1.45,.267,-13.72,10968
Steven Wright,Red Sox,5,24.0,114,40,21,9,1,9,4,24,22,4,13,2,1,0,72,8.25,1.88,.374,-13.86,8185
Tom Koehler,- - -,13,60.2,283,71,46,10,0,15,4,51,50,29,51,7,1,0,180,7.42,1.70,.291,-13.91,6570
Adam Conley,Marlins,20,100.2,454,112,72,17,5,18,6,73,69,38,71,7,5,0,300,6.17,1.53,.277,-13.99,14457
Robert Gsellman,Mets,22,115.2,534,134,84,29,4,17,17,84,68,38,78,8,4,0,345,5.29,1.51,.276,-14.27,13696
Kyle Gibson,Twins,29,158.0,693,182,123,32,3,24,12,93,89,60,121,6,4,0,474,5.07,1.53,.290,-15.32,10123
Jharel Cotton,Athletics,24,129.0,566,133,76,29,0,28,10,91,80,52,105,4,9,2,387,5.58,1.44,.261,-15.39,13654
Mike Fiers,Astros,28,152.1,666,155,96,24,3,32,12,93,87,61,146,13,11,1,457,5.14,1.42,.262,-15.41,7754
Chris Flexen,Mets,9,41.2,199,53,32,11,0,10,4,37,36,29,28,2,1,0,123,7.78,1.97,.315,-15.41,13896
Nick Pivetta,Phillies,26,133.0,584,144,89,27,3,25,9,91,89,57,140,4,11,2,399,6.02,1.51,.275,-15.71,15454
Homer Bailey,Reds,18,91.0,420,112,70,31,0,11,10,67,65,40,67,8,4,0,273,6.43,1.69,.303,-16.73,8362
Travis Wood,- - -,14,65.1,302,84,51,16,1,16,7,56,51,27,44,1,0,0,196,7.03,1.70,.307,-16.76,9884
Rick Porcello,Red Sox,33,203.1,885,236,140,54,3,38,19,125,105,47,181,6,5,0,610,4.65,1.40,.284,-17.78,2717
Clayton Richard,Padres,32,197.1,858,240,160,48,8,24,24,114,105,53,151,8,7,1,592,4.79,1.52,.303,-17.82,3551
Amir Garrett,Reds,14,67.1,306,70,37,13,1,23,4,58,56,34,61,2,1,0,202,7.49,1.57,.261,-18.07,14375
Dylan Covey,White Sox,12,58.2,262,70,38,15,1,16,4,50,50,26,34,1,5,1,174,7.67,1.65,.299,-18.07,14825
Yovani Gallardo,Mariners,22,114.2,516,129,81,23,1,24,13,81,80,52,84,2,6,0,342,6.28,1.59,.280,-18.80,8173
Matt Harvey,Mets,18,88.2,414,106,72,14,1,19,11,67,66,42,65,6,6,1,264,6.70,1.70,.292,-19.56,11713
Ricky Nolasco,Angels,33,181.0,787,205,117,52,1,35,19,102,99,55,143,3,4,0,543,4.92,1.45,.282,-19.91,3830
Wade Miley,Orioles,32,157.1,728,179,122,30,2,25,15,104,98,92,142,4,1,0,472,5.61,1.73,.284,-21.11,8779
Mark Leiter,Phillies,11,60.2,265,68,55,15,2,18,5,42,35,15,55,5,1,0,180,5.19,1.37,.278,-22.75,15551
Tyler Glasnow,Pirates,13,57.0,282,79,43,20,3,13,6,58,50,33,53,2,2,0,171,7.89,2.00,.322,-22.80,14374
Daniel Gossett,Athletics,18,91.1,414,116,67,27,1,21,8,67,62,31,72,0,10,0,274,6.11,1.61,.303,-23.41,16164
Matt Moore,Giants,31,172.1,783,199,119,44,9,27,24,116,107,64,147,7,10,0,517,5.59,1.54,.281,-23.95,1890
Bronson Arroyo,Reds,14,71.0,322,94,43,27,1,23,2,59,58,17,45,2,1,0,213,7.35,1.59,.312,-25.03,978
Jordan Zimmermann,Tigers,29,160.0,713,204,128,41,6,29,9,111,108,42,103,7,3,0,480,6.08,1.55,.308,-28.93,4505
Mike Pelfrey,White Sox,21,100.1,457,107,77,22,3,25,11,75,67,51,64,7,1,0,301,6.01,1.61,.271,-30.75,5203
Ubaldo Jimenez,Orioles,25,125.0,575,154,85,34,3,32,8,101,100,54,118,5,2,0,375,7.20,1.66,.298,-32.39,3374
Bartolo Colon,- - -,28,143.0,648,192,110,50,4,28,19,112,103,35,89,1,1,1,429,6.48,1.59,.314,-32.42,375
Derek Holland,White Sox,26,133.2,617,153,89,30,4,30,15,102,89,71,102,8,7,0,399,5.99,1.69,.285,-32.57,4141
Chris Tillman,Orioles,19,85.1,411,118,70,25,0,23,6,82,77,48,58,2,11,0,256,8.12,1.95,.327,-37.32,5279
